bank_id,branch_id,acct_id,first_name
bank_2,1,0,Aaron
bank_2,1,1,Teresa
bank_2,1,2,Zachary
bank_2,1,3,Marvin
bank_2,1,4,Adam
bank_2,1,5,David
bank_2,1,6,Matthew
bank_2,1,7,Crystal
bank_2,1,8,Rebecca
bank_2,1,9,Jason
bank_2,1,10,Alexa
bank_2,1,11,Kayla
bank_2,1,12,Joel
bank_2,1,13,Amy
bank_2,1,14,David
bank_2,1,15,Marvin
bank_2,1,16,Gregory
bank_2,1,17,Heather
bank_2,1,18,Jennifer
bank_2,1,19,Amanda
bank_2,1,20,Monica
bank_2,1,21,Nathan
bank_2,1,22,Jermaine
bank_2,1,23,Joseph
bank_2,1,24,Kyle
bank_2,1,25,Yvonne
bank_2,1,26,Scott
bank_2,1,27,Sherri
bank_2,1,28,Holly
bank_2,1,29,Matthew
bank_2,1,30,Kevin
bank_2,1,31,Brenda
bank_2,1,32,Carolyn
bank_2,1,33,William
bank_2,1,34,Aaron
bank_2,1,35,Bryan
bank_2,1,36,Sarah
bank_2,1,37,Joe
bank_2,1,38,Michael
bank_2,1,39,Carla
bank_2,1,40,Chris
bank_2,1,41,Dawn
bank_2,1,42,Richard
bank_2,1,43,Renee
bank_2,1,44,Ryan
bank_2,1,45,Kari
bank_2,1,46,Robert
bank_2,1,47,Amber
bank_2,1,48,Kirsten
bank_2,1,49,Bonnie
bank_2,1,50,Alejandro
bank_2,1,51,Jason
bank_2,1,52,Frederick
bank_2,1,53,George
bank_2,1,54,Susan
bank_2,1,55,Darrell
bank_2,1,56,Linda
bank_2,1,57,Victor
bank_2,1,58,Jessica
bank_2,1,59,Ricky
bank_2,1,60,Christina
bank_2,1,61,Michael
bank_2,1,62,Colleen
bank_2,1,63,Stephanie
bank_2,1,64,Melinda
bank_2,1,65,Elizabeth
bank_2,1,66,Jennifer
bank_2,1,67,Monica
bank_2,1,68,Miranda
bank_2,1,69,Andrew
bank_2,1,70,Tina
bank_2,1,71,Mary
bank_2,1,72,Edward
bank_2,1,73,Laura
bank_2,1,74,Elizabeth
bank_2,1,75,Riley
bank_2,1,76,Lisa
bank_2,1,77,Steven
bank_2,1,78,Chelsea
bank_2,1,79,Rhonda
bank_2,1,80,Allison
bank_2,1,81,Faith
bank_2,1,82,Kathy
bank_2,1,83,Peggy
bank_2,1,84,Joshua
bank_2,1,85,Jacqueline
bank_2,1,86,Charles
bank_2,1,87,Sandra
bank_2,1,88,Timothy
bank_2,1,89,Amy
bank_2,1,90,Lisa
bank_2,1,91,Stephen
bank_2,1,92,Gregory
bank_2,1,93,Christina
bank_2,1,94,Lori
bank_2,1,95,Nicole
bank_2,1,96,Karen
bank_2,1,97,Karen
bank_2,1,98,Kristin
bank_2,1,99,Molly
bank_2,1,100,Nathan
bank_2,1,101,Brian
bank_2,1,102,Jeffrey
bank_2,1,103,Tracy
bank_2,1,104,Shawn
bank_2,1,105,Eric
bank_2,1,106,Harold
bank_2,1,107,Shannon
bank_2,1,108,Paul
bank_2,1,109,Ruben
bank_2,1,110,Jeremy
bank_2,1,111,Jonathan
bank_2,1,112,Patricia
bank_2,1,113,Jessica
bank_2,1,114,Taylor
bank_2,1,115,Ashley
bank_2,1,116,Johnny
bank_2,1,117,David
bank_2,1,118,Calvin
bank_2,1,119,Cheryl
bank_2,1,120,John
bank_2,1,121,Michelle
bank_2,1,122,Amanda
bank_2,1,123,Emily
bank_2,1,124,Melissa
bank_2,1,125,James
bank_2,1,126,Katherine
bank_2,1,127,Michael
bank_2,1,128,Alicia
bank_2,1,129,Sarah
bank_2,1,130,Joshua
bank_2,1,131,Jamie
bank_2,1,132,Katherine
bank_2,1,133,Sandra
bank_2,1,134,Shawn
bank_2,1,135,Phillip
bank_2,1,136,Edward
bank_2,1,137,Rachel
bank_2,1,138,Kellie
bank_2,1,139,Matthew
bank_2,1,140,Jeffery
bank_2,1,141,Frank
bank_2,1,142,Melinda
bank_2,1,143,Mark
bank_2,1,144,Shannon
bank_2,1,145,Ashley
bank_2,1,146,Ashley
bank_2,1,147,Stephanie
bank_2,1,148,Jeanette
bank_2,1,149,Natalie
bank_2,1,150,Erica
bank_2,1,151,Alan
bank_2,1,152,Jennifer
bank_2,1,153,Michelle
bank_2,1,154,Kevin
bank_2,1,155,Carlos
bank_2,1,156,Belinda
bank_2,1,157,Todd
bank_2,1,158,Tonya
bank_2,1,159,Richard
bank_2,1,160,Gary
bank_2,1,161,Luis
bank_2,1,162,Christine
bank_2,1,163,Angela
bank_2,1,164,Crystal
bank_2,1,165,Jessica
bank_2,1,166,David
bank_2,1,167,Kevin
bank_2,1,168,Michelle
bank_2,1,169,Michael
bank_2,1,170,Paul
bank_2,1,171,Courtney
bank_2,1,172,Rhonda
bank_2,1,173,Jennifer
bank_2,1,174,Natasha
bank_2,1,175,Cody
bank_2,1,176,Malik
bank_2,1,177,Marissa
bank_2,1,178,Allison
bank_2,1,179,Tammy
bank_2,1,180,Dillon
bank_2,1,181,Sara
bank_2,1,182,Edward
bank_2,1,183,Chad
bank_2,1,184,Jessica
bank_2,1,185,Shawn
bank_2,1,186,Sharon
bank_2,1,187,Yvette
bank_2,1,188,Cameron
bank_2,1,189,Brent
bank_2,1,190,Jacob
bank_2,1,191,Joshua
bank_2,1,192,Kristopher
bank_2,1,193,Wendy
bank_2,1,194,Karen
bank_2,1,195,Maureen
bank_2,1,196,Rachel
bank_2,1,197,Kenneth
bank_2,1,198,Erik
bank_2,1,199,Nicholas
bank_2,1,200,Debra
bank_2,1,201,Amanda
bank_2,1,202,John
bank_2,1,203,Nicholas
bank_2,1,204,Brian
bank_2,1,205,David
bank_2,1,206,Thomas
bank_2,1,207,Betty
bank_2,1,208,Victoria
bank_2,1,209,Timothy
bank_2,1,210,Trevor
bank_2,1,211,Michelle
bank_2,1,212,Jesse
bank_2,1,213,Tasha
bank_2,1,214,Jamie
bank_2,1,215,Renee
bank_2,1,216,Jennifer
bank_2,1,217,Ryan
bank_2,1,218,Timothy
bank_2,1,219,Michael
bank_2,1,220,Jason
bank_2,1,221,Jacqueline
bank_2,1,222,Sheryl
bank_2,1,223,Tristan
bank_2,1,224,Aaron
bank_2,1,225,William
bank_2,1,226,Robert
bank_2,1,227,Brenda
bank_2,1,228,Holly
bank_2,1,229,Sarah
bank_2,1,230,Diana
bank_2,1,231,Sharon
bank_2,1,232,Robert
bank_2,1,233,David
bank_2,1,234,Nathan
bank_2,1,235,Brad
bank_2,1,236,Todd
bank_2,1,237,Michael
bank_2,1,238,Dylan
bank_2,1,239,Michelle
bank_2,1,240,Karen
bank_2,1,241,Karen
bank_2,1,242,Melanie
bank_2,1,243,Cody
bank_2,1,244,Alexander
bank_2,1,245,Spencer
bank_2,1,246,Travis
bank_2,1,247,Devin
bank_2,1,248,Ryan
bank_2,1,249,Timothy
bank_2,1,250,Frank
bank_2,1,251,Kaitlin
bank_2,1,252,Adam
bank_2,1,253,Samantha
bank_2,1,254,Danielle
bank_2,1,255,Robert
bank_2,1,256,Sarah
bank_2,1,257,Brett
bank_2,1,258,John
bank_2,1,259,Donna
bank_2,1,260,Debra
bank_2,1,261,James
bank_2,1,262,Joseph
bank_2,1,263,Latoya
bank_2,1,264,Michael
bank_2,1,265,Karen
bank_2,1,266,Amanda
bank_2,1,267,Vickie
bank_2,1,268,David
bank_2,1,269,Alan
bank_2,1,270,Shannon
bank_2,1,271,David
bank_2,1,272,Michael
bank_2,1,273,Latoya
bank_2,1,274,Justin
bank_2,1,275,Lucas
bank_2,1,276,James
bank_2,1,277,Laura
bank_2,1,278,Jeffrey
bank_2,1,279,Craig
bank_2,1,280,Ernest
bank_2,1,281,Janet
bank_2,1,282,Candice
bank_2,1,283,Matthew
bank_2,1,284,Robin
bank_2,1,285,Joseph
bank_2,1,286,April
bank_2,1,287,Michael
bank_2,1,288,Charles
bank_2,1,289,Keith
bank_2,1,290,Marcus
bank_2,1,291,Cameron
bank_2,1,292,Seth
bank_2,1,293,Ronald
bank_2,1,294,Glen
bank_2,1,295,Gabrielle
bank_2,1,296,Sharon
bank_2,1,297,Jenna
bank_2,1,298,Charles
bank_2,1,299,Andrew
bank_2,1,300,Keith
bank_2,1,301,Sylvia
bank_2,1,302,Ricky
bank_2,1,303,Kristen
bank_2,1,304,Teresa
bank_2,1,305,Emily
bank_2,1,306,Matthew
bank_2,1,307,Susan
bank_2,1,308,Cindy
bank_2,1,309,Diane
bank_2,1,310,Randy
bank_2,1,311,Daniel
bank_2,1,312,Kenneth
bank_2,1,313,Janet
bank_2,1,314,Michael
bank_2,1,315,John
bank_2,1,316,Bethany
bank_2,1,317,Sarah
bank_2,1,318,Amy
bank_2,1,319,Katie
bank_2,1,320,Vincent
bank_2,1,321,Renee
bank_2,1,322,Julie
bank_2,1,323,Lisa
bank_2,1,324,Mark
bank_2,1,325,Matthew
bank_2,1,326,Steven
bank_2,1,327,Matthew
bank_2,1,328,Jason
bank_2,1,329,Ethan
bank_2,1,330,Isabel
bank_2,1,331,Brian
bank_2,1,332,Jessica
bank_2,1,333,Jessica
bank_2,1,334,April
bank_2,1,335,Rebecca
bank_2,1,336,Johnny
bank_2,1,337,Brandi
bank_2,1,338,Mary
bank_2,1,339,Holly
bank_2,1,340,Charles
bank_2,1,341,Justin
bank_2,1,342,Louis
bank_2,1,343,Mark
bank_2,1,344,Timothy
bank_2,1,345,Tammy
bank_2,1,346,Stephen
bank_2,1,347,Angela
bank_2,1,348,Jon
bank_2,1,349,James
bank_2,1,350,Joseph
bank_2,1,351,Daniel
bank_2,1,352,Carlos
bank_2,1,353,Danny
bank_2,1,354,Maurice
bank_2,1,355,Colton
bank_2,1,356,Jason
bank_2,1,357,Richard
bank_2,1,358,Jennifer
bank_2,1,359,Joseph
bank_2,1,360,Brian
bank_2,1,361,Jason
bank_2,1,362,Troy
bank_2,1,363,Garrett
bank_2,1,364,Bridget
bank_2,1,365,Roger
bank_2,1,366,Jason
bank_2,1,367,Robert
bank_2,1,368,Kyle
bank_2,1,369,Arthur
bank_2,1,370,Cynthia
bank_2,1,371,Kenneth
bank_2,1,372,Lynn
bank_2,1,373,Brian
bank_2,1,374,Kevin
bank_2,1,375,Tina
bank_2,1,376,Ashley
bank_2,1,377,Valerie
bank_2,1,378,Charles
bank_2,1,379,Martin
bank_2,1,380,Emily
bank_2,1,381,Courtney
bank_2,1,382,John
bank_2,1,383,Gerald
bank_2,1,384,William
bank_2,1,385,Steven
bank_2,1,386,Justin
bank_2,1,387,Jessica
bank_2,1,388,Joseph
bank_2,1,389,Jeffrey
bank_2,1,390,Mary
bank_2,1,391,Stephanie
bank_2,1,392,Carrie
bank_2,1,393,Kayla
bank_2,1,394,Mary
bank_2,1,395,Amanda
bank_2,1,396,Michael
bank_2,1,397,Lisa
bank_2,1,398,Jennifer
bank_2,1,399,Manuel
bank_2,1,400,Jacqueline
bank_2,1,401,Scott
bank_2,1,402,Olivia
bank_2,1,403,Pamela
bank_2,1,404,Eric
bank_2,1,405,Jared
bank_2,1,406,Logan
bank_2,1,407,Micheal
bank_2,1,408,Michael
bank_2,1,409,Rebecca
bank_2,1,410,Priscilla
bank_2,1,411,Steven
bank_2,1,412,Emma
bank_2,1,413,Karen
bank_2,1,414,Lydia
bank_2,1,415,Daniel
bank_2,1,416,Scott
bank_2,1,417,Nicole
bank_2,1,418,Ebony
bank_2,1,419,Ashley
bank_2,1,420,Nicholas
bank_2,1,421,Steven
bank_2,1,422,Phillip
bank_2,1,423,Melanie
bank_2,1,424,Michael
bank_2,1,425,Kelsey
bank_2,1,426,Kathleen
bank_2,1,427,Sue
bank_2,1,428,Erin
bank_2,1,429,Nancy
bank_2,1,430,Rodney
bank_2,1,431,Holly
bank_2,1,432,Blake
bank_2,1,433,Kristen
bank_2,1,434,Cody
bank_2,1,435,Michael
bank_2,1,436,William
bank_2,1,437,Ashley
bank_2,1,438,Bailey
bank_2,1,439,Eric
bank_2,1,440,Ashley
bank_2,1,441,Micheal
bank_2,1,442,Karen
bank_2,1,443,Jennifer
bank_2,1,444,Susan
bank_2,1,445,Todd
bank_2,1,446,Ethan
bank_2,1,447,Donna
bank_2,1,448,Kenneth
bank_2,1,449,Brian
bank_2,1,450,Adam
bank_2,1,451,Paul
bank_2,1,452,Sheila
bank_2,1,453,Philip
bank_2,1,454,Cody
bank_2,1,455,Mackenzie
bank_2,1,456,Michael
bank_2,1,457,Charles
bank_2,1,458,Christopher
bank_2,1,459,Matthew
bank_2,1,460,Olivia
bank_2,1,461,Tom
bank_2,1,462,Kathy
bank_2,1,463,Angel
bank_2,1,464,Samantha
bank_2,1,465,Kenneth
bank_2,1,466,Robin
bank_2,1,467,David
bank_2,1,468,Ronnie
bank_2,1,469,Barbara
bank_2,1,470,Lori
bank_2,1,471,Christine
bank_2,1,472,William
bank_2,1,473,Bruce
bank_2,1,474,Linda
bank_2,1,475,Christopher
bank_2,1,476,Lindsey
bank_2,1,477,Grant
bank_2,1,478,Douglas
bank_2,1,479,Thomas
bank_2,1,480,Wendy
bank_2,1,481,Jodi
bank_2,1,482,Jackson
bank_2,1,483,Antonio
bank_2,1,484,Larry
bank_2,1,485,Jon
bank_2,1,486,Erik
bank_2,1,487,Brianna
bank_2,1,488,Brady
bank_2,1,489,Julie
bank_2,1,490,Crystal
bank_2,1,491,Tiffany
bank_2,1,492,Dennis
bank_2,1,493,Gina
bank_2,1,494,Dana
bank_2,1,495,Evan
bank_2,1,496,David
bank_2,1,497,Douglas
bank_2,1,498,Kayla
bank_2,1,499,Alexis
bank_2,1,500,Sharon
bank_2,1,501,Jessica
bank_2,1,502,Ralph
bank_2,1,503,Martha
bank_2,1,504,Matthew
bank_2,1,505,David
bank_2,1,506,Kimberly
bank_2,1,507,Ashley
bank_2,1,508,Denise
bank_2,1,509,Samantha
bank_2,1,510,Marcus
bank_2,1,511,Joseph
bank_2,1,512,Kristen
bank_2,1,513,David
bank_2,1,514,Kaitlyn
bank_2,1,515,Jill
bank_2,1,516,Robin
bank_2,1,517,Debbie
bank_2,1,518,Steven
bank_2,1,519,Christina
bank_2,1,520,William
bank_2,1,521,Richard
bank_2,1,522,Grant
bank_2,1,523,Colleen
bank_2,1,524,Randall
bank_2,1,525,Nicholas
bank_2,1,526,Edward
bank_2,1,527,Kevin
bank_2,1,528,David
bank_2,1,529,Nicole
bank_2,1,530,Joseph
bank_2,1,531,Michael
bank_2,1,532,Jay
bank_2,1,533,Steve
bank_2,1,534,Susan
bank_2,1,535,Jennifer
bank_2,1,536,Michael
bank_2,1,537,Christian
bank_2,1,538,Jennifer
bank_2,1,539,Justin
bank_2,1,540,Krystal
bank_2,1,541,Sarah
bank_2,1,542,William
bank_2,1,543,David
bank_2,1,544,Thomas
bank_2,1,545,Claire
bank_2,1,546,Jon
bank_2,1,547,Brendan
bank_2,1,548,Brandon
bank_2,1,549,Preston
bank_2,1,550,Craig
bank_2,1,551,Alyssa
bank_2,1,552,Alicia
bank_2,1,553,Julie
bank_2,1,554,Dustin
bank_2,1,555,Nicole
bank_2,1,556,Taylor
bank_2,1,557,Frank
bank_2,1,558,Shane
bank_2,1,559,Carlos
bank_2,1,560,Donna
bank_2,1,561,Robin
bank_2,1,562,Tina
bank_2,1,563,Gabriella
bank_2,1,564,Erika
bank_2,1,565,John
bank_2,1,566,Jonathan
bank_2,1,567,Kevin
bank_2,1,568,Micheal
bank_2,1,569,Margaret
bank_2,1,570,Rickey
bank_2,1,571,Lauren
bank_2,1,572,Noah
bank_2,1,573,Jill
bank_2,1,574,Kelly
bank_2,1,575,Matthew
bank_2,1,576,Maria
bank_2,1,577,Mary
bank_2,1,578,Megan
bank_2,1,579,Eric
bank_2,1,580,Amanda
bank_2,1,581,Susan
bank_2,1,582,Roger
bank_2,1,583,Kara
bank_2,1,584,Courtney
bank_2,1,585,Taylor
bank_2,1,586,Melissa
bank_2,1,587,Eric
bank_2,1,588,Carrie
bank_2,1,589,Taylor
bank_2,1,590,Michael
bank_2,1,591,Seth
bank_2,1,592,Sarah
bank_2,1,593,Isabella
bank_2,1,594,Patricia
bank_2,1,595,Diana
bank_2,1,596,John
bank_2,1,597,Shelby
bank_2,1,598,Krista
bank_2,1,599,Hannah
bank_2,1,600,Billy
bank_2,1,601,Nicole
bank_2,1,602,Natasha
bank_2,1,603,Bonnie
bank_2,1,604,Stephanie
bank_2,1,605,Carl
bank_2,1,606,Lisa
bank_2,1,607,Misty
bank_2,1,608,Kristy
bank_2,1,609,Jonathan
bank_2,1,610,Christopher
bank_2,1,611,Stephanie
bank_2,1,612,Randall
bank_2,1,613,Megan
bank_2,1,614,Melissa
bank_2,1,615,Patrick
bank_2,1,616,Jared
bank_2,1,617,Julie
bank_2,1,618,Willie
bank_2,1,619,George
bank_2,1,620,Stephanie
bank_2,1,621,Tristan
bank_2,1,622,Amber
bank_2,1,623,Leslie
bank_2,1,624,Paul
bank_2,1,625,Garrett
bank_2,1,626,Kenneth
bank_2,1,627,Justin
bank_2,1,628,Jamie
bank_2,1,629,Maria
bank_2,1,630,Robert
bank_2,1,631,Denise
bank_2,1,632,Jeffrey
bank_2,1,633,Brian
bank_2,1,634,Isaac
bank_2,1,635,Nathan
bank_2,1,636,Kristin
bank_2,1,637,Kelly
bank_2,1,638,Tiffany
bank_2,1,639,Faith
bank_2,1,640,Laura
bank_2,1,641,Jerry
bank_2,1,642,Michael
bank_2,1,643,Anthony
bank_2,1,644,Patricia
bank_2,1,645,Alejandra
bank_2,1,646,Sara
bank_2,1,647,Wendy
bank_2,1,648,Tiffany
bank_2,1,649,Brian
bank_2,1,650,Cody
bank_2,1,651,Lori
bank_2,1,652,Elizabeth
bank_2,1,653,Brooke
bank_2,1,654,Nancy
bank_2,1,655,Christine
bank_2,1,656,Cindy
bank_2,1,657,Tina
bank_2,1,658,Eric
bank_2,1,659,Joseph
bank_2,1,660,Courtney
bank_2,1,661,Adrian
bank_2,1,662,Sarah
bank_2,1,663,Richard
bank_2,1,664,Ashley
bank_2,1,665,Kristin
bank_2,1,666,Heather
bank_2,1,667,Tiffany
bank_2,1,668,Kevin
bank_2,1,669,Daniel
bank_2,1,670,Steven
bank_2,1,671,Erika
bank_2,1,672,Sarah
bank_2,1,673,Brett
bank_2,1,674,Colin
bank_2,1,675,Darryl
bank_2,1,676,Joe
bank_2,1,677,Anthony
bank_2,1,678,Jessica
bank_2,1,679,Edgar
bank_2,1,680,Troy
bank_2,1,681,Melanie
bank_2,1,682,Austin
bank_2,1,683,John
bank_2,1,684,Rebecca
bank_2,1,685,Jennifer
bank_2,1,686,Melissa
bank_2,1,687,Erica
bank_2,1,688,Brent
bank_2,1,689,Daniel
bank_2,1,690,Alyssa
bank_2,1,691,Rebecca
bank_2,1,692,Kimberly
bank_2,1,693,Evan
bank_2,1,694,Douglas
bank_2,1,695,James
bank_2,1,696,Todd
bank_2,1,697,Riley
bank_2,1,698,Laura
bank_2,1,699,Miranda
bank_2,1,700,Michael
bank_2,1,701,Heather
bank_2,1,702,Brian
bank_2,1,703,Joseph
bank_2,1,704,Kathryn
bank_2,1,705,Felicia
bank_2,1,706,Sherri
bank_2,1,707,Kiara
bank_2,1,708,Jordan
bank_2,1,709,Jennifer
bank_2,1,710,Timothy
bank_2,1,711,Elizabeth
bank_2,1,712,Martin
bank_2,1,713,Jessica
bank_2,1,714,Jessica
bank_2,1,715,Edward
bank_2,1,716,Harold
bank_2,1,717,Ricky
bank_2,1,718,Anthony
bank_2,1,719,Angela
bank_2,1,720,Richard
bank_2,1,721,Rachel
bank_2,1,722,Eric
bank_2,1,723,Kimberly
bank_2,1,724,Shelby
bank_2,1,725,Joel
bank_2,1,726,Nancy
bank_2,1,727,Walter
bank_2,1,728,Gregory
bank_2,1,729,Patrick
bank_2,1,730,Nicolas
bank_2,1,731,Gary
bank_2,1,732,Elizabeth
bank_2,1,733,Michael
bank_2,1,734,Stephanie
bank_2,1,735,Sarah
bank_2,1,736,Stefanie
bank_2,1,737,Margaret
bank_2,1,738,Sherry
bank_2,1,739,Nicole
bank_2,1,740,Kaitlin
bank_2,1,741,Brianna
bank_2,1,742,Timothy
bank_2,1,743,Cassidy
bank_2,1,744,Michelle
bank_2,1,745,Kim
bank_2,1,746,Jennifer
bank_2,1,747,Nancy
bank_2,1,748,Christy
bank_2,1,749,Anthony
bank_2,1,750,Christopher
bank_2,1,751,Tom
bank_2,1,752,Katherine
bank_2,1,753,James
bank_2,1,754,Heather
bank_2,1,755,Adam
bank_2,1,756,Stephanie
bank_2,1,757,Dorothy
bank_2,1,758,Debbie
bank_2,1,759,Elizabeth
bank_2,1,760,Kimberly
bank_2,1,761,Tonya
bank_2,1,762,Jose
bank_2,1,763,Douglas
bank_2,1,764,Jacob
bank_2,1,765,Suzanne
bank_2,1,766,Kevin
bank_2,1,767,David
bank_2,1,768,Scott
bank_2,1,769,Kelly
bank_2,1,770,Elizabeth
bank_2,1,771,Victor
bank_2,1,772,Marcus
bank_2,1,773,Daniel
bank_2,1,774,Jesus
bank_2,1,775,Alexis
bank_2,1,776,Sara
bank_2,1,777,Jimmy
bank_2,1,778,Sarah
bank_2,1,779,Tamara
bank_2,1,780,Mark
bank_2,1,781,Vanessa
bank_2,1,782,Renee
bank_2,1,783,Michael
bank_2,1,784,Roger
bank_2,1,785,Eric
bank_2,1,786,Christopher
bank_2,1,787,David
bank_2,1,788,Christina
bank_2,1,789,Gina
bank_2,1,790,Kevin
bank_2,1,791,John
bank_2,1,792,Jennifer
bank_2,1,793,Ryan
bank_2,1,794,Seth
bank_2,1,795,Pedro
bank_2,1,796,Justin
bank_2,1,797,Robert
bank_2,1,798,Kevin
bank_2,1,799,Teresa
bank_2,1,800,Henry
bank_2,1,801,Steve
bank_2,1,802,Hannah
bank_2,1,803,Caitlin
bank_2,1,804,Kristen
bank_2,1,805,Kenneth
bank_2,1,806,James
bank_2,1,807,Rebecca
bank_2,1,808,Amanda
bank_2,1,809,William
bank_2,1,810,Wayne
bank_2,1,811,Derek
bank_2,1,812,Jessica
bank_2,1,813,Valerie
bank_2,1,814,Patricia
bank_2,1,815,Jesse
bank_2,1,816,Daniel
bank_2,1,817,Joe
bank_2,1,818,Connie
bank_2,1,819,Jennifer
bank_2,1,820,Christopher
bank_2,1,821,Rick
bank_2,1,822,Lucas
bank_2,1,823,Jasmine
bank_2,1,824,Brittany
bank_2,1,825,Anita
bank_2,1,826,Erin
bank_2,1,827,Thomas
bank_2,1,828,David
bank_2,1,829,Donald
bank_2,1,830,Michael
bank_2,1,831,Sandra
bank_2,1,832,Marvin
bank_2,1,833,Victor
bank_2,1,834,David
bank_2,1,835,Robert
bank_2,1,836,Cheryl
bank_2,1,837,Collin
bank_2,1,838,Rebecca
bank_2,1,839,Erin
bank_2,1,840,Michael
bank_2,1,841,Barry
bank_2,1,842,Jeremy
bank_2,1,843,Lisa
bank_2,1,844,Keith
bank_2,1,845,Jennifer
bank_2,1,846,Frank
bank_2,1,847,Miguel
bank_2,1,848,Paul
bank_2,1,849,Tara
bank_2,1,850,Anne
bank_2,1,851,Omar
bank_2,1,852,Stephen
bank_2,1,853,Amanda
bank_2,1,854,Elizabeth
bank_2,1,855,Jennifer
bank_2,1,856,Kathleen
bank_2,1,857,Amanda
bank_2,1,858,Alexa
bank_2,1,859,Miguel
bank_2,1,860,Cynthia
bank_2,1,861,Samantha
bank_2,1,862,Kaitlyn
bank_2,1,863,Patricia
bank_2,1,864,Joseph
bank_2,1,865,Christopher
bank_2,1,866,Jason
bank_2,1,867,Anthony
bank_2,1,868,Rebecca
bank_2,1,869,Mitchell
bank_2,1,870,Wesley
bank_2,1,871,Joshua
bank_2,1,872,Carl
bank_2,1,873,Elizabeth
bank_2,1,874,Lisa
bank_2,1,875,Krista
bank_2,1,876,Ashley
bank_2,1,877,Anthony
bank_2,1,878,Beth
bank_2,1,879,Jeremy
bank_2,1,880,Alvin
bank_2,1,881,Courtney
bank_2,1,882,Marcia
bank_2,1,883,Barbara
bank_2,1,884,Lori
bank_2,1,885,Heather
bank_2,1,886,Aaron
bank_2,1,887,Danny
bank_2,1,888,Elizabeth
bank_2,1,889,Jacob
bank_2,1,890,Randall
bank_2,1,891,Steve
bank_2,1,892,Anthony
bank_2,1,893,Nancy
bank_2,1,894,Rachel
bank_2,1,895,Victoria
bank_2,1,896,Amber
bank_2,1,897,Robert
bank_2,1,898,Tracy
bank_2,1,899,William
bank_2,1,900,Kayla
bank_2,1,901,Brian
bank_2,1,902,Vincent
bank_2,1,903,Tiffany
bank_2,1,904,Stephanie
bank_2,1,905,Joshua
bank_2,1,906,Sherry
bank_2,1,907,Victoria
bank_2,1,908,Sabrina
bank_2,1,909,Jessica
bank_2,1,910,Antonio
bank_2,1,911,Tina
bank_2,1,912,Julie
bank_2,1,913,Tamara
bank_2,1,914,Bobby
bank_2,1,915,Taylor
bank_2,1,916,Lisa
bank_2,1,917,Christina
bank_2,1,918,Miranda
bank_2,1,919,Leslie
bank_2,1,920,Ebony
bank_2,1,921,Madeline
bank_2,1,922,Sabrina
bank_2,1,923,Leonard
bank_2,1,924,April
bank_2,1,925,Ian
bank_2,1,926,Sue
bank_2,1,927,Carol
bank_2,1,928,Valerie
bank_2,1,929,Kevin
bank_2,1,930,John
bank_2,1,931,Darryl
bank_2,1,932,Lydia
bank_2,1,933,Alexander
bank_2,1,934,Amy
bank_2,1,935,Melissa
bank_2,1,936,Dana
bank_2,1,937,Juan
bank_2,1,938,Jennifer
bank_2,1,939,Kimberly
bank_2,1,940,Edward
bank_2,1,941,Mark
bank_2,1,942,Brandon
bank_2,1,943,Jennifer
bank_2,1,944,Alexander
bank_2,1,945,Cindy
bank_2,1,946,Laura
bank_2,1,947,Adriana
bank_2,1,948,Emily
bank_2,1,949,Morgan
bank_2,1,950,Michelle
bank_2,1,951,Ryan
bank_2,1,952,Derek
bank_2,1,953,Maria
bank_2,1,954,Jessica
bank_2,1,955,Benjamin
bank_2,1,956,Alicia
bank_2,1,957,Joseph
bank_2,1,958,Pamela
bank_2,1,959,Thomas
bank_2,1,960,Eugene
bank_2,1,961,Holly
bank_2,1,962,Nicole
bank_2,1,963,Derek
bank_2,1,964,Alice
bank_2,1,965,Thomas
bank_2,1,966,Lindsay
bank_2,1,967,Gary
bank_2,1,968,Timothy
bank_2,1,969,Joshua
bank_2,1,970,Michael
bank_2,1,971,Andrew
bank_2,1,972,Kendra
bank_2,1,973,Teresa
bank_2,1,974,Brittany
bank_2,1,975,Brooke
bank_2,1,976,Brian
bank_2,1,977,Jeffery
bank_2,1,978,Dennis
bank_2,1,979,Monica
bank_2,1,980,Judith
bank_2,1,981,Robin
bank_2,1,982,Billy
bank_2,1,983,Jackie
bank_2,1,984,Steven
bank_2,1,985,Ashley
bank_2,1,986,Jeffrey
bank_2,1,987,Sarah
bank_2,1,988,Mark
bank_2,1,989,Kristin
bank_2,1,990,Nathan
bank_2,1,991,Kathryn
bank_2,1,992,Michael
bank_2,1,993,Robert
bank_2,1,994,Patrick
bank_2,1,995,Peter
bank_2,1,996,Matthew
bank_2,1,997,Patricia
bank_2,1,998,Katie
bank_2,1,999,Johnny
bank_2,1,1000,Amanda
bank_2,1,1001,Eric
bank_2,1,1002,Rick
bank_2,1,1003,Bryan
bank_2,1,1004,Scott
bank_2,1,1005,Brenda
bank_2,1,1006,Emily
bank_2,1,1007,Paul
bank_2,1,1008,Brandon
bank_2,1,1009,Samantha
bank_2,1,1010,Diane
bank_2,1,1011,Charles
bank_2,1,1012,Brandon
bank_2,1,1013,Katherine
bank_2,1,1014,Sheila
bank_2,1,1015,Nicholas
bank_2,1,1016,Todd
bank_2,1,1017,Leonard
bank_2,1,1018,Sharon
bank_2,1,1019,Hannah
bank_2,1,1020,Lynn
bank_2,1,1021,Jordan
bank_2,1,1022,Benjamin
bank_2,1,1023,Amanda
bank_2,1,1024,Jennifer
bank_2,1,1025,Brandy
bank_2,1,1026,Kevin
bank_2,1,1027,Michelle
bank_2,1,1028,Teresa
bank_2,1,1029,Jessica
bank_2,1,1030,Cynthia
bank_2,1,1031,David
bank_2,1,1032,Joseph
bank_2,1,1033,Donald
bank_2,1,1034,David
bank_2,1,1035,Carrie
bank_2,1,1036,Kathy
bank_2,1,1037,Brittany
bank_2,1,1038,Cody
bank_2,1,1039,Laura
bank_2,1,1040,Amy
bank_2,1,1041,Jenna
bank_2,1,1042,Jenny
bank_2,1,1043,Samantha
bank_2,1,1044,Wanda
bank_2,1,1045,Emily
bank_2,1,1046,George
bank_2,1,1047,Charles
bank_2,1,1048,Peter
bank_2,1,1049,Richard
bank_2,1,1050,Steven
bank_2,1,1051,Monica
bank_2,1,1052,Spencer
bank_2,1,1053,Samantha
bank_2,1,1054,Kelly
bank_2,1,1055,Mitchell
bank_2,1,1056,David
bank_2,1,1057,Deborah
bank_2,1,1058,Janice
bank_2,1,1059,Fernando
bank_2,1,1060,Joshua
bank_2,1,1061,Anita
bank_2,1,1062,Joanna
bank_2,1,1063,Tina
bank_2,1,1064,Lauren
bank_2,1,1065,Theresa
bank_2,1,1066,Charles
bank_2,1,1067,Richard
bank_2,1,1068,Dale
bank_2,1,1069,Kristin
bank_2,1,1070,Sharon
bank_2,1,1071,John
bank_2,1,1072,Steven
bank_2,1,1073,Mary
bank_2,1,1074,Michael
bank_2,1,1075,Jason
bank_2,1,1076,James
bank_2,1,1077,Kaitlyn
bank_2,1,1078,Vincent
bank_2,1,1079,Marissa
bank_2,1,1080,Matthew
bank_2,1,1081,Angela
bank_2,1,1082,Brendan
bank_2,1,1083,Ryan
bank_2,1,1084,Spencer
bank_2,1,1085,Javier
bank_2,1,1086,James
bank_2,1,1087,Linda
bank_2,1,1088,Joshua
bank_2,1,1089,Angela
bank_2,1,1090,Jason
bank_2,1,1091,Victoria
bank_2,1,1092,Alex
bank_2,1,1093,Hannah
bank_2,1,1094,John
bank_2,1,1095,Bonnie
bank_2,1,1096,Bobby
bank_2,1,1097,Samantha
bank_2,1,1098,Chelsea
bank_2,1,1099,Joseph
bank_2,1,1100,Linda
bank_2,1,1101,Mary
bank_2,1,1102,Jeremy
bank_2,1,1103,Kathleen
bank_2,1,1104,Jason
bank_2,1,1105,Jesse
bank_2,1,1106,James
bank_2,1,1107,Allison
bank_2,1,1108,Melissa
bank_2,1,1109,Megan
bank_2,1,1110,Rebecca
bank_2,1,1111,Bradley
bank_2,1,1112,Javier
bank_2,1,1113,Thomas
bank_2,1,1114,Amy
bank_2,1,1115,Albert
bank_2,1,1116,Nicole
bank_2,1,1117,Michael
bank_2,1,1118,Lauren
bank_2,1,1119,Don
bank_2,1,1120,Melissa
bank_2,1,1121,Ryan
bank_2,1,1122,Stacy
bank_2,1,1123,Angela
bank_2,1,1124,Joseph
bank_2,1,1125,Timothy
bank_2,1,1126,Tracy
bank_2,1,1127,Juan
bank_2,1,1128,Jasmine
bank_2,1,1129,Kelsey
bank_2,1,1130,Brittany
bank_2,1,1131,Michelle
bank_2,1,1132,John
bank_2,1,1133,Matthew
bank_2,1,1134,Ryan
bank_2,1,1135,Mark
bank_2,1,1136,Jacqueline
bank_2,1,1137,Stephanie
bank_2,1,1138,Stephen
bank_2,1,1139,Mary
bank_2,1,1140,Jennifer
bank_2,1,1141,Daniel
bank_2,1,1142,Tyler
bank_2,1,1143,Robert
bank_2,1,1144,Jacqueline
bank_2,1,1145,William
bank_2,1,1146,Ashley
bank_2,1,1147,Billy
bank_2,1,1148,Teresa
bank_2,1,1149,Kathy
bank_2,1,1150,Robert
bank_2,1,1151,Sandra
bank_2,1,1152,Barbara
bank_2,1,1153,Sarah
bank_2,1,1154,Lindsay
bank_2,1,1155,Tonya
bank_2,1,1156,Amanda
bank_2,1,1157,Stephanie
bank_2,1,1158,Laura
bank_2,1,1159,Kimberly
bank_2,1,1160,Jeanette
bank_2,1,1161,Brenda
bank_2,1,1162,Steven
bank_2,1,1163,Angela
bank_2,1,1164,John
bank_2,1,1165,Nancy
bank_2,1,1166,Melinda
bank_2,1,1167,Alicia
bank_2,1,1168,Tyrone
bank_2,1,1169,Eric
bank_2,1,1170,Christopher
bank_2,1,1171,Connie
bank_2,1,1172,Paul
bank_2,1,1173,Kathryn
bank_2,1,1174,Amanda
bank_2,1,1175,Stephanie
bank_2,1,1176,Mary
bank_2,1,1177,Norman
bank_2,1,1178,Pamela
bank_2,1,1179,Paige
bank_2,1,1180,Pamela
bank_2,1,1181,Justin
bank_2,1,1182,Monica
bank_2,1,1183,Teresa
bank_2,1,1184,Karen
bank_2,1,1185,Lori
bank_2,1,1186,Andrew
bank_2,1,1187,Joel
bank_2,1,1188,Kathy
bank_2,1,1189,Jaime
bank_2,1,1190,William
bank_2,1,1191,Daniel
bank_2,1,1192,Vincent
bank_2,1,1193,Alexandria
bank_2,1,1194,Tammy
bank_2,1,1195,Deborah
bank_2,1,1196,Brian
bank_2,1,1197,Selena
bank_2,1,1198,Roberta
bank_2,1,1199,Susan
bank_2,1,1200,Justin
bank_2,1,1201,Erin
bank_2,1,1202,Gary
bank_2,1,1203,Sara
bank_2,1,1204,Michael
bank_2,1,1205,Eric
bank_2,1,1206,Gabrielle
bank_2,1,1207,Brandon
bank_2,1,1208,Stephanie
bank_2,1,1209,Destiny
bank_2,1,1210,Justin
bank_2,1,1211,Laura
bank_2,1,1212,James
bank_2,1,1213,Tony
bank_2,1,1214,Sydney
bank_2,1,1215,Matthew
bank_2,1,1216,Jamie
bank_2,1,1217,Matthew
bank_2,1,1218,Tina
bank_2,1,1219,Denise
bank_2,1,1220,Michael
bank_2,1,1221,Brent
bank_2,1,1222,Christopher
bank_2,1,1223,David
bank_2,1,1224,Stephen
bank_2,1,1225,Allison
bank_2,1,1226,Matthew
bank_2,1,1227,Paul
bank_2,1,1228,Gloria
bank_2,1,1229,Beverly
bank_2,1,1230,Daniel
bank_2,1,1231,April
bank_2,1,1232,Melinda
bank_2,1,1233,Gabriel
bank_2,1,1234,Adam
bank_2,1,1235,Cheryl
bank_2,1,1236,Justin
bank_2,1,1237,Jasmin
bank_2,1,1238,Gary
bank_2,1,1239,Peter
bank_2,1,1240,Heidi
bank_2,1,1241,Timothy
bank_2,1,1242,William
bank_2,1,1243,Kimberly
bank_2,1,1244,Rebecca
bank_2,1,1245,Carmen
bank_2,1,1246,John
bank_2,1,1247,Debbie
bank_2,1,1248,Jessica
bank_2,1,1249,Juan
bank_2,1,1250,Joshua
bank_2,1,1251,Colin
bank_2,1,1252,Rachel
bank_2,1,1253,Terry
bank_2,1,1254,Luke
bank_2,1,1255,Brandon
bank_2,1,1256,Phillip
bank_2,1,1257,Allen
bank_2,1,1258,Zachary
bank_2,1,1259,Jodi
bank_2,1,1260,Kimberly
bank_2,1,1261,Joseph
bank_2,1,1262,Gwendolyn
bank_2,1,1263,Evan
bank_2,1,1264,Susan
bank_2,1,1265,Brent
bank_2,1,1266,Barbara
bank_2,1,1267,Teresa
bank_2,1,1268,William
bank_2,1,1269,Valerie
bank_2,1,1270,Peter
bank_2,1,1271,Cynthia
bank_2,1,1272,Dana
bank_2,1,1273,Sue
bank_2,1,1274,Julia
bank_2,1,1275,Zoe
bank_2,1,1276,Hailey
bank_2,1,1277,Darius
bank_2,1,1278,Joseph
bank_2,1,1279,Taylor
bank_2,1,1280,Jacob
bank_2,1,1281,Stacey
bank_2,1,1282,Barbara
bank_2,1,1283,Monique
bank_2,1,1284,Vincent
bank_2,1,1285,Michael
bank_2,1,1286,Travis
bank_2,1,1287,Julie
bank_2,1,1288,Kevin
bank_2,1,1289,Nathan
bank_2,1,1290,Brooke
bank_2,1,1291,Whitney
bank_2,1,1292,Benjamin
bank_2,1,1293,David
bank_2,1,1294,Gregory
bank_2,1,1295,Matthew
bank_2,1,1296,Suzanne
bank_2,1,1297,Lorraine
bank_2,1,1298,Jonathan
bank_2,1,1299,Eric
bank_2,1,1300,Brittany
bank_2,1,1301,Vincent
bank_2,1,1302,Theresa
bank_2,1,1303,Donald
bank_2,1,1304,Erik
bank_2,1,1305,Melissa
bank_2,1,1306,Paige
bank_2,1,1307,Robert
bank_2,1,1308,Hunter
bank_2,1,1309,Leslie
bank_2,1,1310,Cheryl
bank_2,1,1311,Julia
bank_2,1,1312,Deborah
bank_2,1,1313,Barbara
bank_2,1,1314,Theresa
bank_2,1,1315,Seth
bank_2,1,1316,Shane
bank_2,1,1317,Tracy
bank_2,1,1318,Miguel
bank_2,1,1319,Jacob
bank_2,1,1320,Donald
bank_2,1,1321,Jonathan
bank_2,1,1322,Alicia
bank_2,1,1323,Erik
bank_2,1,1324,David
bank_2,1,1325,James
bank_2,1,1326,Melanie
bank_2,1,1327,Anna
bank_2,1,1328,Melissa
bank_2,1,1329,Robert
bank_2,1,1330,Joseph
bank_2,1,1331,David
bank_2,1,1332,Jacqueline
bank_2,1,1333,Danielle
bank_2,1,1334,Jasmine
bank_2,1,1335,Keith
bank_2,1,1336,Raymond
bank_2,1,1337,Natalie
bank_2,1,1338,Robert
bank_2,1,1339,Terry
bank_2,1,1340,Denise
bank_2,1,1341,Brittany
bank_2,1,1342,Christy
bank_2,1,1343,Tyler
bank_2,1,1344,Alyssa
bank_2,1,1345,David
bank_2,1,1346,Jeffrey
bank_2,1,1347,Troy
bank_2,1,1348,Nicholas
bank_2,1,1349,Ronald
bank_2,1,1350,Taylor
bank_2,1,1351,Melinda
bank_2,1,1352,Amanda
bank_2,1,1353,Nancy
bank_2,1,1354,Michelle
bank_2,1,1355,Edward
bank_2,1,1356,Danielle
bank_2,1,1357,Terry
bank_2,1,1358,Derek
bank_2,1,1359,Miguel
bank_2,1,1360,Melissa
bank_2,1,1361,Michael
bank_2,1,1362,Patrick
bank_2,1,1363,Gary
bank_2,1,1364,Ryan
bank_2,1,1365,John
bank_2,1,1366,Misty
bank_2,1,1367,Sharon
bank_2,1,1368,Monique
bank_2,1,1369,Joseph
bank_2,1,1370,Juan
bank_2,1,1371,Jeffrey
bank_2,1,1372,Chad
bank_2,1,1373,Shane
bank_2,1,1374,Tiffany
bank_2,1,1375,Aaron
bank_2,1,1376,Samantha
bank_2,1,1377,Monica
bank_2,1,1378,Thomas
bank_2,1,1379,Mariah
bank_2,1,1380,Robert
bank_2,1,1381,James
bank_2,1,1382,Melanie
bank_2,1,1383,Nicholas
bank_2,1,1384,Brandi
bank_2,1,1385,Douglas
bank_2,1,1386,David
bank_2,1,1387,Kim
bank_2,1,1388,James
bank_2,1,1389,David
bank_2,1,1390,Heather
bank_2,1,1391,Adam
bank_2,1,1392,Kayla
bank_2,1,1393,Beverly
bank_2,1,1394,Peter
bank_2,1,1395,Allen
bank_2,1,1396,Michele
bank_2,1,1397,Cynthia
bank_2,1,1398,Latoya
bank_2,1,1399,Eric
bank_2,1,1400,Robert
bank_2,1,1401,Brian
bank_2,1,1402,Richard
bank_2,1,1403,Melody
bank_2,1,1404,Amanda
bank_2,1,1405,Becky
bank_2,1,1406,Anthony
bank_2,1,1407,Linda
bank_2,1,1408,Yvette
bank_2,1,1409,Jenna
bank_2,1,1410,Connie
bank_2,1,1411,Donna
bank_2,1,1412,Patricia
bank_2,1,1413,Anthony
bank_2,1,1414,Darren
bank_2,1,1415,Alexander
bank_2,1,1416,Jeffrey
bank_2,1,1417,Craig
bank_2,1,1418,Logan
bank_2,1,1419,Nathaniel
bank_2,1,1420,Stacey
bank_2,1,1421,Matthew
bank_2,1,1422,Joseph
bank_2,1,1423,Bruce
bank_2,1,1424,Tony
bank_2,1,1425,Reginald
bank_2,1,1426,Joann
bank_2,1,1427,Felicia
bank_2,1,1428,Jim
bank_2,1,1429,David
bank_2,1,1430,Gavin
bank_2,1,1431,Juan
bank_2,1,1432,Brian
bank_2,1,1433,Shane
bank_2,1,1434,Patricia
bank_2,1,1435,Christopher
bank_2,1,1436,Michelle
bank_2,1,1437,Jonathan
bank_2,1,1438,Meredith
bank_2,1,1439,Christian
bank_2,1,1440,Tyler
bank_2,1,1441,Anthony
bank_2,1,1442,Joseph
bank_2,1,1443,John
bank_2,1,1444,Kristen
bank_2,1,1445,Rebecca
bank_2,1,1446,Samantha
bank_2,1,1447,Wayne
bank_2,1,1448,Zachary
bank_2,1,1449,Ruben
bank_2,1,1450,Andrew
bank_2,1,1451,Amanda
bank_2,1,1452,Adrian
bank_2,1,1453,Jessica
bank_2,1,1454,Wayne
bank_2,1,1455,Jessica
bank_2,1,1456,Emily
bank_2,1,1457,Maria
bank_2,1,1458,Marcus
bank_2,1,1459,Scott
bank_2,1,1460,Denise
bank_2,1,1461,Ashley
bank_2,1,1462,Jon
bank_2,1,1463,Dawn
bank_2,1,1464,Donna
bank_2,1,1465,Tiffany
bank_2,1,1466,Jessica
bank_2,1,1467,Kelly
bank_2,1,1468,Kendra
bank_2,1,1469,Alexander
bank_2,1,1470,Angela
bank_2,1,1471,Jonathan
bank_2,1,1472,Laura
bank_2,1,1473,Eric
bank_2,1,1474,Carla
bank_2,1,1475,Gregory
bank_2,1,1476,Grace
bank_2,1,1477,Patrick
bank_2,1,1478,Jennifer
bank_2,1,1479,Dave
bank_2,1,1480,Zachary
bank_2,1,1481,Barbara
bank_2,1,1482,Maureen
bank_2,1,1483,Mason
bank_2,1,1484,Lisa
bank_2,1,1485,Alyssa
bank_2,1,1486,Chelsea
bank_2,1,1487,Rachel
bank_2,1,1488,Thomas
bank_2,1,1489,Calvin
bank_2,1,1490,David
bank_2,1,1491,Cody
bank_2,1,1492,William
bank_2,1,1493,Justin
bank_2,1,1494,Tiffany
bank_2,1,1495,Tiffany
bank_2,1,1496,Janet
bank_2,1,1497,Charles
bank_2,1,1498,Kenneth
bank_2,1,1499,Cynthia
bank_2,1,1500,Deborah
bank_2,1,1501,Melissa
bank_2,1,1502,James
bank_2,1,1503,Megan
bank_2,1,1504,Angela
bank_2,1,1505,Troy
bank_2,1,1506,Pamela
bank_2,1,1507,Sarah
bank_2,1,1508,James
bank_2,1,1509,Michael
bank_2,1,1510,Carla
bank_2,1,1511,Jasmine
bank_2,1,1512,Regina
bank_2,1,1513,Debra
bank_2,1,1514,Jacob
bank_2,1,1515,Joseph
bank_2,1,1516,Melissa
bank_2,1,1517,Grace
bank_2,1,1518,Victoria
bank_2,1,1519,Donald
bank_2,1,1520,Brenda
bank_2,1,1521,Alexander
bank_2,1,1522,Samantha
bank_2,1,1523,Joshua
bank_2,1,1524,Amanda
bank_2,1,1525,Daniel
bank_2,1,1526,David
bank_2,1,1527,Joseph
bank_2,1,1528,Kimberly
bank_2,1,1529,Derrick
bank_2,1,1530,Kevin
bank_2,1,1531,Mark
bank_2,1,1532,Briana
bank_2,1,1533,Eric
bank_2,1,1534,Tracy
bank_2,1,1535,Donald
bank_2,1,1536,Nicole
bank_2,1,1537,Kevin
bank_2,1,1538,Adam
bank_2,1,1539,Beth
bank_2,1,1540,Michael
bank_2,1,1541,Gregory
bank_2,1,1542,Bernard
bank_2,1,1543,Nicholas
bank_2,1,1544,David
bank_2,1,1545,Jennifer
bank_2,1,1546,Ashley
bank_2,1,1547,Miguel
bank_2,1,1548,James
bank_2,1,1549,Sarah
bank_2,1,1550,Joshua
bank_2,1,1551,Carolyn
bank_2,1,1552,Scott
bank_2,1,1553,Susan
bank_2,1,1554,Donna
bank_2,1,1555,Amy
bank_2,1,1556,Ashley
bank_2,1,1557,Crystal
bank_2,1,1558,Ian
bank_2,1,1559,William
bank_2,1,1560,Helen
bank_2,1,1561,Roy
bank_2,1,1562,Tina
bank_2,1,1563,Jeff
bank_2,1,1564,Taylor
bank_2,1,1565,Peter
bank_2,1,1566,Ian
bank_2,1,1567,Gina
bank_2,1,1568,Melanie
bank_2,1,1569,Nancy
bank_2,1,1570,Laura
bank_2,1,1571,Allen
bank_2,1,1572,Robert
bank_2,1,1573,Jane
bank_2,1,1574,Travis
bank_2,1,1575,Tiffany
bank_2,1,1576,Anne
bank_2,1,1577,Adam
bank_2,1,1578,Joshua
bank_2,1,1579,Patricia
bank_2,1,1580,Patricia
bank_2,1,1581,Glen
bank_2,1,1582,Maria
bank_2,1,1583,Kimberly
bank_2,1,1584,Joshua
bank_2,1,1585,Jose
bank_2,1,1586,Dan
bank_2,1,1587,Mariah
bank_2,1,1588,Gary
bank_2,1,1589,Mathew
bank_2,1,1590,Michael
bank_2,1,1591,Alexander
bank_2,1,1592,Kristi
bank_2,1,1593,John
bank_2,1,1594,Christopher
bank_2,1,1595,Glenda
bank_2,1,1596,Kelly
bank_2,1,1597,Scott
bank_2,1,1598,Andrea
bank_2,1,1599,Samantha
