bank_id,branch_id,acct_id,dsply_nm
bank_0,1,0,StephanieSutton
bank_0,1,1,LisaClayton
bank_0,1,2,VictorMorrison
bank_0,1,3,MichaelMassey
bank_0,1,4,AlexisNelson
bank_0,1,5,KarenAcosta
bank_0,1,6,CurtisHoward
bank_0,1,7,MariahPrice
bank_0,1,8,MichelleHughes
bank_0,1,9,AmyMiles
bank_0,1,10,MitchellSmith
bank_0,1,11,RobertNewman
bank_0,1,12,CassandraBennett
bank_0,1,13,KarenAllen
bank_0,1,14,JefferyTurner
bank_0,1,15,JayRichardson
bank_0,1,16,YvetteReid
bank_0,1,17,KellieSexton
bank_0,1,18,WilliamBurgess
bank_0,1,19,MartinAnderson
bank_0,1,20,MarkGarcia
bank_0,1,21,JacquelineLee
bank_0,1,22,ArthurPerry
bank_0,1,23,SabrinaJones
bank_0,1,24,BrianCarpenter
bank_0,1,25,KristaYang
bank_0,1,26,RobertHill
bank_0,1,27,NicolePhillips
bank_0,1,28,DouglasRiggs
bank_0,1,29,JosephWilson
bank_0,1,30,BarbaraMartinez
bank_0,1,31,StephenSmith
bank_0,1,32,AshleyMurray
bank_0,1,33,RobertGonzales
bank_0,1,34,PatriciaAndrade
bank_0,1,35,MatthewTaylor
bank_0,1,36,JosephLee
bank_0,1,37,BradGarcia
bank_0,1,38,RichardDawson
bank_0,1,39,BryanBrewer
bank_0,1,40,RobertMcdowell
bank_0,1,41,LoriLester
bank_0,1,42,DavidMunoz
bank_0,1,43,HaydenHenry
bank_0,1,44,JanetOrtiz
bank_0,1,45,CarolMiller
bank_0,1,46,WilliamMejia
bank_0,1,47,KelliHughes
bank_0,1,48,LindsayArcher
bank_0,1,49,TiffanyThompson
bank_0,1,50,EvanPeterson
bank_0,1,51,AlecMoss
bank_0,1,52,TeresaKing
bank_0,1,53,JustinRamirez
bank_0,1,54,MichaelLarson
bank_0,1,55,DakotaGreen
bank_0,1,56,SusanTaylor
bank_0,1,57,ChadSchaefer
bank_0,1,58,StevenAvila
bank_0,1,59,RachelReese
bank_0,1,60,ChristopherMaxwell
bank_0,1,61,SherriTaylor
bank_0,1,62,RachelBarnes
bank_0,1,63,JamesPerkins
bank_0,1,64,JeffreyGarcia
bank_0,1,65,JamesWilliams
bank_0,1,66,RichardGardner
bank_0,1,67,GrantMason
bank_0,1,68,KyleBush
bank_0,1,69,TammyHoffman
bank_0,1,70,KarlHendricks
bank_0,1,71,KristiBaker
bank_0,1,72,TaraHansen
bank_0,1,73,DonnaGonzalez
bank_0,1,74,StephanieMartinez
bank_0,1,75,JohnEdwards
bank_0,1,76,AlfredBenton
bank_0,1,77,DanielCherry
bank_0,1,78,KatieMartinez
bank_0,1,79,JillianBarron
bank_0,1,80,FeliciaHowell
bank_0,1,81,StevenDuncan
bank_0,1,82,StephenMorgan
bank_0,1,83,DanielRichardson
bank_0,1,84,JenniferTodd
bank_0,1,85,DeborahDavis
bank_0,1,86,PatrickWeaver
bank_0,1,87,KarinaMeyer
bank_0,1,88,DonaldBeck
bank_0,1,89,BrandonShaw
bank_0,1,90,WilliamValdez
bank_0,1,91,JessicaJackson
bank_0,1,92,ChristopherEaton
bank_0,1,93,SierraPerkins
bank_0,1,94,JosephNolan
bank_0,1,95,HeatherHoward
bank_0,1,96,JamieRiley
bank_0,1,97,RichardLee
bank_0,1,98,LawrenceHebert
bank_0,1,99,MaryCarr
bank_0,1,100,LisaRivera
bank_0,1,101,KatrinaHerrera
bank_0,1,102,AnthonyGutierrez
bank_0,1,103,ShawnFowler
bank_0,1,104,MelanieRuiz
bank_0,1,105,AndrewNewman
bank_0,1,106,PaulaJohnson
bank_0,1,107,JohnAvila
bank_0,1,108,KennethGood
bank_0,1,109,MarcusThomas
bank_0,1,110,DaleAnthony
bank_0,1,111,AnthonyMelendez
bank_0,1,112,DavidWilliams
bank_0,1,113,BlakeVillanueva
bank_0,1,114,PatrickLowe
bank_0,1,115,AshleeHenry
bank_0,1,116,DerekMccann
bank_0,1,117,KimberlyMartinez
bank_0,1,118,BiancaLee
bank_0,1,119,LarryHuff
bank_0,1,120,BrianMorris
bank_0,1,121,ChelseaGuzman
bank_0,1,122,AngelaRichardson
bank_0,1,123,LisaJones
bank_0,1,124,KevinThomas
bank_0,1,125,StephanieTorres
bank_0,1,126,LisaAdams
bank_0,1,127,JeremyMcdaniel
bank_0,1,128,MichaelRogers
bank_0,1,129,NatalieSanchez
bank_0,1,130,DawnReyes
bank_0,1,131,JohnKramer
bank_0,1,132,AlexandraBradley
bank_0,1,133,RonaldCamacho
bank_0,1,134,BrittanyCraig
bank_0,1,135,AlexanderMorgan
bank_0,1,136,KaraQuinn
bank_0,1,137,AdamParker
bank_0,1,138,SamanthaMichael
bank_0,1,139,NicholasVang
bank_0,1,140,CarrieDouglas
bank_0,1,141,AndrewTodd
bank_0,1,142,ChristinaBradley
bank_0,1,143,TraceyReed
bank_0,1,144,JamesWallace
bank_0,1,145,JoshuaWarren
bank_0,1,146,GlennWarren
bank_0,1,147,LauraWilliams
bank_0,1,148,WhitneyDiaz
bank_0,1,149,FrankCarter
bank_0,1,150,EmilyChase
bank_0,1,151,JamesWashington
bank_0,1,152,PhillipSims
bank_0,1,153,CalvinDuran
bank_0,1,154,KathrynFletcher
bank_0,1,155,BradleyHorn
bank_0,1,156,NathanCarlson
bank_0,1,157,RhondaBlack
bank_0,1,158,RyanMartin
bank_0,1,159,GeorgeMacdonald
bank_0,1,160,CarolineBenitez
bank_0,1,161,DanielleSavage
bank_0,1,162,ErinLawson
bank_0,1,163,MelissaHoffman
bank_0,1,164,MollyCampbell
bank_0,1,165,AndreaNguyen
bank_0,1,166,KellyAndrews
bank_0,1,167,TerryMorales
bank_0,1,168,SharonFoster
bank_0,1,169,JimmyWhite
bank_0,1,170,RebeccaFloyd
bank_0,1,171,ManuelWhite
bank_0,1,172,MichaelAdams
bank_0,1,173,KimberlyCohen
bank_0,1,174,StephanieWright
bank_0,1,175,JenniferHarmon
bank_0,1,176,GeorgeGarcia
bank_0,1,177,DavidPatton
bank_0,1,178,WilliamBrowning
bank_0,1,179,PaulWard
bank_0,1,180,VictoriaJensen
bank_0,1,181,MarioNixon
bank_0,1,182,MicheleScott
bank_0,1,183,AlbertGoodman
bank_0,1,184,ToddSchroeder
bank_0,1,185,IanAtkins
bank_0,1,186,StevenPhillips
bank_0,1,187,JoeWright
bank_0,1,188,JessicaZimmerman
bank_0,1,189,SamuelFitzgerald
bank_0,1,190,JenniferSmith
bank_0,1,191,RussellLopez
bank_0,1,192,DavidGibbs
bank_0,1,193,PrestonDiaz
bank_0,1,194,EmilyJackson
bank_0,1,195,PeterCollins
bank_0,1,196,StephaniePrice
bank_0,1,197,AndrewVelez
bank_0,1,198,AshleyBolton
bank_0,1,199,JohnStewart
bank_0,1,200,KevinCalhoun
bank_0,1,201,BrandonVilla
bank_0,1,202,YolandaHicks
bank_0,1,203,AustinMyers
bank_0,1,204,RachelLee
bank_0,1,205,MelanieKnight
bank_0,1,206,JanetFisher
bank_0,1,207,AshleyMartinez
bank_0,1,208,BrittneyBrennan
bank_0,1,209,ElizabethNichols
bank_0,1,210,DeniseMays
bank_0,1,211,JessicaJacobson
bank_0,1,212,ManuelWright
bank_0,1,213,AlexanderGregory
bank_0,1,214,TammyMorris
bank_0,1,215,JessicaMarquez
bank_0,1,216,ZacharyPetty
bank_0,1,217,JoeJones
bank_0,1,218,KristinaFlynn
bank_0,1,219,CherylTurner
bank_0,1,220,DianaHays
bank_0,1,221,JennyChristensen
bank_0,1,222,EricYang
bank_0,1,223,TroyWhite
bank_0,1,224,MarissaClark
bank_0,1,225,ElizabethWilliams
bank_0,1,226,JohnHernandez
bank_0,1,227,MeghanWiley
bank_0,1,228,BryanSanford
bank_0,1,229,DominiqueOwens
bank_0,1,230,ChristopherMontgomery
bank_0,1,231,GloriaNixon
bank_0,1,232,RickyJones
bank_0,1,233,JeffreyJackson
bank_0,1,234,AnnaKim
bank_0,1,235,LuisCooper
bank_0,1,236,LatoyaTorres
bank_0,1,237,RyanWalton
bank_0,1,238,LarryJohnson
bank_0,1,239,LuisWood
bank_0,1,240,DaltonColeman
bank_0,1,241,PaulTucker
bank_0,1,242,KarenPerry
bank_0,1,243,ZacharyDecker
bank_0,1,244,JulieGordon
bank_0,1,245,KatieSmith
bank_0,1,246,CoryHarris
bank_0,1,247,DesireeRhodes
bank_0,1,248,BrittanyTaylor
bank_0,1,249,LaurieMeyer
bank_0,1,250,AmandaAguirre
bank_0,1,251,MichelleCamacho
bank_0,1,252,JonSmith
bank_0,1,253,AnthonyRodriguez
bank_0,1,254,LoganMorris
bank_0,1,255,LauraGray
bank_0,1,256,DavidWilliams
bank_0,1,257,ReginaGonzales
bank_0,1,258,ThomasFowler
bank_0,1,259,JoshuaSmith
bank_0,1,260,AndrewMorris
bank_0,1,261,LesliePugh
bank_0,1,262,RachelFuller
bank_0,1,263,KyleSmith
bank_0,1,264,DavidParker
bank_0,1,265,OmarMendez
bank_0,1,266,JacobWells
bank_0,1,267,JamesAnderson
bank_0,1,268,TristanTucker
bank_0,1,269,MeganScott
bank_0,1,270,KevinCase
bank_0,1,271,JamesOrtiz
bank_0,1,272,TracyErickson
bank_0,1,273,JodiRichard
bank_0,1,274,CourtneyMckay
bank_0,1,275,MonicaMoody
bank_0,1,276,TylerMurphy
bank_0,1,277,AllisonCastro
bank_0,1,278,SophiaBurke
bank_0,1,279,MeghanCarter
bank_0,1,280,AngelicaAtkinson
bank_0,1,281,TiffanyEstrada
bank_0,1,282,LeahEdwards
bank_0,1,283,NicoleSantos
bank_0,1,284,LauraMiller
bank_0,1,285,MichelleMartinez
bank_0,1,286,AmandaGraham
bank_0,1,287,KatrinaSmith
bank_0,1,288,LindseyPhillips
bank_0,1,289,DanaHopkins
bank_0,1,290,LoriSmith
bank_0,1,291,AshleyThompson
bank_0,1,292,PatrickCox
bank_0,1,293,BridgetMorgan
bank_0,1,294,TravisHayes
bank_0,1,295,JenniferMiller
bank_0,1,296,DanaEllis
bank_0,1,297,PamelaJohnson
bank_0,1,298,JeremyZamora
bank_0,1,299,TrevorHernandez
bank_0,1,300,DylanMiller
bank_0,1,301,JasonLane
bank_0,1,302,LindseyTucker
bank_0,1,303,JordanHarris
bank_0,1,304,JaredRichards
bank_0,1,305,ShawnaMoreno
bank_0,1,306,MaryMiller
bank_0,1,307,ClaudiaBryan
bank_0,1,308,DanielOrtiz
bank_0,1,309,JenniferCampbell
bank_0,1,310,LindaPowell
bank_0,1,311,VictoriaHurley
bank_0,1,312,CraigGonzalez
bank_0,1,313,MadelineRichards
bank_0,1,314,LucasMontoya
bank_0,1,315,JessicaMadden
bank_0,1,316,AndrewGrimes
bank_0,1,317,MollyHorne
bank_0,1,318,GregoryWeaver
bank_0,1,319,ChristyWilson
bank_0,1,320,SonyaAdams
bank_0,1,321,RebekahRhodes
bank_0,1,322,JonathanHill
bank_0,1,323,YolandaLynch
bank_0,1,324,MatthewJohnson
bank_0,1,325,ScottRichards
bank_0,1,326,JohnGrant
bank_0,1,327,JosephSanders
bank_0,1,328,JoseRichards
bank_0,1,329,PerryRiley
bank_0,1,330,CatherineMorales
bank_0,1,331,GavinMurphy
bank_0,1,332,ShelleyBuchanan
bank_0,1,333,JoelWilson
bank_0,1,334,CassidyOconnell
bank_0,1,335,ChristopherBarnes
bank_0,1,336,JohnHuang
bank_0,1,337,MelanieMckinney
bank_0,1,338,KevinHays
bank_0,1,339,CatherineLowe
bank_0,1,340,SarahGarcia
bank_0,1,341,JenniferDougherty
bank_0,1,342,MichaelWarren
bank_0,1,343,JacquelineCherry
bank_0,1,344,HeatherWilliams
bank_0,1,345,DanielBriggs
bank_0,1,346,RachelMendoza
bank_0,1,347,MichaelSmith
bank_0,1,348,SusanWarren
bank_0,1,349,DianaMartinez
bank_0,1,350,DavidMendez
bank_0,1,351,JoshuaRobinson
bank_0,1,352,JustinMoore
bank_0,1,353,MarkKing
bank_0,1,354,HeidiRobinson
bank_0,1,355,EmilyMedina
bank_0,1,356,WilliamPitts
bank_0,1,357,JohnDavis
bank_0,1,358,TracieRice
bank_0,1,359,ChristinaClark
bank_0,1,360,DerekFox
bank_0,1,361,DrewMunoz
bank_0,1,362,ManuelFletcher
bank_0,1,363,BrittanyRosales
bank_0,1,364,ElizabethGarcia
bank_0,1,365,MichaelJohnston
bank_0,1,366,RyanWilliams
bank_0,1,367,KeithJohnson
bank_0,1,368,MatthewEdwards
bank_0,1,369,JamesRamirez
bank_0,1,370,AnnaFitzgerald
bank_0,1,371,JamesVaughan
bank_0,1,372,DanielleBrooks
bank_0,1,373,MeganGonzalez
bank_0,1,374,CarlosStrong
bank_0,1,375,KatherineScott
bank_0,1,376,CaitlinHill
bank_0,1,377,StephanieCowan
bank_0,1,378,JessicaPeters
bank_0,1,379,JeremySmith
bank_0,1,380,BrittneyCardenas
bank_0,1,381,AndreMartinez
bank_0,1,382,DanielleMitchell
bank_0,1,383,JohnNelson
bank_0,1,384,NathanielSmith
bank_0,1,385,CharlesNelson
bank_0,1,386,LarryAnderson
bank_0,1,387,KennethYoung
bank_0,1,388,DanielBowers
bank_0,1,389,MichaelCaldwell
bank_0,1,390,RubenWeaver
bank_0,1,391,ChristopherLopez
bank_0,1,392,SusanGreen
bank_0,1,393,CoreySchwartz
bank_0,1,394,MaryCordova
bank_0,1,395,JessicaMccall
bank_0,1,396,PatrickWhitaker
bank_0,1,397,DylanBridges
bank_0,1,398,AshleyWise
bank_0,1,399,MoniqueGutierrez
bank_0,1,400,AlanFoster
bank_0,1,401,HenryHarmon
bank_0,1,402,HannahGuzman
bank_0,1,403,TaraCasey
bank_0,1,404,JacobCrawford
bank_0,1,405,PatriciaSalazar
bank_0,1,406,StephenWilliams
bank_0,1,407,AlejandraWood
bank_0,1,408,RonaldCameron
bank_0,1,409,KatherineGilbert
bank_0,1,410,AlexanderWilkins
bank_0,1,411,LisaFranklin
bank_0,1,412,EricMartin
bank_0,1,413,MariaYang
bank_0,1,414,JasmineYoung
bank_0,1,415,RobertHoffman
bank_0,1,416,SandraMueller
bank_0,1,417,JacquelineDavis
bank_0,1,418,DanielleNewman
bank_0,1,419,MartinOchoa
bank_0,1,420,ChadBanks
bank_0,1,421,DeborahManning
bank_0,1,422,GarrettMercado
bank_0,1,423,MeganGarner
bank_0,1,424,AaronVelasquez
bank_0,1,425,JenniferCordova
bank_0,1,426,StevenCunningham
bank_0,1,427,AaronAnderson
bank_0,1,428,HollyReilly
bank_0,1,429,AngelaHorn
bank_0,1,430,ChristopherBates
bank_0,1,431,FrederickYoung
bank_0,1,432,BrandonKent
bank_0,1,433,KathyWilliams
bank_0,1,434,AmandaGray
bank_0,1,435,KeithGarcia
bank_0,1,436,AutumnLi
bank_0,1,437,CalvinCline
bank_0,1,438,JefferyRubio
bank_0,1,439,LindaLopez
bank_0,1,440,RyanFowler
bank_0,1,441,LisaTate
bank_0,1,442,TinaSmith
bank_0,1,443,CarlaLara
bank_0,1,444,RebeccaBrown
bank_0,1,445,KyleLove
bank_0,1,446,PatriciaGomez
bank_0,1,447,JonathanMiller
bank_0,1,448,TheodoreGutierrez
bank_0,1,449,TaraTorres
bank_0,1,450,BenjaminAndrews
bank_0,1,451,JessicaGreene
bank_0,1,452,ShaneRobinson
bank_0,1,453,ScottDuffy
bank_0,1,454,AmandaFoster
bank_0,1,455,JohnnySimon
bank_0,1,456,ChristopherLittle
bank_0,1,457,SamanthaLawson
bank_0,1,458,LeviDawson
bank_0,1,459,CrystalSutton
bank_0,1,460,RonaldDavis
bank_0,1,461,RobertDecker
bank_0,1,462,WandaElliott
bank_0,1,463,DavidCastillo
bank_0,1,464,HeatherRios
bank_0,1,465,JessicaBrown
bank_0,1,466,SamanthaThomas
bank_0,1,467,DennisMelton
bank_0,1,468,JessicaMack
bank_0,1,469,PatriciaRivera
bank_0,1,470,MelissaChang
bank_0,1,471,JenniferGarcia
bank_0,1,472,BrandonWhitaker
bank_0,1,473,ShawnMoss
bank_0,1,474,AshleyPerez
bank_0,1,475,ZacharyJohnson
bank_0,1,476,DavidMaddox
bank_0,1,477,JulieOneill
bank_0,1,478,LoriMeyer
bank_0,1,479,MariaHopkins
bank_0,1,480,MollyPeck
bank_0,1,481,GregoryDorsey
bank_0,1,482,JessicaWheeler
bank_0,1,483,XavierCollins
bank_0,1,484,JamesDouglas
bank_0,1,485,JakeParker
bank_0,1,486,ChristopherSmith
bank_0,1,487,JasonWallace
bank_0,1,488,MelindaJoseph
bank_0,1,489,SamuelTownsend
bank_0,1,490,AaronDuncan
bank_0,1,491,TiffanyReid
bank_0,1,492,DouglasMontoya
bank_0,1,493,ChristineSaunders
bank_0,1,494,MichaelRios
bank_0,1,495,DennisDurham
bank_0,1,496,RandyLee
bank_0,1,497,DeannaZavala
bank_0,1,498,JustinHolland
bank_0,1,499,ChristopherOsborne
bank_0,1,500,KevinOrtiz
bank_0,1,501,DanaGraham
bank_0,1,502,JaredMartin
bank_0,1,503,DorothyWyatt
bank_0,1,504,CathyHarris
bank_0,1,505,HollyLane
bank_0,1,506,HollyMorris
bank_0,1,507,BryanWalter
bank_0,1,508,AlexisFuentes
bank_0,1,509,RobertRogers
bank_0,1,510,OliviaJackson
bank_0,1,511,BeverlyKeller
bank_0,1,512,KevinBerry
bank_0,1,513,WilliamWilson
bank_0,1,514,SheilaOrtiz
bank_0,1,515,AmandaPetersen
bank_0,1,516,TheresaKeller
bank_0,1,517,AbigailTrujillo
bank_0,1,518,DanielCarter
bank_0,1,519,RonaldOwens
bank_0,1,520,HannahDeleon
bank_0,1,521,FrankEvans
bank_0,1,522,BiancaRay
bank_0,1,523,KimberlyLam
bank_0,1,524,DamonGlenn
bank_0,1,525,LisaLara
bank_0,1,526,RachelReyes
bank_0,1,527,JesusEvans
bank_0,1,528,CraigBarron
bank_0,1,529,MarissaFields
bank_0,1,530,MichelleKelly
bank_0,1,531,KathrynTapia
bank_0,1,532,KatrinaThomas
bank_0,1,533,JamesFields
bank_0,1,534,TimLewis
bank_0,1,535,FeliciaBooker
bank_0,1,536,RobertKrueger
bank_0,1,537,SallyCole
bank_0,1,538,PhyllisMassey
bank_0,1,539,MindyBryant
bank_0,1,540,CrystalBurns
bank_0,1,541,JenniferAguirre
bank_0,1,542,JamesDiaz
bank_0,1,543,ValerieScott
bank_0,1,544,TristanCross
bank_0,1,545,JoanYoung
bank_0,1,546,AmyHawkins
bank_0,1,547,RobertGriffin
bank_0,1,548,PatriciaWheeler
bank_0,1,549,JenniferMartin
bank_0,1,550,RyanCarr
bank_0,1,551,GeorgeRios
bank_0,1,552,FeliciaGarcia
bank_0,1,553,WandaDavis
bank_0,1,554,ChristopherDeleon
bank_0,1,555,EricDavis
bank_0,1,556,NicholasWang
bank_0,1,557,JeremyStone
bank_0,1,558,MorganClark
bank_0,1,559,PamelaKelly
bank_0,1,560,JoshuaFlowers
bank_0,1,561,MarkSmall
bank_0,1,562,JermaineBell
bank_0,1,563,SheriGould
bank_0,1,564,EdwardMartin
bank_0,1,565,KimberlyElliott
bank_0,1,566,KathrynBarnes
bank_0,1,567,CarlaHoward
bank_0,1,568,JenniferDaniels
bank_0,1,569,JohnJackson
bank_0,1,570,EileenPayne
bank_0,1,571,TaylorSanchez
bank_0,1,572,DavidWilliams
bank_0,1,573,TonyaClark
bank_0,1,574,TheresaSmith
bank_0,1,575,NeilRivera
bank_0,1,576,ChadHill
bank_0,1,577,JonathanPatrick
bank_0,1,578,CourtneyStout
bank_0,1,579,ScottCook
bank_0,1,580,SamuelWilson
bank_0,1,581,SamanthaWiggins
bank_0,1,582,AmyJones
bank_0,1,583,ShelbyBell
bank_0,1,584,ThomasCalderon
bank_0,1,585,AnnJohnson
bank_0,1,586,JenniferJohnson
bank_0,1,587,WilliamLittle
bank_0,1,588,AllisonHolland
bank_0,1,589,GregoryHurley
bank_0,1,590,AlexanderGross
bank_0,1,591,MaryNavarro
bank_0,1,592,BarbaraDunn
bank_0,1,593,MorganFitzpatrick
bank_0,1,594,PhyllisFisher
bank_0,1,595,DanaRodriguez
bank_0,1,596,NancyMoore
bank_0,1,597,LisaBell
bank_0,1,598,JamesGuzman
bank_0,1,599,KimberlySimmons
bank_0,1,600,DonaldEnglish
bank_0,1,601,DestinyMartinez
bank_0,1,602,SherryPhillips
bank_0,1,603,CindyDavenport
bank_0,1,604,TyroneTate
bank_0,1,605,BrendanRussell
bank_0,1,606,JasonCervantes
bank_0,1,607,TylerHudson
bank_0,1,608,JerryWard
bank_0,1,609,KaitlynSmith
bank_0,1,610,CaseyWillis
bank_0,1,611,WalterWhite
bank_0,1,612,ThomasFrye
bank_0,1,613,ChristineAnderson
bank_0,1,614,AllisonFitzpatrick
bank_0,1,615,AlecBishop
bank_0,1,616,MelissaRogers
bank_0,1,617,MariaAndersen
bank_0,1,618,SamanthaHobbs
bank_0,1,619,AllisonWells
bank_0,1,620,AndrewBlake
bank_0,1,621,CathyWallace
bank_0,1,622,TimothyMorris
bank_0,1,623,BriannaJones
bank_0,1,624,SarahOsborn
bank_0,1,625,AngelBecker
bank_0,1,626,MichaelBarnes
bank_0,1,627,JennaFox
bank_0,1,628,KristinaGreen
bank_0,1,629,JosePetersen
bank_0,1,630,CharlesPineda
bank_0,1,631,JohnPhelps
bank_0,1,632,AntonioBrown
bank_0,1,633,JamesRamirez
bank_0,1,634,ElizabethMason
bank_0,1,635,ChristopherThomas
bank_0,1,636,RachelSmith
bank_0,1,637,JefferyMcguire
bank_0,1,638,KerryCasey
bank_0,1,639,NicoleRamirez
bank_0,1,640,ElijahFox
bank_0,1,641,RichardSheppard
bank_0,1,642,RyanBarnes
bank_0,1,643,StephanieWhite
bank_0,1,644,KariBrewer
bank_0,1,645,EricaMarshall
bank_0,1,646,SabrinaJohnson
bank_0,1,647,ErikBoyd
bank_0,1,648,LuisFoster
bank_0,1,649,TammyDaniel
bank_0,1,650,JackLopez
bank_0,1,651,JulieStewart
bank_0,1,652,EdwardJohnson
bank_0,1,653,TrevorVillegas
bank_0,1,654,KristiHarris
bank_0,1,655,JasonRobbins
bank_0,1,656,RobertCarroll
bank_0,1,657,MarilynRusso
bank_0,1,658,ChristopherCardenas
bank_0,1,659,StephanieSchmidt
bank_0,1,660,StephanieGarrett
bank_0,1,661,KathrynPeterson
bank_0,1,662,MelindaMurphy
bank_0,1,663,AliciaFarley
bank_0,1,664,CalvinLarson
bank_0,1,665,KaylaHines
bank_0,1,666,BradleyDunn
bank_0,1,667,JesseClark
bank_0,1,668,JessicaJones
bank_0,1,669,AnthonyMorales
bank_0,1,670,SaraMejia
bank_0,1,671,JesusWatson
bank_0,1,672,ErikBrown
bank_0,1,673,SandraDavila
bank_0,1,674,MasonRobinson
bank_0,1,675,KimberlyGregory
bank_0,1,676,BrandyBrown
bank_0,1,677,JamieCole
bank_0,1,678,AnthonyWebster
bank_0,1,679,MichaelSanchez
bank_0,1,680,JohnDudley
bank_0,1,681,AlexisNunez
bank_0,1,682,JudyCollier
bank_0,1,683,GeorgeSmith
bank_0,1,684,RayGuerra
bank_0,1,685,EricMatthews
bank_0,1,686,EricaVargas
bank_0,1,687,GrantAdams
bank_0,1,688,LuisHill
bank_0,1,689,RobertWood
bank_0,1,690,CherylGarner
bank_0,1,691,MatthewSmith
bank_0,1,692,TracyChoi
bank_0,1,693,BrettFitzpatrick
bank_0,1,694,AndreaSanford
bank_0,1,695,JoseWatson
bank_0,1,696,StevenWatson
bank_0,1,697,GarrettWoods
bank_0,1,698,AshleyStokes
bank_0,1,699,RobertWilson
bank_0,1,700,PattyPhillips
bank_0,1,701,StacyFox
bank_0,1,702,ChelseaBrady
bank_0,1,703,RobertRios
bank_0,1,704,EmilyHays
bank_0,1,705,DanielMcbride
bank_0,1,706,DawnMartin
bank_0,1,707,AmberThompson
bank_0,1,708,JesseAtkinson
bank_0,1,709,RichardMurphy
bank_0,1,710,SheilaHughes
bank_0,1,711,MelissaWalker
bank_0,1,712,HannahWu
bank_0,1,713,BrianJohnson
bank_0,1,714,BrandonFuller
bank_0,1,715,TiffanyOrr
bank_0,1,716,AlexTaylor
bank_0,1,717,StephanieFigueroa
bank_0,1,718,CarrieNavarro
bank_0,1,719,AshleyPark
bank_0,1,720,JohnGlover
bank_0,1,721,NancyNunez
bank_0,1,722,JamesMoore
bank_0,1,723,DavidCruz
bank_0,1,724,AnthonyJohnson
bank_0,1,725,BrianGraves
bank_0,1,726,AngelMoon
bank_0,1,727,LauraJackson
bank_0,1,728,ChristopherCruz
bank_0,1,729,MatthewHines
bank_0,1,730,JamesHarrison
bank_0,1,731,AnnaWood
bank_0,1,732,AnneRichardson
bank_0,1,733,JamesMcdowell
bank_0,1,734,DominicClark
bank_0,1,735,LaurenMacias
bank_0,1,736,RichardAtkins
bank_0,1,737,JohnHouston
bank_0,1,738,YvonneFriedman
bank_0,1,739,KelseyWard
bank_0,1,740,MicheleMolina
bank_0,1,741,PatriciaStein
bank_0,1,742,SummerTorres
bank_0,1,743,TaraButler
bank_0,1,744,JenniferPena
bank_0,1,745,CassandraRivera
bank_0,1,746,RebeccaPhillips
bank_0,1,747,TiffanySalas
bank_0,1,748,MichaelStephenson
bank_0,1,749,DarrellLopez
bank_0,1,750,AmyMartinez
bank_0,1,751,DakotaCalderon
bank_0,1,752,CindyRogers
bank_0,1,753,ChristineBrown
bank_0,1,754,ChristopherShaw
bank_0,1,755,AlbertPatterson
bank_0,1,756,RogerRios
bank_0,1,757,JoshuaRoss
bank_0,1,758,JennaBlack
bank_0,1,759,JamesJohnson
bank_0,1,760,DevinRomero
bank_0,1,761,AnthonyHunter
bank_0,1,762,JaniceThompson
bank_0,1,763,AndreaMiller
bank_0,1,764,GeorgeBaxter
bank_0,1,765,MatthewStephens
bank_0,1,766,KennethHunter
bank_0,1,767,AnthonyMcguire
bank_0,1,768,AndreaHoward
bank_0,1,769,JoanStevens
bank_0,1,770,WendyFisher
bank_0,1,771,AnnaNelson
bank_0,1,772,PatriciaHanson
bank_0,1,773,AndrewSanchez
bank_0,1,774,LindaDunn
bank_0,1,775,KariMendoza
bank_0,1,776,BrianChapman
bank_0,1,777,JenniferMccall
bank_0,1,778,StevenSutton
bank_0,1,779,LawrenceTorres
bank_0,1,780,GeraldBall
bank_0,1,781,MichaelJacobs
bank_0,1,782,WesleyBaker
bank_0,1,783,NicholasKing
bank_0,1,784,KristenNewman
bank_0,1,785,JesseCarroll
bank_0,1,786,MeredithSimmons
bank_0,1,787,BeckyBentley
bank_0,1,788,StephanieSutton
bank_0,1,789,CheyenneRaymond
bank_0,1,790,MariaReed
bank_0,1,791,IvanKramer
bank_0,1,792,CharlesHughes
bank_0,1,793,SamanthaMaddox
bank_0,1,794,DevonDavis
bank_0,1,795,StephenGomez
bank_0,1,796,DevinWheeler
bank_0,1,797,JessicaBanks
bank_0,1,798,ErinMendez
bank_0,1,799,AngelaCarter
bank_0,1,800,LynnStrong
bank_0,1,801,KevinEscobar
bank_0,1,802,ChristopherLong
bank_0,1,803,MichelleGarcia
bank_0,1,804,NicoleBrown
bank_0,1,805,GrantFlores
bank_0,1,806,ThomasHamilton
bank_0,1,807,JoelSmith
bank_0,1,808,MichaelSanchez
bank_0,1,809,HannahKnapp
bank_0,1,810,WilliamMclaughlin
bank_0,1,811,DouglasPowell
bank_0,1,812,CarlaRogers
bank_0,1,813,MicheleJones
bank_0,1,814,CarlosMiller
bank_0,1,815,JasonWilliams
bank_0,1,816,MichaelBarrera
bank_0,1,817,JasminVazquez
bank_0,1,818,KevinFord
bank_0,1,819,JonathanHall
bank_0,1,820,DanielJames
bank_0,1,821,DylanHarvey
bank_0,1,822,JenniferFord
bank_0,1,823,SusanGarcia
bank_0,1,824,EricBranch
bank_0,1,825,LisaMiller
bank_0,1,826,CarlosRobinson
bank_0,1,827,MirandaWatson
bank_0,1,828,AngelaGardner
bank_0,1,829,CourtneyBurnett
bank_0,1,830,EricaCasey
bank_0,1,831,DavidGilmore
bank_0,1,832,JeremyMurray
bank_0,1,833,LindseyWest
bank_0,1,834,NicholasVasquez
bank_0,1,835,ChristineBrown
bank_0,1,836,LarryHarrell
bank_0,1,837,JeremyPowell
bank_0,1,838,KatherineShah
bank_0,1,839,KimberlyClark
bank_0,1,840,AmandaCarter
bank_0,1,841,KevinBarron
bank_0,1,842,ValerieCasey
bank_0,1,843,TracyClark
bank_0,1,844,AaronBarnett
bank_0,1,845,JosephReed
bank_0,1,846,CharlesBurns
bank_0,1,847,BrianGonzalez
bank_0,1,848,ShannonWall
bank_0,1,849,BrianaWilcox
bank_0,1,850,MaryOrtiz
bank_0,1,851,LisaGay
bank_0,1,852,KimberlyCline
bank_0,1,853,DanielTurner
bank_0,1,854,TeresaWalter
bank_0,1,855,JeremyWells
bank_0,1,856,ChelseaAli
bank_0,1,857,LeonRoberts
bank_0,1,858,NathanielMoore
bank_0,1,859,DanielHaynes
bank_0,1,860,LisaDavidson
bank_0,1,861,KelseySmith
bank_0,1,862,AnnaMeyer
bank_0,1,863,BriannaMercado
bank_0,1,864,CathyRaymond
bank_0,1,865,JenniferSchwartz
bank_0,1,866,JoannaLang
bank_0,1,867,DevinGreene
bank_0,1,868,CharlesMoreno
bank_0,1,869,MichaelMartinez
bank_0,1,870,DerekBlackwell
bank_0,1,871,KennethWhite
bank_0,1,872,YvonneGraves
bank_0,1,873,CarolynJordan
bank_0,1,874,ChristianSchmidt
bank_0,1,875,StevenLara
bank_0,1,876,DerrickHardy
bank_0,1,877,DavidEdwards
bank_0,1,878,RonaldCrawford
bank_0,1,879,LindaBurgess
bank_0,1,880,NicholasJackson
bank_0,1,881,HeatherBell
bank_0,1,882,SherriHuff
bank_0,1,883,KellyHolt
bank_0,1,884,LeahDavis
bank_0,1,885,JosephMaxwell
bank_0,1,886,PaulaAlvarez
bank_0,1,887,MeganNoble
bank_0,1,888,PatrickOlson
bank_0,1,889,JulieSmith
bank_0,1,890,TravisDelgado
bank_0,1,891,JenniferBradley
bank_0,1,892,EricWang
bank_0,1,893,PatrickMcdaniel
bank_0,1,894,JonCummings
bank_0,1,895,FrankKing
bank_0,1,896,SusanCox
bank_0,1,897,MichelleEstes
bank_0,1,898,JonathanWard
bank_0,1,899,JustinFisher
bank_0,1,900,BrittanyHaynes
bank_0,1,901,LarryRodgers
bank_0,1,902,CaitlinSanchez
bank_0,1,903,MichaelWaters
bank_0,1,904,RachelMiller
bank_0,1,905,NicoleWhite
bank_0,1,906,JoycePeters
bank_0,1,907,JenniferTerry
bank_0,1,908,CassandraWoods
bank_0,1,909,GregoryThomas
bank_0,1,910,RachelDelgado
bank_0,1,911,AnthonyValdez
bank_0,1,912,AnnaJones
bank_0,1,913,RobertSmith
bank_0,1,914,CameronHuffman
bank_0,1,915,DavidMcdaniel
bank_0,1,916,JacquelineMann
bank_0,1,917,KatherineBuck
bank_0,1,918,LeonardMiles
bank_0,1,919,KennethThompson
bank_0,1,920,BradleyParker
bank_0,1,921,RachelPearson
bank_0,1,922,StephenSnyder
bank_0,1,923,RachelBeck
bank_0,1,924,TravisEvans
bank_0,1,925,ClintonSmith
bank_0,1,926,SusanWagner
bank_0,1,927,KaylaMorris
bank_0,1,928,KevinWoods
bank_0,1,929,WhitneyWilliams
bank_0,1,930,VickieNguyen
bank_0,1,931,StevenSingh
bank_0,1,932,LeslieClements
bank_0,1,933,LisaPerez
bank_0,1,934,TracyJohnson
bank_0,1,935,RobertNelson
bank_0,1,936,NicholasLawson
bank_0,1,937,MariaGreer
bank_0,1,938,TamaraHerrera
bank_0,1,939,JenniferBrown
bank_0,1,940,JamesGarza
bank_0,1,941,CynthiaBaird
bank_0,1,942,DeniseSimpson
bank_0,1,943,DianaLewis
bank_0,1,944,MiaGreen
bank_0,1,945,KevinPowell
bank_0,1,946,KristaTurner
bank_0,1,947,ShawnBoone
bank_0,1,948,LaurenSmith
bank_0,1,949,AnnaJohnson
bank_0,1,950,PeggySmith
bank_0,1,951,BonnieChapman
bank_0,1,952,KimRoberts
bank_0,1,953,DonaldNguyen
bank_0,1,954,JudithSmith
bank_0,1,955,DiamondHernandez
bank_0,1,956,DeborahBrown
bank_0,1,957,DavidRobinson
bank_0,1,958,MichaelDixon
bank_0,1,959,DonaldPhillips
bank_0,1,960,ChristopherFuller
bank_0,1,961,MarieMann
bank_0,1,962,JeffreyMiles
bank_0,1,963,ChelseaMorris
bank_0,1,964,DebbieWalker
bank_0,1,965,JohnNelson
bank_0,1,966,RyanHowe
bank_0,1,967,DavidRussell
bank_0,1,968,EmilyLong
bank_0,1,969,ShawnFarley
bank_0,1,970,AaronTurner
bank_0,1,971,DavidScott
bank_0,1,972,JosephKnapp
bank_0,1,973,AndreaAlexander
bank_0,1,974,JoelKramer
bank_0,1,975,SarahMiranda
bank_0,1,976,CrystalAlexander
bank_0,1,977,EricRandolph
bank_0,1,978,MichaelHoward
bank_0,1,979,JamieGriffin
bank_0,1,980,MelissaLeonard
bank_0,1,981,TammyClark
bank_0,1,982,BillyRoberts
bank_0,1,983,MichaelMoody
bank_0,1,984,PatrickWilliams
bank_0,1,985,MarissaMunoz
bank_0,1,986,EricMyers
bank_0,1,987,KennethWhitaker
bank_0,1,988,BrandonAdams
bank_0,1,989,JonathanMaldonado
bank_0,1,990,JavierHawkins
bank_0,1,991,RobertMccall
bank_0,1,992,ChristinaMolina
bank_0,1,993,HollySchmidt
bank_0,1,994,AnthonyButler
bank_0,1,995,TyroneReeves
bank_0,1,996,EdwardBlack
bank_0,1,997,BrendaJimenez
bank_0,1,998,GeraldKane
bank_0,1,999,GregoryCollier
bank_0,1,1000,ElizabethCooper
bank_0,1,1001,KevinGreen
bank_0,1,1002,KarenCarpenter
bank_0,1,1003,CarlyHopkins
bank_0,1,1004,MicheleBradley
bank_0,1,1005,MichelleWeber
bank_0,1,1006,GlendaMendoza
bank_0,1,1007,JamesWalker
bank_0,1,1008,MichelleDavis
bank_0,1,1009,JohnBarr
bank_0,1,1010,DanielAlvarado
bank_0,1,1011,MariaSchultz
bank_0,1,1012,JerryTrevino
bank_0,1,1013,DavidMorrow
bank_0,1,1014,JoyceFox
bank_0,1,1015,LisaBrown
bank_0,1,1016,SarahJones
bank_0,1,1017,KatieVilla
bank_0,1,1018,AndrewAnderson
bank_0,1,1019,NicolePorter
bank_0,1,1020,DouglasSmith
bank_0,1,1021,JohnHammond
bank_0,1,1022,RyanWilson
bank_0,1,1023,ThomasLeach
bank_0,1,1024,TammyCruz
bank_0,1,1025,JustinYoung
bank_0,1,1026,MichaelBaldwin
bank_0,1,1027,RobertVazquez
bank_0,1,1028,VanessaJackson
bank_0,1,1029,WayneMorgan
bank_0,1,1030,KyleBates
bank_0,1,1031,ReneeLopez
bank_0,1,1032,JimWilson
bank_0,1,1033,CatherineMcintosh
bank_0,1,1034,KaylaGreene
bank_0,1,1035,WilliamCook
bank_0,1,1036,BarbaraRodriguez
bank_0,1,1037,RickyJames
bank_0,1,1038,HannahHubbard
bank_0,1,1039,MelissaFox
bank_0,1,1040,MichaelPeters
bank_0,1,1041,LindseyRay
bank_0,1,1042,ChristopherDixon
bank_0,1,1043,RichardThompson
bank_0,1,1044,RyanThomas
bank_0,1,1045,MaryJohnson
bank_0,1,1046,MichaelWest
bank_0,1,1047,MarkJohnson
bank_0,1,1048,StacySmith
bank_0,1,1049,JoshuaPorter
bank_0,1,1050,DianaRogers
bank_0,1,1051,ValerieBell
bank_0,1,1052,MelindaPeterson
bank_0,1,1053,MichealLopez
bank_0,1,1054,DanielWeber
bank_0,1,1055,KarenWalker
bank_0,1,1056,MichaelGates
bank_0,1,1057,RobertSmith
bank_0,1,1058,RogerConley
bank_0,1,1059,AlexisRoberts
bank_0,1,1060,DarrellWilliams
bank_0,1,1061,KaylaOwens
bank_0,1,1062,SaraSandoval
bank_0,1,1063,JenniferMiller
bank_0,1,1064,ShannonJohnson
bank_0,1,1065,JeanHubbard
bank_0,1,1066,JoycePham
bank_0,1,1067,AudreyNichols
bank_0,1,1068,BarbaraWebb
bank_0,1,1069,CaseyOrtiz
bank_0,1,1070,ScottSmith
bank_0,1,1071,TrevorGordon
bank_0,1,1072,DavidNorris
bank_0,1,1073,AmandaJones
bank_0,1,1074,DanaHarrell
bank_0,1,1075,ElizabethThomas
bank_0,1,1076,TerriHoffman
bank_0,1,1077,JessicaWest
bank_0,1,1078,DeniseDavis
bank_0,1,1079,JoshuaHoward
bank_0,1,1080,CoreyHawkins
bank_0,1,1081,JohnMarshall
bank_0,1,1082,JenniferWilson
bank_0,1,1083,KevinPena
bank_0,1,1084,CalebPittman
bank_0,1,1085,AdamSimmons
bank_0,1,1086,KathyCampbell
bank_0,1,1087,LoriBuck
bank_0,1,1088,JoshuaJackson
bank_0,1,1089,DavidBuchanan
bank_0,1,1090,JulieSmith
bank_0,1,1091,SabrinaAndersen
bank_0,1,1092,TeresaHughes
bank_0,1,1093,LisaCase
bank_0,1,1094,TaylorJohnson
bank_0,1,1095,StanleyPeters
bank_0,1,1096,MichelleMorrison
bank_0,1,1097,FrankMorrison
bank_0,1,1098,SabrinaPham
bank_0,1,1099,JasonSmith
bank_0,1,1100,TracyBarker
bank_0,1,1101,AnthonyJohnson
bank_0,1,1102,SheilaGray
bank_0,1,1103,ErikJones
bank_0,1,1104,BenjaminNichols
bank_0,1,1105,ChristinaFoster
bank_0,1,1106,AliciaBlack
bank_0,1,1107,ConnieLewis
bank_0,1,1108,JordanBush
bank_0,1,1109,JuanBender
bank_0,1,1110,JoanGraham
bank_0,1,1111,StephanieKoch
bank_0,1,1112,ToddLuna
bank_0,1,1113,JohnHansen
bank_0,1,1114,CliffordAnderson
bank_0,1,1115,JosephVaughan
bank_0,1,1116,CynthiaJackson
bank_0,1,1117,JessicaObrien
bank_0,1,1118,JamesMay
bank_0,1,1119,RyanBlair
bank_0,1,1120,EricRichardson
bank_0,1,1121,JacquelineBrock
bank_0,1,1122,KatieRamirez
bank_0,1,1123,DavidPhillips
bank_0,1,1124,DeniseMartin
bank_0,1,1125,ShaneDelacruz
bank_0,1,1126,StephenMurphy
bank_0,1,1127,YeseniaRussell
bank_0,1,1128,BrandonKelley
bank_0,1,1129,TaylorObrien
bank_0,1,1130,SarahPage
bank_0,1,1131,LaurenPearson
bank_0,1,1132,NicoleCohen
bank_0,1,1133,HenrySmith
bank_0,1,1134,DavidMcguire
bank_0,1,1135,TiffanyHenry
bank_0,1,1136,MatthewHawkins
bank_0,1,1137,AngelaBell
bank_0,1,1138,CoreyLewis
bank_0,1,1139,EugenePena
bank_0,1,1140,StephenDeleon
bank_0,1,1141,MichaelJuarez
bank_0,1,1142,HunterNelson
bank_0,1,1143,SarahWilliams
bank_0,1,1144,JohnPatterson
bank_0,1,1145,LindaNicholson
bank_0,1,1146,AmandaSaunders
bank_0,1,1147,VeronicaBrown
bank_0,1,1148,PatrickFigueroa
bank_0,1,1149,MorganRoman
bank_0,1,1150,RandyAllen
bank_0,1,1151,EmilyWoodard
bank_0,1,1152,DebraThompson
bank_0,1,1153,NathanStephens
bank_0,1,1154,JamesHubbard
bank_0,1,1155,BarbaraWalton
bank_0,1,1156,AngelaRobinson
bank_0,1,1157,TroyHoffman
bank_0,1,1158,TamiHarris
bank_0,1,1159,JanetJones
bank_0,1,1160,TonyBrown
bank_0,1,1161,JohnSharp
bank_0,1,1162,JamesFarrell
bank_0,1,1163,BriannaWaller
bank_0,1,1164,PaulSmith
bank_0,1,1165,MichelleTorres
bank_0,1,1166,MichelleFerguson
bank_0,1,1167,LisaColeman
bank_0,1,1168,MarySmith
bank_0,1,1169,EricaBurnett
bank_0,1,1170,JenniferPowell
bank_0,1,1171,BrittanyFlores
bank_0,1,1172,JaniceWilliams
bank_0,1,1173,AdamHaley
bank_0,1,1174,JustinKnox
bank_0,1,1175,WilliamTurner
bank_0,1,1176,CraigKhan
bank_0,1,1177,MarissaMoore
bank_0,1,1178,TimothyKane
bank_0,1,1179,AnthonyColeman
bank_0,1,1180,RobertStephenson
bank_0,1,1181,LeslieRodriguez
bank_0,1,1182,PaulaRobinson
bank_0,1,1183,PatrickMartin
bank_0,1,1184,CrystalDean
bank_0,1,1185,MaryJones
bank_0,1,1186,MelissaPreston
bank_0,1,1187,HenryWalls
bank_0,1,1188,RoyWilliams
bank_0,1,1189,MariaTaylor
bank_0,1,1190,KathyReid
bank_0,1,1191,CarolSmith
bank_0,1,1192,TracyNelson
bank_0,1,1193,MaryBurch
bank_0,1,1194,KevinKelly
bank_0,1,1195,TaylorHenderson
bank_0,1,1196,NathanielMiller
bank_0,1,1197,TerriMoran
bank_0,1,1198,NicoleWright
bank_0,1,1199,BrandonMorris
bank_0,1,1200,MichaelClark
bank_0,1,1201,HeatherCampbell
bank_0,1,1202,ColleenWalker
bank_0,1,1203,SamuelClark
bank_0,1,1204,KristinaSoto
bank_0,1,1205,ChristinaKim
bank_0,1,1206,MeganBell
bank_0,1,1207,CarrieReyes
bank_0,1,1208,DanielleFreeman
bank_0,1,1209,AnnJones
bank_0,1,1210,ChristineMitchell
bank_0,1,1211,AngelaJones
bank_0,1,1212,MichelleFields
bank_0,1,1213,ChadTorres
bank_0,1,1214,DavidBall
bank_0,1,1215,RichardVillarreal
bank_0,1,1216,RobertSmith
bank_0,1,1217,RachelGiles
bank_0,1,1218,KimberlyTurner
bank_0,1,1219,RachelVasquez
bank_0,1,1220,NancySalinas
bank_0,1,1221,MeganWu
bank_0,1,1222,WilliamHopkins
bank_0,1,1223,JenniferRojas
bank_0,1,1224,JesseFranco
bank_0,1,1225,PrestonDaniels
bank_0,1,1226,BrianFaulkner
bank_0,1,1227,JasonHarris
bank_0,1,1228,ColinBurgess
bank_0,1,1229,BrittanyAllen
bank_0,1,1230,CherylYoder
bank_0,1,1231,AmandaSchroeder
bank_0,1,1232,CandaceWatson
bank_0,1,1233,JohnRichardson
bank_0,1,1234,MelissaSmith
bank_0,1,1235,MonicaMarks
bank_0,1,1236,CindyBaker
bank_0,1,1237,MarkGriffin
bank_0,1,1238,NatashaGomez
bank_0,1,1239,LauraPorter
bank_0,1,1240,KristopherJones
bank_0,1,1241,CherylDuncan
bank_0,1,1242,KarenLivingston
bank_0,1,1243,KathyGuerrero
bank_0,1,1244,JoshuaCraig
bank_0,1,1245,JasonBrown
bank_0,1,1246,CassieWaters
bank_0,1,1247,SeanJohnson
bank_0,1,1248,StevenTran
bank_0,1,1249,JaredAllen
bank_0,1,1250,MichaelEvans
bank_0,1,1251,SamanthaAguilar
bank_0,1,1252,JessicaLambert
bank_0,1,1253,TraceyCollins
bank_0,1,1254,LoganLee
bank_0,1,1255,KimberlyAdams
bank_0,1,1256,EricMorales
bank_0,1,1257,KendraSmith
bank_0,1,1258,DavidBradley
bank_0,1,1259,HeatherMiller
bank_0,1,1260,ThomasHoover
bank_0,1,1261,TheresaKim
bank_0,1,1262,MichaelHouston
bank_0,1,1263,AshleyOrr
bank_0,1,1264,RichardMurillo
bank_0,1,1265,MeganMorales
bank_0,1,1266,JessicaChandler
bank_0,1,1267,MatthewGarrett
bank_0,1,1268,StevenHill
bank_0,1,1269,ThomasCarroll
bank_0,1,1270,JamesHamilton
bank_0,1,1271,JenniferGibson
bank_0,1,1272,JenniferPhillips
bank_0,1,1273,MatthewThompson
bank_0,1,1274,DonnaGillespie
bank_0,1,1275,RyanGarcia
bank_0,1,1276,LauraHood
bank_0,1,1277,LuisBrown
bank_0,1,1278,ChristopherGriffith
bank_0,1,1279,AndreaStephenson
bank_0,1,1280,KristopherHarding
bank_0,1,1281,JanetShannon
bank_0,1,1282,LisaDuncan
bank_0,1,1283,LisaSullivan
bank_0,1,1284,JennaSmith
bank_0,1,1285,AndrewWilson
bank_0,1,1286,AndrewWebb
bank_0,1,1287,KristyTerry
bank_0,1,1288,RachelSmith
bank_0,1,1289,DanielPage
bank_0,1,1290,JohnPerez
bank_0,1,1291,EdgarKelly
bank_0,1,1292,AdamGomez
bank_0,1,1293,LauraBradley
bank_0,1,1294,RobertPetersen
bank_0,1,1295,JakeBaker
bank_0,1,1296,TonyaHall
bank_0,1,1297,IsaiahDuffy
bank_0,1,1298,MarkRocha
bank_0,1,1299,BrandonGoodman
bank_0,1,1300,NicholasHendricks
bank_0,1,1301,NicoleBlackwell
bank_0,1,1302,AmandaJones
bank_0,1,1303,BrianaHull
bank_0,1,1304,HeidiClark
bank_0,1,1305,WhitneyRios
bank_0,1,1306,RobertFrancis
bank_0,1,1307,LorraineSilva
bank_0,1,1308,WalterMiller
bank_0,1,1309,JamesClark
bank_0,1,1310,MichaelSmall
bank_0,1,1311,LarryYoung
bank_0,1,1312,AndrewCollins
bank_0,1,1313,MeganGreen
bank_0,1,1314,LindaGaines
bank_0,1,1315,BobbyKeller
bank_0,1,1316,RobertKing
bank_0,1,1317,MichaelRogers
bank_0,1,1318,BenjaminThomas
bank_0,1,1319,LaurieJimenez
bank_0,1,1320,MicheleRodgers
bank_0,1,1321,StephanieBrown
bank_0,1,1322,GregoryBoyd
bank_0,1,1323,JohnConner
bank_0,1,1324,PaulWells
bank_0,1,1325,MichellePatterson
bank_0,1,1326,ChristopherJohnson
bank_0,1,1327,JohnMclaughlin
bank_0,1,1328,DerekRowe
bank_0,1,1329,ShaunLindsey
bank_0,1,1330,JonathanGardner
bank_0,1,1331,JoshuaFuller
bank_0,1,1332,CoryMartinez
bank_0,1,1333,BarbaraLevine
bank_0,1,1334,CourtneyLarson
bank_0,1,1335,DavidHarris
bank_0,1,1336,LisaWilson
bank_0,1,1337,SamuelLee
bank_0,1,1338,BrandonKramer
bank_0,1,1339,CharleneRamirez
bank_0,1,1340,JasonVincent
bank_0,1,1341,AndrewWilson
bank_0,1,1342,BrianStewart
bank_0,1,1343,LouisNorman
bank_0,1,1344,StevenWright
bank_0,1,1345,VincentOsborn
bank_0,1,1346,JustinRandall
bank_0,1,1347,RachelCaldwell
bank_0,1,1348,LeonardWilliams
bank_0,1,1349,MichelleShepherd
bank_0,1,1350,LaurenDixon
bank_0,1,1351,JenniferStephenson
bank_0,1,1352,KyleHale
bank_0,1,1353,MaryAlexander
bank_0,1,1354,ElizabethFlynn
bank_0,1,1355,TonyRodriguez
bank_0,1,1356,DenisePierce
bank_0,1,1357,LoriPatrick
bank_0,1,1358,WilliamSmith
bank_0,1,1359,RicardoAtkins
bank_0,1,1360,MichelleCohen
bank_0,1,1361,RichardBrewer
bank_0,1,1362,KristinaThompson
bank_0,1,1363,JenniferRomero
bank_0,1,1364,TracySanders
bank_0,1,1365,CharlesMarsh
bank_0,1,1366,NicholasGolden
bank_0,1,1367,MandyRobinson
bank_0,1,1368,JenniferDurham
bank_0,1,1369,JeffLambert
bank_0,1,1370,AllisonGlass
bank_0,1,1371,BrandyFernandez
bank_0,1,1372,PaulaBeck
bank_0,1,1373,TammyFlores
bank_0,1,1374,LuisPierce
bank_0,1,1375,JonathanGood
bank_0,1,1376,AlexisDougherty
bank_0,1,1377,ValerieFrey
bank_0,1,1378,ScottBarnes
bank_0,1,1379,SamanthaMeadows
bank_0,1,1380,RobertBooker
bank_0,1,1381,KristieThornton
bank_0,1,1382,DanaSimpson
bank_0,1,1383,ChristopherSmith
bank_0,1,1384,MaureenMoss
bank_0,1,1385,MiaPerez
bank_0,1,1386,TammyGilbert
bank_0,1,1387,MicheleGonzalez
bank_0,1,1388,EmilyGoodwin
bank_0,1,1389,MelissaMills
bank_0,1,1390,MelissaGarcia
bank_0,1,1391,DonnaFox
bank_0,1,1392,OliviaNewman
bank_0,1,1393,AprilArnold
bank_0,1,1394,KathyBeck
bank_0,1,1395,MatthewJames
bank_0,1,1396,HollyTorres
bank_0,1,1397,DustinDavis
bank_0,1,1398,JustinFrost
bank_0,1,1399,JoseBonilla
bank_0,1,1400,AndrewBeard
bank_0,1,1401,TammyMason
bank_0,1,1402,AnthonyMyers
bank_0,1,1403,NatashaLe
bank_0,1,1404,AnnGonzalez
bank_0,1,1405,DarrenHudson
bank_0,1,1406,MathewDavis
bank_0,1,1407,ChristopherKemp
bank_0,1,1408,AlexisCooper
bank_0,1,1409,CarolynOdonnell
bank_0,1,1410,DamonReese
bank_0,1,1411,CarolineGarcia
bank_0,1,1412,MichaelCook
bank_0,1,1413,KeithDelacruz
bank_0,1,1414,DanielCooke
bank_0,1,1415,CourtneyVelez
bank_0,1,1416,SheilaCook
bank_0,1,1417,JamesScott
bank_0,1,1418,ZacharyGriffin
bank_0,1,1419,DustinEvans
bank_0,1,1420,SarahSanchez
bank_0,1,1421,AllisonNichols
bank_0,1,1422,ChristinaClark
bank_0,1,1423,EdwinTaylor
bank_0,1,1424,JeanetteDavis
bank_0,1,1425,JudithWalton
bank_0,1,1426,JasmineHart
bank_0,1,1427,JasonKnight
bank_0,1,1428,TeresaGreen
bank_0,1,1429,MichaelCampbell
bank_0,1,1430,JosephCollins
bank_0,1,1431,TylerJohnson
bank_0,1,1432,AlexBarnett
bank_0,1,1433,RalphSmith
bank_0,1,1434,JosephHamilton
bank_0,1,1435,KristineLewis
bank_0,1,1436,MarkWilliams
bank_0,1,1437,RichardMurphy
bank_0,1,1438,ThomasOwens
bank_0,1,1439,CurtisSoto
bank_0,1,1440,ChristineCampbell
bank_0,1,1441,SydneyCochran
bank_0,1,1442,ShannonGardner
bank_0,1,1443,KevinYoung
bank_0,1,1444,MichaelRollins
bank_0,1,1445,JosephWhitehead
bank_0,1,1446,PamelaMarshall
bank_0,1,1447,JacobOconnor
bank_0,1,1448,ShannonDawson
bank_0,1,1449,MichaelPerry
bank_0,1,1450,CindyChavez
bank_0,1,1451,GeorgeRay
bank_0,1,1452,TroyMartin
bank_0,1,1453,DonaldBrown
bank_0,1,1454,ErinWeber
bank_0,1,1455,RyanFranklin
bank_0,1,1456,AndreaMartin
bank_0,1,1457,TiffanyOrozco
bank_0,1,1458,KennethHurst
bank_0,1,1459,JeffreyWiggins
bank_0,1,1460,EthanBell
bank_0,1,1461,CandaceHampton
bank_0,1,1462,MariaSpencer
bank_0,1,1463,KennethBaker
bank_0,1,1464,DouglasPerry
bank_0,1,1465,StevenReeves
bank_0,1,1466,LisaWilliams
bank_0,1,1467,GeorgeGutierrez
bank_0,1,1468,KimberlyBrown
bank_0,1,1469,IsaacRivera
bank_0,1,1470,GregoryOconnor
bank_0,1,1471,AshleyYang
bank_0,1,1472,HowardClark
bank_0,1,1473,RobinRogers
bank_0,1,1474,TravisWeiss
bank_0,1,1475,BrandyBailey
bank_0,1,1476,MarieLang
bank_0,1,1477,LindaWhite
bank_0,1,1478,AnthonySampson
bank_0,1,1479,AndreaGarcia
bank_0,1,1480,JaclynRiggs
bank_0,1,1481,WendyHanson
bank_0,1,1482,JeffEnglish
bank_0,1,1483,AmyNeal
bank_0,1,1484,JamesAvila
bank_0,1,1485,MarkHolden
bank_0,1,1486,LindseyHansen
bank_0,1,1487,JosephHernandez
bank_0,1,1488,JosephDavis
bank_0,1,1489,MarilynBoyd
bank_0,1,1490,AdamKelley
bank_0,1,1491,CurtisPowers
bank_0,1,1492,AngelaRodriguez
bank_0,1,1493,GeorgeFoster
bank_0,1,1494,JohnnyBrown
bank_0,1,1495,MaryCarroll
bank_0,1,1496,JohnMitchell
bank_0,1,1497,NicholasDavis
bank_0,1,1498,MaryMoore
bank_0,1,1499,BenjaminRyan
bank_0,1,1500,TracyPoole
bank_0,1,1501,JeffreyReed
bank_0,1,1502,JohnHarris
bank_0,1,1503,MichaelFrost
bank_0,1,1504,JuliaKing
bank_0,1,1505,ScottButler
bank_0,1,1506,ChristopherPerez
bank_0,1,1507,AngelaGordon
bank_0,1,1508,CharlesSmall
bank_0,1,1509,TheresaHodges
bank_0,1,1510,DanielMarquez
bank_0,1,1511,MichelleColon
bank_0,1,1512,JuliaJohnson
bank_0,1,1513,RachelWard
bank_0,1,1514,EvanStevenson
bank_0,1,1515,JamesMitchell
bank_0,1,1516,BillyJimenez
bank_0,1,1517,GeorgeBrooks
bank_0,1,1518,HeatherNash
bank_0,1,1519,DavidCallahan
bank_0,1,1520,BrianRodgers
bank_0,1,1521,ValerieEvans
bank_0,1,1522,AprilHardy
bank_0,1,1523,KevinJensen
bank_0,1,1524,MatthewMccarthy
bank_0,1,1525,JamesJohnson
bank_0,1,1526,StevenBarrett
bank_0,1,1527,SamuelRoberts
bank_0,1,1528,AndrewMay
bank_0,1,1529,BobbyGutierrez
bank_0,1,1530,DeborahWilliams
bank_0,1,1531,RichardGallegos
bank_0,1,1532,BrianRichardson
bank_0,1,1533,ClaytonMaxwell
bank_0,1,1534,KathyAllen
bank_0,1,1535,ErinFreeman
bank_0,1,1536,JamesForbes
bank_0,1,1537,TonyArmstrong
bank_0,1,1538,AdamAnderson
bank_0,1,1539,VictoriaPorter
bank_0,1,1540,RobertAdkins
bank_0,1,1541,HannahJones
bank_0,1,1542,JenniferLutz
bank_0,1,1543,HeatherTorres
bank_0,1,1544,RyanCook
bank_0,1,1545,KathySerrano
bank_0,1,1546,JessicaPotter
bank_0,1,1547,MonicaMeyer
bank_0,1,1548,MichelleNichols
bank_0,1,1549,MichaelChristian
bank_0,1,1550,ChadPugh
bank_0,1,1551,HannahSandoval
bank_0,1,1552,AustinKent
bank_0,1,1553,LisaDixon
bank_0,1,1554,RonaldAndersen
bank_0,1,1555,AnthonySmith
bank_0,1,1556,VictoriaOliver
bank_0,1,1557,MichaelReyes
bank_0,1,1558,KevinSmith
bank_0,1,1559,DylanWinters
bank_0,1,1560,RobertGordon
bank_0,1,1561,ThomasSteele
bank_0,1,1562,BrandyNguyen
bank_0,1,1563,RachaelCurtis
bank_0,1,1564,JohnAlexander
bank_0,1,1565,StephanieWeber
bank_0,1,1566,AndreLopez
bank_0,1,1567,MichaelHudson
bank_0,1,1568,CaitlinMullins
bank_0,1,1569,SamanthaTyler
bank_0,1,1570,CharlesCurtis
bank_0,1,1571,RichardBray
bank_0,1,1572,RobertHoffman
bank_0,1,1573,ColleenMadden
bank_0,1,1574,BrentMedina
bank_0,1,1575,KendraAllen
bank_0,1,1576,MichaelPowell
bank_0,1,1577,RuthTorres
bank_0,1,1578,CoreyBell
bank_0,1,1579,RaymondRoss
bank_0,1,1580,TylerMccormick
bank_0,1,1581,CharlesGarcia
bank_0,1,1582,TrevorPowell
bank_0,1,1583,DanielBaker
bank_0,1,1584,TinaFowler
bank_0,1,1585,JasonRoss
bank_0,1,1586,HeatherLi
bank_0,1,1587,PatriciaMurphy
bank_0,1,1588,BrandonKeller
bank_0,1,1589,CodyArmstrong
bank_0,1,1590,NicoleHess
bank_0,1,1591,JoelBishop
bank_0,1,1592,TanyaHess
bank_0,1,1593,StephenFerguson
bank_0,1,1594,SarahHernandez
bank_0,1,1595,NatalieHolloway
bank_0,1,1596,FrankWest
bank_0,1,1597,StephenManning
bank_0,1,1598,JacobReed
bank_0,1,1599,ZacharyThompson
bank_0,1,1600,JohnLee
bank_0,1,1601,KellyKelly
bank_0,1,1602,TaylorMunoz
bank_0,1,1603,SeanCurry
bank_0,1,1604,MelissaFerguson
bank_0,1,1605,BriannaBaker
bank_0,1,1606,AlexanderCampbell
bank_0,1,1607,DavidBartlett
bank_0,1,1608,RobertaChang
bank_0,1,1609,JamesDawson
bank_0,1,1610,CarlaGarza
bank_0,1,1611,BrianRogers
bank_0,1,1612,MaryMoyer
bank_0,1,1613,LarryHoward
bank_0,1,1614,KatieHarrell
bank_0,1,1615,KevinBallard
bank_0,1,1616,JeffreyBrown
bank_0,1,1617,PatriciaErickson
bank_0,1,1618,StephanieOwens
bank_0,1,1619,MelissaFlynn
bank_0,1,1620,AnthonySanchez
bank_0,1,1621,RachelDurham
bank_0,1,1622,BethanyJohnson
bank_0,1,1623,AliciaShelton
bank_0,1,1624,JamesMeyer
bank_0,1,1625,DavidMorales
bank_0,1,1626,JessicaPollard
bank_0,1,1627,WilliamKing
bank_0,1,1628,DonButler
bank_0,1,1629,LauraDavis
bank_0,1,1630,ChristyTurner
bank_0,1,1631,SaraMeyer
bank_0,1,1632,AliciaRich
bank_0,1,1633,JasonKennedy
bank_0,1,1634,BrianLarson
bank_0,1,1635,KaraCrane
bank_0,1,1636,BrandonJackson
bank_0,1,1637,JosephSaunders
bank_0,1,1638,BrandonMartinez
bank_0,1,1639,DonnaDiaz
bank_0,1,1640,MaureenThompson
bank_0,1,1641,LindsaySantos
bank_0,1,1642,SaraWilson
bank_0,1,1643,StephanieHughes
bank_0,1,1644,DanielSingleton
bank_0,1,1645,RuthShah
bank_0,1,1646,JosephRiley
bank_0,1,1647,BriannaJacobs
bank_0,1,1648,SamanthaMoore
bank_0,1,1649,KeithChan
bank_0,1,1650,MelanieCook
bank_0,1,1651,MelvinBoone
bank_0,1,1652,LaurenGonzales
bank_0,1,1653,NicholasLopez
bank_0,1,1654,BrianBurke
bank_0,1,1655,KristinYoder
bank_0,1,1656,JamieSmith
bank_0,1,1657,RobertAnderson
bank_0,1,1658,JasonNguyen
bank_0,1,1659,JanetAtkins
bank_0,1,1660,BrittanyJackson
bank_0,1,1661,TimothyMarquez
bank_0,1,1662,AngelaBerry
bank_0,1,1663,LucasHerrera
bank_0,1,1664,LoriBarker
bank_0,1,1665,ChristopherPeters
bank_0,1,1666,SabrinaSullivan
bank_0,1,1667,BenjaminCruz
bank_0,1,1668,SherryBrown
bank_0,1,1669,LisaGarcia
bank_0,1,1670,JeremyCummings
bank_0,1,1671,CaitlinRoberts
bank_0,1,1672,MichelleValenzuela
bank_0,1,1673,TaylorPerez
bank_0,1,1674,ChristineSimmons
bank_0,1,1675,JohnJackson
bank_0,1,1676,DouglasJackson
bank_0,1,1677,KathleenWilliams
bank_0,1,1678,KellyClark
bank_0,1,1679,ElizabethWalker
bank_0,1,1680,JefferyCrawford
bank_0,1,1681,KaraSmith
bank_0,1,1682,MelissaRitter
bank_0,1,1683,MichaelKim
bank_0,1,1684,JosephDiaz
bank_0,1,1685,ChristopherBarnett
bank_0,1,1686,JoelSmith
bank_0,1,1687,JenniferRobinson
bank_0,1,1688,NicholasSmith
bank_0,1,1689,TinaJames
bank_0,1,1690,RichardMolina
bank_0,1,1691,MariahSmith
bank_0,1,1692,LauraSmith
bank_0,1,1693,NicoleLarson
bank_0,1,1694,BrianWarren
bank_0,1,1695,SpencerBanks
bank_0,1,1696,DonaldMoore
bank_0,1,1697,SheilaYoung
bank_0,1,1698,SarahSoto
bank_0,1,1699,ZacharyMccarthy
bank_0,1,1700,CoryFernandez
bank_0,1,1701,DeniseHowell
bank_0,1,1702,RuthThompson
bank_0,1,1703,JuliaChapman
bank_0,1,1704,NathanielMathews
bank_0,1,1705,MeghanYoung
bank_0,1,1706,CynthiaReynolds
bank_0,1,1707,AaronAyala
bank_0,1,1708,JessicaAnthony
bank_0,1,1709,KellyWilliams
bank_0,1,1710,KylieJones
bank_0,1,1711,JohnFletcher
bank_0,1,1712,ChristopherHernandez
bank_0,1,1713,KevinOdom
bank_0,1,1714,AshleyCarter
bank_0,1,1715,VickiRogers
bank_0,1,1716,RhondaVasquez
bank_0,1,1717,RyanDixon
bank_0,1,1718,JohnBrooks
bank_0,1,1719,AndresLong
bank_0,1,1720,JayAdams
bank_0,1,1721,KevinSmith
bank_0,1,1722,AmberLawson
bank_0,1,1723,JosephJohnson
bank_0,1,1724,LisaBryant
bank_0,1,1725,MichaelStewart
bank_0,1,1726,JohnReyes
bank_0,1,1727,LisaWhite
bank_0,1,1728,DevinKim
bank_0,1,1729,LindaRamirez
bank_0,1,1730,DariusMueller
bank_0,1,1731,TerryNichols
bank_0,1,1732,PeggyWoodward
bank_0,1,1733,JonathanCaldwell
bank_0,1,1734,MeganBishop
bank_0,1,1735,MichaelMclaughlin
bank_0,1,1736,KevinWood
bank_0,1,1737,SeanMcguire
bank_0,1,1738,NicoleMonroe
bank_0,1,1739,JulieMartin
bank_0,1,1740,WilliamBoyd
bank_0,1,1741,JustinWilliams
bank_0,1,1742,MelissaScott
bank_0,1,1743,KatherineGonzalez
bank_0,1,1744,CourtneyBarnes
bank_0,1,1745,JerryTaylor
bank_0,1,1746,MarieGray
bank_0,1,1747,DonnaMarks
bank_0,1,1748,SusanAndrews
bank_0,1,1749,ZoeDavid
bank_0,1,1750,RachelWright
bank_0,1,1751,JosephWebb
bank_0,1,1752,AmandaMathis
bank_0,1,1753,LindaNichols
bank_0,1,1754,ShannonAllen
bank_0,1,1755,MichaelRice
bank_0,1,1756,CollinSwanson
bank_0,1,1757,AndrewLee
bank_0,1,1758,JohnWare
bank_0,1,1759,AdrianRush
bank_0,1,1760,EricaCampbell
bank_0,1,1761,BrandonPollard
bank_0,1,1762,JustinRobinson
bank_0,1,1763,AnaMiller
bank_0,1,1764,KimberlyGomez
bank_0,1,1765,BenjaminMartin
bank_0,1,1766,RobertThomas
bank_0,1,1767,RonaldBautista
bank_0,1,1768,JeremySimpson
bank_0,1,1769,JenniferDavis
bank_0,1,1770,EmilyLewis
bank_0,1,1771,RonaldStone
bank_0,1,1772,MorganSchmidt
bank_0,1,1773,AustinMitchell
bank_0,1,1774,ElizabethWright
bank_0,1,1775,ChloeLittle
bank_0,1,1776,RandyAcevedo
bank_0,1,1777,EdwardObrien
bank_0,1,1778,MonicaGutierrez
bank_0,1,1779,MichaelVincent
bank_0,1,1780,EthanMercado
bank_0,1,1781,KyleParks
bank_0,1,1782,SheilaHudson
bank_0,1,1783,TroySolomon
bank_0,1,1784,MichaelCaldwell
bank_0,1,1785,SherryGuzman
bank_0,1,1786,ChristopherNewman
bank_0,1,1787,JenniferCurtis
bank_0,1,1788,BruceJones
bank_0,1,1789,AnthonyHall
bank_0,1,1790,StaceyDiaz
bank_0,1,1791,AmandaJones
bank_0,1,1792,DannyCarlson
bank_0,1,1793,KevinColeman
bank_0,1,1794,WhitneySkinner
bank_0,1,1795,GeoffreyWeber
bank_0,1,1796,PatrickRodriguez
bank_0,1,1797,AnnaMartinez
bank_0,1,1798,BrandyYoung
bank_0,1,1799,VincentMorse
bank_0,1,1800,PaulHale
bank_0,1,1801,AndreaFields
bank_0,1,1802,ZacharyWilliams
bank_0,1,1803,EricFrench
bank_0,1,1804,JacobMiller
bank_0,1,1805,HaleyLewis
bank_0,1,1806,AnthonyThompson
bank_0,1,1807,SharonMartinez
bank_0,1,1808,CliffordAnderson
bank_0,1,1809,DannyDiaz
bank_0,1,1810,JessicaParker
bank_0,1,1811,RayDelgado
bank_0,1,1812,PamelaMartinez
bank_0,1,1813,KatherineDunn
bank_0,1,1814,JasminJohnson
bank_0,1,1815,ChristopherHunter
bank_0,1,1816,JosephRodriguez
bank_0,1,1817,JessicaWarren
bank_0,1,1818,AlexanderBurton
bank_0,1,1819,KimberlyWalker
bank_0,1,1820,EmilyMiller
bank_0,1,1821,KennethPrince
bank_0,1,1822,CaseyDonovan
bank_0,1,1823,ThomasDougherty
bank_0,1,1824,CharlesCummings
bank_0,1,1825,PeterLambert
bank_0,1,1826,HaroldMoore
bank_0,1,1827,AprilWeaver
bank_0,1,1828,TiffanyMoore
bank_0,1,1829,TiffanyHoward
bank_0,1,1830,SusanBlankenship
bank_0,1,1831,LaurenAdams
bank_0,1,1832,ClintonAnderson
bank_0,1,1833,LauraMaddox
bank_0,1,1834,AshleySmith
bank_0,1,1835,RobinHorne
bank_0,1,1836,SamanthaFox
bank_0,1,1837,LarryMonroe
bank_0,1,1838,LeonYoung
bank_0,1,1839,MichaelParsons
bank_0,1,1840,LindsayCampbell
bank_0,1,1841,MikeHoward
bank_0,1,1842,BarbaraDunn
bank_0,1,1843,LisaLee
bank_0,1,1844,MatthewStein
bank_0,1,1845,NancyMason
bank_0,1,1846,DerrickBeck
bank_0,1,1847,KimberlyCervantes
bank_0,1,1848,AngelaPineda
bank_0,1,1849,LucasAtkinson
bank_0,1,1850,AngelaBecker
bank_0,1,1851,DeniseRoss
bank_0,1,1852,DanaWhitehead
bank_0,1,1853,GabrielSanchez
bank_0,1,1854,AlexandriaMiller
bank_0,1,1855,MarySweeney
bank_0,1,1856,NatalieGreen
bank_0,1,1857,JillianThompson
bank_0,1,1858,AmyAndrade
bank_0,1,1859,GeorgeRandolph
bank_0,1,1860,JoshuaSchwartz
bank_0,1,1861,BrianKramer
bank_0,1,1862,JamesGibson
bank_0,1,1863,FeliciaTucker
bank_0,1,1864,JessicaGibson
bank_0,1,1865,AnitaSmith
bank_0,1,1866,JohnLester
bank_0,1,1867,JeanneGoodman
bank_0,1,1868,RyanWalters
bank_0,1,1869,AntonioWilliams
bank_0,1,1870,AngelBrady
bank_0,1,1871,BrentPowell
bank_0,1,1872,SandraJuarez
bank_0,1,1873,ToddJones
bank_0,1,1874,RichardSims
bank_0,1,1875,JohnTorres
bank_0,1,1876,JuliaSantiago
bank_0,1,1877,CarolynGray
bank_0,1,1878,JamieWaller
bank_0,1,1879,BrianFuller
bank_0,1,1880,ChristinaHunt
bank_0,1,1881,ChrisSmith
bank_0,1,1882,CynthiaHodge
bank_0,1,1883,RobertHowell
bank_0,1,1884,JuanJones
bank_0,1,1885,CristinaNunez
bank_0,1,1886,NatashaHoward
bank_0,1,1887,LatoyaHernandez
bank_0,1,1888,LisaAllen
bank_0,1,1889,GailStark
bank_0,1,1890,BrianKerr
bank_0,1,1891,RobertMoore
bank_0,1,1892,ClarenceSnyder
bank_0,1,1893,MariaGregory
bank_0,1,1894,KathrynElliott
bank_0,1,1895,GeraldMolina
bank_0,1,1896,PhilipKennedy
bank_0,1,1897,AmberSmith
bank_0,1,1898,KatherineStrickland
bank_0,1,1899,MaryDavis
bank_0,1,1900,CynthiaPoole
bank_0,1,1901,CarlButler
bank_0,1,1902,GregoryJuarez
bank_0,1,1903,ScottMosley
bank_0,1,1904,CaitlynPoole
bank_0,1,1905,ConnieJones
bank_0,1,1906,JordanDavis
bank_0,1,1907,ErinKelly
bank_0,1,1908,AnnaWalker
bank_0,1,1909,ErinMoss
bank_0,1,1910,KennethHerrera
bank_0,1,1911,JonathonFaulkner
bank_0,1,1912,JosephHenderson
bank_0,1,1913,SandraLong
bank_0,1,1914,SarahSmith
bank_0,1,1915,SharonBrown
bank_0,1,1916,ElijahBarrett
bank_0,1,1917,JessicaWilliams
bank_0,1,1918,DanielMatthews
bank_0,1,1919,NancyCain
bank_0,1,1920,GregoryWright
bank_0,1,1921,JacobTaylor
bank_0,1,1922,JenniferHernandez
bank_0,1,1923,LindsayCampos
bank_0,1,1924,DouglasWilliams
bank_0,1,1925,GregoryGriffith
bank_0,1,1926,JuliaKennedy
bank_0,1,1927,TeresaThomas
bank_0,1,1928,AmyMckinney
bank_0,1,1929,AshleyWalker
bank_0,1,1930,HeatherWilliams
bank_0,1,1931,HeatherHarmon
bank_0,1,1932,CatherineHolt
bank_0,1,1933,LeslieCervantes
bank_0,1,1934,VictoriaIbarra
bank_0,1,1935,SharonFischer
bank_0,1,1936,ChloeLuna
bank_0,1,1937,PaulaSmith
bank_0,1,1938,KarenClarke
bank_0,1,1939,TimothyGraham
bank_0,1,1940,ErinWalters
bank_0,1,1941,LawrenceBell
bank_0,1,1942,BrettReyes
bank_0,1,1943,ElizabethHarris
bank_0,1,1944,ShaunAustin
bank_0,1,1945,CrystalMcdonald
bank_0,1,1946,BenjaminStewart
bank_0,1,1947,AngelaShaw
bank_0,1,1948,NoahCox
bank_0,1,1949,LauraAguilar
bank_0,1,1950,AnnaCline
bank_0,1,1951,KimCannon
bank_0,1,1952,JosephFlowers
bank_0,1,1953,AngelaMueller
bank_0,1,1954,JamesRobinson
bank_0,1,1955,AndrewKing
bank_0,1,1956,JessicaAlexander
bank_0,1,1957,CameronEdwards
bank_0,1,1958,GabrielFigueroa
bank_0,1,1959,JoelWilson
bank_0,1,1960,EmilyNelson
bank_0,1,1961,AshleyBrown
bank_0,1,1962,PeterJimenez
bank_0,1,1963,BrookeMorrison
bank_0,1,1964,EricTownsend
bank_0,1,1965,PatriciaThompson
bank_0,1,1966,LauraGarza
bank_0,1,1967,JosephChandler
bank_0,1,1968,RobertAllen
bank_0,1,1969,ChristopherBurch
bank_0,1,1970,JohnWood
bank_0,1,1971,DonaldReyes
bank_0,1,1972,CynthiaVillarreal
bank_0,1,1973,JeremiahRoy
bank_0,1,1974,EdwardMiranda
bank_0,1,1975,VirginiaSmith
bank_0,1,1976,TamaraSmith
bank_0,1,1977,SarahCrawford
bank_0,1,1978,MelissaOrtiz
bank_0,1,1979,RobertThompson
bank_0,1,1980,SamanthaMartin
bank_0,1,1981,JessicaMartinez
bank_0,1,1982,BrianHendricks
bank_0,1,1983,CathyMartinez
bank_0,1,1984,MarcCalderon
bank_0,1,1985,KaylaLong
bank_0,1,1986,GinaGreen
bank_0,1,1987,AmyTyler
bank_0,1,1988,StephanieRoberts
bank_0,1,1989,RandyReyes
bank_0,1,1990,TraceyRoberts
bank_0,1,1991,IanMendez
bank_0,1,1992,PaulSolis
bank_0,1,1993,KathrynWatson
bank_0,1,1994,JamesStein
bank_0,1,1995,JeffreyGarcia
bank_0,1,1996,LauraSmith
bank_0,1,1997,ChristopherShaw
bank_0,1,1998,JamesJones
bank_0,1,1999,AndrePotts
