bank_id,branch_id,acct_id,dsply_nm,type,first_name,last_name,street_addr,city,state,country,zip,gender,birth_date,ssn,lon,lat
bank_0,1,0,C_0,SAV,,,,,,US,,,,,,
bank_0,1,1,C_1,SAV,,,,,,US,,,,,,
bank_0,1,2,C_2,SAV,,,,,,US,,,,,,
bank_0,1,3,C_3,SAV,,,,,,US,,,,,,
bank_0,1,4,C_4,SAV,,,,,,US,,,,,,
bank_0,1,5,C_5,SAV,,,,,,US,,,,,,
bank_0,1,6,C_6,SAV,,,,,,US,,,,,,
bank_0,1,7,C_7,SAV,,,,,,US,,,,,,
bank_0,1,8,C_8,SAV,,,,,,US,,,,,,
bank_0,1,9,C_9,SAV,,,,,,US,,,,,,
bank_0,1,10,C_10,SAV,,,,,,US,,,,,,
bank_0,1,11,C_11,SAV,,,,,,US,,,,,,
bank_0,1,12,C_12,SAV,,,,,,US,,,,,,
bank_0,1,13,C_13,SAV,,,,,,US,,,,,,
bank_0,1,14,C_14,SAV,,,,,,US,,,,,,
bank_0,1,15,C_15,SAV,,,,,,US,,,,,,
bank_0,1,16,C_16,SAV,,,,,,US,,,,,,
bank_0,1,17,C_17,SAV,,,,,,US,,,,,,
bank_0,1,18,C_18,SAV,,,,,,US,,,,,,
bank_0,1,19,C_19,SAV,,,,,,US,,,,,,
bank_0,1,20,C_20,SAV,,,,,,US,,,,,,
bank_0,1,21,C_21,SAV,,,,,,US,,,,,,
bank_0,1,22,C_22,SAV,,,,,,US,,,,,,
bank_0,1,23,C_23,SAV,,,,,,US,,,,,,
bank_0,1,24,C_24,SAV,,,,,,US,,,,,,
bank_0,1,25,C_25,SAV,,,,,,US,,,,,,
bank_0,1,26,C_26,SAV,,,,,,US,,,,,,
bank_0,1,27,C_27,SAV,,,,,,US,,,,,,
bank_0,1,28,C_28,SAV,,,,,,US,,,,,,
bank_0,1,29,C_29,SAV,,,,,,US,,,,,,
bank_0,1,30,C_30,SAV,,,,,,US,,,,,,
bank_0,1,31,C_31,SAV,,,,,,US,,,,,,
bank_0,1,32,C_32,SAV,,,,,,US,,,,,,
bank_0,1,33,C_33,SAV,,,,,,US,,,,,,
bank_0,1,34,C_34,SAV,,,,,,US,,,,,,
bank_0,1,35,C_35,SAV,,,,,,US,,,,,,
bank_0,1,36,C_36,SAV,,,,,,US,,,,,,
bank_0,1,37,C_37,SAV,,,,,,US,,,,,,
bank_0,1,38,C_38,SAV,,,,,,US,,,,,,
bank_0,1,39,C_39,SAV,,,,,,US,,,,,,
bank_0,1,40,C_40,SAV,,,,,,US,,,,,,
bank_0,1,41,C_41,SAV,,,,,,US,,,,,,
bank_0,1,42,C_42,SAV,,,,,,US,,,,,,
bank_0,1,43,C_43,SAV,,,,,,US,,,,,,
bank_0,1,44,C_44,SAV,,,,,,US,,,,,,
bank_0,1,45,C_45,SAV,,,,,,US,,,,,,
bank_0,1,46,C_46,SAV,,,,,,US,,,,,,
bank_0,1,47,C_47,SAV,,,,,,US,,,,,,
bank_0,1,48,C_48,SAV,,,,,,US,,,,,,
bank_0,1,49,C_49,SAV,,,,,,US,,,,,,
bank_0,1,50,C_50,SAV,,,,,,US,,,,,,
bank_0,1,51,C_51,SAV,,,,,,US,,,,,,
bank_0,1,52,C_52,SAV,,,,,,US,,,,,,
bank_0,1,53,C_53,SAV,,,,,,US,,,,,,
bank_0,1,54,C_54,SAV,,,,,,US,,,,,,
bank_0,1,55,C_55,SAV,,,,,,US,,,,,,
bank_0,1,56,C_56,SAV,,,,,,US,,,,,,
bank_0,1,57,C_57,SAV,,,,,,US,,,,,,
bank_0,1,58,C_58,SAV,,,,,,US,,,,,,
bank_0,1,59,C_59,SAV,,,,,,US,,,,,,
bank_0,1,60,C_60,SAV,,,,,,US,,,,,,
bank_0,1,61,C_61,SAV,,,,,,US,,,,,,
bank_0,1,62,C_62,SAV,,,,,,US,,,,,,
bank_0,1,63,C_63,SAV,,,,,,US,,,,,,
bank_0,1,64,C_64,SAV,,,,,,US,,,,,,
bank_0,1,65,C_65,SAV,,,,,,US,,,,,,
bank_0,1,66,C_66,SAV,,,,,,US,,,,,,
bank_0,1,67,C_67,SAV,,,,,,US,,,,,,
bank_0,1,68,C_68,SAV,,,,,,US,,,,,,
bank_0,1,69,C_69,SAV,,,,,,US,,,,,,
bank_0,1,70,C_70,SAV,,,,,,US,,,,,,
bank_0,1,71,C_71,SAV,,,,,,US,,,,,,
bank_0,1,72,C_72,SAV,,,,,,US,,,,,,
bank_0,1,73,C_73,SAV,,,,,,US,,,,,,
bank_0,1,74,C_74,SAV,,,,,,US,,,,,,
bank_0,1,75,C_75,SAV,,,,,,US,,,,,,
bank_0,1,76,C_76,SAV,,,,,,US,,,,,,
bank_0,1,77,C_77,SAV,,,,,,US,,,,,,
bank_0,1,78,C_78,SAV,,,,,,US,,,,,,
bank_0,1,79,C_79,SAV,,,,,,US,,,,,,
bank_0,1,80,C_80,SAV,,,,,,US,,,,,,
bank_0,1,81,C_81,SAV,,,,,,US,,,,,,
bank_0,1,82,C_82,SAV,,,,,,US,,,,,,
bank_0,1,83,C_83,SAV,,,,,,US,,,,,,
bank_0,1,84,C_84,SAV,,,,,,US,,,,,,
bank_0,1,85,C_85,SAV,,,,,,US,,,,,,
bank_0,1,86,C_86,SAV,,,,,,US,,,,,,
bank_0,1,87,C_87,SAV,,,,,,US,,,,,,
bank_0,1,88,C_88,SAV,,,,,,US,,,,,,
bank_0,1,89,C_89,SAV,,,,,,US,,,,,,
bank_0,1,90,C_90,SAV,,,,,,US,,,,,,
bank_0,1,91,C_91,SAV,,,,,,US,,,,,,
bank_0,1,92,C_92,SAV,,,,,,US,,,,,,
bank_0,1,93,C_93,SAV,,,,,,US,,,,,,
bank_0,1,94,C_94,SAV,,,,,,US,,,,,,
bank_0,1,95,C_95,SAV,,,,,,US,,,,,,
bank_0,1,96,C_96,SAV,,,,,,US,,,,,,
bank_0,1,97,C_97,SAV,,,,,,US,,,,,,
bank_0,1,98,C_98,SAV,,,,,,US,,,,,,
bank_0,1,99,C_99,SAV,,,,,,US,,,,,,
bank_0,1,100,C_100,SAV,,,,,,US,,,,,,
bank_0,1,101,C_101,SAV,,,,,,US,,,,,,
bank_0,1,102,C_102,SAV,,,,,,US,,,,,,
bank_0,1,103,C_103,SAV,,,,,,US,,,,,,
bank_0,1,104,C_104,SAV,,,,,,US,,,,,,
bank_0,1,105,C_105,SAV,,,,,,US,,,,,,
bank_0,1,106,C_106,SAV,,,,,,US,,,,,,
bank_0,1,107,C_107,SAV,,,,,,US,,,,,,
bank_0,1,108,C_108,SAV,,,,,,US,,,,,,
bank_0,1,109,C_109,SAV,,,,,,US,,,,,,
bank_0,1,110,C_110,SAV,,,,,,US,,,,,,
bank_0,1,111,C_111,SAV,,,,,,US,,,,,,
bank_0,1,112,C_112,SAV,,,,,,US,,,,,,
bank_0,1,113,C_113,SAV,,,,,,US,,,,,,
bank_0,1,114,C_114,SAV,,,,,,US,,,,,,
bank_0,1,115,C_115,SAV,,,,,,US,,,,,,
bank_0,1,116,C_116,SAV,,,,,,US,,,,,,
bank_0,1,117,C_117,SAV,,,,,,US,,,,,,
bank_0,1,118,C_118,SAV,,,,,,US,,,,,,
bank_0,1,119,C_119,SAV,,,,,,US,,,,,,
bank_0,1,120,C_120,SAV,,,,,,US,,,,,,
bank_0,1,121,C_121,SAV,,,,,,US,,,,,,
bank_0,1,122,C_122,SAV,,,,,,US,,,,,,
bank_0,1,123,C_123,SAV,,,,,,US,,,,,,
bank_0,1,124,C_124,SAV,,,,,,US,,,,,,
bank_0,1,125,C_125,SAV,,,,,,US,,,,,,
bank_0,1,126,C_126,SAV,,,,,,US,,,,,,
bank_0,1,127,C_127,SAV,,,,,,US,,,,,,
bank_0,1,128,C_128,SAV,,,,,,US,,,,,,
bank_0,1,129,C_129,SAV,,,,,,US,,,,,,
bank_0,1,130,C_130,SAV,,,,,,US,,,,,,
bank_0,1,131,C_131,SAV,,,,,,US,,,,,,
bank_0,1,132,C_132,SAV,,,,,,US,,,,,,
bank_0,1,133,C_133,SAV,,,,,,US,,,,,,
bank_0,1,134,C_134,SAV,,,,,,US,,,,,,
bank_0,1,135,C_135,SAV,,,,,,US,,,,,,
bank_0,1,136,C_136,SAV,,,,,,US,,,,,,
bank_0,1,137,C_137,SAV,,,,,,US,,,,,,
bank_0,1,138,C_138,SAV,,,,,,US,,,,,,
bank_0,1,139,C_139,SAV,,,,,,US,,,,,,
bank_0,1,140,C_140,SAV,,,,,,US,,,,,,
bank_0,1,141,C_141,SAV,,,,,,US,,,,,,
bank_0,1,142,C_142,SAV,,,,,,US,,,,,,
bank_0,1,143,C_143,SAV,,,,,,US,,,,,,
bank_0,1,144,C_144,SAV,,,,,,US,,,,,,
bank_0,1,145,C_145,SAV,,,,,,US,,,,,,
bank_0,1,146,C_146,SAV,,,,,,US,,,,,,
bank_0,1,147,C_147,SAV,,,,,,US,,,,,,
bank_0,1,148,C_148,SAV,,,,,,US,,,,,,
bank_0,1,149,C_149,SAV,,,,,,US,,,,,,
bank_0,1,150,C_150,SAV,,,,,,US,,,,,,
bank_0,1,151,C_151,SAV,,,,,,US,,,,,,
bank_0,1,152,C_152,SAV,,,,,,US,,,,,,
bank_0,1,153,C_153,SAV,,,,,,US,,,,,,
bank_0,1,154,C_154,SAV,,,,,,US,,,,,,
bank_0,1,155,C_155,SAV,,,,,,US,,,,,,
bank_0,1,156,C_156,SAV,,,,,,US,,,,,,
bank_0,1,157,C_157,SAV,,,,,,US,,,,,,
bank_0,1,158,C_158,SAV,,,,,,US,,,,,,
bank_0,1,159,C_159,SAV,,,,,,US,,,,,,
bank_0,1,160,C_160,SAV,,,,,,US,,,,,,
bank_0,1,161,C_161,SAV,,,,,,US,,,,,,
bank_0,1,162,C_162,SAV,,,,,,US,,,,,,
bank_0,1,163,C_163,SAV,,,,,,US,,,,,,
bank_0,1,164,C_164,SAV,,,,,,US,,,,,,
bank_0,1,165,C_165,SAV,,,,,,US,,,,,,
bank_0,1,166,C_166,SAV,,,,,,US,,,,,,
bank_0,1,167,C_167,SAV,,,,,,US,,,,,,
bank_0,1,168,C_168,SAV,,,,,,US,,,,,,
bank_0,1,169,C_169,SAV,,,,,,US,,,,,,
bank_0,1,170,C_170,SAV,,,,,,US,,,,,,
bank_0,1,171,C_171,SAV,,,,,,US,,,,,,
bank_0,1,172,C_172,SAV,,,,,,US,,,,,,
bank_0,1,173,C_173,SAV,,,,,,US,,,,,,
bank_0,1,174,C_174,SAV,,,,,,US,,,,,,
bank_0,1,175,C_175,SAV,,,,,,US,,,,,,
bank_0,1,176,C_176,SAV,,,,,,US,,,,,,
bank_0,1,177,C_177,SAV,,,,,,US,,,,,,
bank_0,1,178,C_178,SAV,,,,,,US,,,,,,
bank_0,1,179,C_179,SAV,,,,,,US,,,,,,
bank_0,1,180,C_180,SAV,,,,,,US,,,,,,
bank_0,1,181,C_181,SAV,,,,,,US,,,,,,
bank_0,1,182,C_182,SAV,,,,,,US,,,,,,
bank_0,1,183,C_183,SAV,,,,,,US,,,,,,
bank_0,1,184,C_184,SAV,,,,,,US,,,,,,
bank_0,1,185,C_185,SAV,,,,,,US,,,,,,
bank_0,1,186,C_186,SAV,,,,,,US,,,,,,
bank_0,1,187,C_187,SAV,,,,,,US,,,,,,
bank_0,1,188,C_188,SAV,,,,,,US,,,,,,
bank_0,1,189,C_189,SAV,,,,,,US,,,,,,
bank_0,1,190,C_190,SAV,,,,,,US,,,,,,
bank_0,1,191,C_191,SAV,,,,,,US,,,,,,
bank_0,1,192,C_192,SAV,,,,,,US,,,,,,
bank_0,1,193,C_193,SAV,,,,,,US,,,,,,
bank_0,1,194,C_194,SAV,,,,,,US,,,,,,
bank_0,1,195,C_195,SAV,,,,,,US,,,,,,
bank_0,1,196,C_196,SAV,,,,,,US,,,,,,
bank_0,1,197,C_197,SAV,,,,,,US,,,,,,
bank_0,1,198,C_198,SAV,,,,,,US,,,,,,
bank_0,1,199,C_199,SAV,,,,,,US,,,,,,
bank_0,1,200,C_200,SAV,,,,,,US,,,,,,
bank_0,1,201,C_201,SAV,,,,,,US,,,,,,
bank_0,1,202,C_202,SAV,,,,,,US,,,,,,
bank_0,1,203,C_203,SAV,,,,,,US,,,,,,
bank_0,1,204,C_204,SAV,,,,,,US,,,,,,
bank_0,1,205,C_205,SAV,,,,,,US,,,,,,
bank_0,1,206,C_206,SAV,,,,,,US,,,,,,
bank_0,1,207,C_207,SAV,,,,,,US,,,,,,
bank_0,1,208,C_208,SAV,,,,,,US,,,,,,
bank_0,1,209,C_209,SAV,,,,,,US,,,,,,
bank_0,1,210,C_210,SAV,,,,,,US,,,,,,
bank_0,1,211,C_211,SAV,,,,,,US,,,,,,
bank_0,1,212,C_212,SAV,,,,,,US,,,,,,
bank_0,1,213,C_213,SAV,,,,,,US,,,,,,
bank_0,1,214,C_214,SAV,,,,,,US,,,,,,
bank_0,1,215,C_215,SAV,,,,,,US,,,,,,
bank_0,1,216,C_216,SAV,,,,,,US,,,,,,
bank_0,1,217,C_217,SAV,,,,,,US,,,,,,
bank_0,1,218,C_218,SAV,,,,,,US,,,,,,
bank_0,1,219,C_219,SAV,,,,,,US,,,,,,
bank_0,1,220,C_220,SAV,,,,,,US,,,,,,
bank_0,1,221,C_221,SAV,,,,,,US,,,,,,
bank_0,1,222,C_222,SAV,,,,,,US,,,,,,
bank_0,1,223,C_223,SAV,,,,,,US,,,,,,
bank_0,1,224,C_224,SAV,,,,,,US,,,,,,
bank_0,1,225,C_225,SAV,,,,,,US,,,,,,
bank_0,1,226,C_226,SAV,,,,,,US,,,,,,
bank_0,1,227,C_227,SAV,,,,,,US,,,,,,
bank_0,1,228,C_228,SAV,,,,,,US,,,,,,
bank_0,1,229,C_229,SAV,,,,,,US,,,,,,
bank_0,1,230,C_230,SAV,,,,,,US,,,,,,
bank_0,1,231,C_231,SAV,,,,,,US,,,,,,
bank_0,1,232,C_232,SAV,,,,,,US,,,,,,
bank_0,1,233,C_233,SAV,,,,,,US,,,,,,
bank_0,1,234,C_234,SAV,,,,,,US,,,,,,
bank_0,1,235,C_235,SAV,,,,,,US,,,,,,
bank_0,1,236,C_236,SAV,,,,,,US,,,,,,
bank_0,1,237,C_237,SAV,,,,,,US,,,,,,
bank_0,1,238,C_238,SAV,,,,,,US,,,,,,
bank_0,1,239,C_239,SAV,,,,,,US,,,,,,
bank_0,1,240,C_240,SAV,,,,,,US,,,,,,
bank_0,1,241,C_241,SAV,,,,,,US,,,,,,
bank_0,1,242,C_242,SAV,,,,,,US,,,,,,
bank_0,1,243,C_243,SAV,,,,,,US,,,,,,
bank_0,1,244,C_244,SAV,,,,,,US,,,,,,
bank_0,1,245,C_245,SAV,,,,,,US,,,,,,
bank_0,1,246,C_246,SAV,,,,,,US,,,,,,
bank_0,1,247,C_247,SAV,,,,,,US,,,,,,
bank_0,1,248,C_248,SAV,,,,,,US,,,,,,
bank_0,1,249,C_249,SAV,,,,,,US,,,,,,
bank_0,1,250,C_250,SAV,,,,,,US,,,,,,
bank_0,1,251,C_251,SAV,,,,,,US,,,,,,
bank_0,1,252,C_252,SAV,,,,,,US,,,,,,
bank_0,1,253,C_253,SAV,,,,,,US,,,,,,
bank_0,1,254,C_254,SAV,,,,,,US,,,,,,
bank_0,1,255,C_255,SAV,,,,,,US,,,,,,
bank_0,1,256,C_256,SAV,,,,,,US,,,,,,
bank_0,1,257,C_257,SAV,,,,,,US,,,,,,
bank_0,1,258,C_258,SAV,,,,,,US,,,,,,
bank_0,1,259,C_259,SAV,,,,,,US,,,,,,
bank_0,1,260,C_260,SAV,,,,,,US,,,,,,
bank_0,1,261,C_261,SAV,,,,,,US,,,,,,
bank_0,1,262,C_262,SAV,,,,,,US,,,,,,
bank_0,1,263,C_263,SAV,,,,,,US,,,,,,
bank_0,1,264,C_264,SAV,,,,,,US,,,,,,
bank_0,1,265,C_265,SAV,,,,,,US,,,,,,
bank_0,1,266,C_266,SAV,,,,,,US,,,,,,
bank_0,1,267,C_267,SAV,,,,,,US,,,,,,
bank_0,1,268,C_268,SAV,,,,,,US,,,,,,
bank_0,1,269,C_269,SAV,,,,,,US,,,,,,
bank_0,1,270,C_270,SAV,,,,,,US,,,,,,
bank_0,1,271,C_271,SAV,,,,,,US,,,,,,
bank_0,1,272,C_272,SAV,,,,,,US,,,,,,
bank_0,1,273,C_273,SAV,,,,,,US,,,,,,
bank_0,1,274,C_274,SAV,,,,,,US,,,,,,
bank_0,1,275,C_275,SAV,,,,,,US,,,,,,
bank_0,1,276,C_276,SAV,,,,,,US,,,,,,
bank_0,1,277,C_277,SAV,,,,,,US,,,,,,
bank_0,1,278,C_278,SAV,,,,,,US,,,,,,
bank_0,1,279,C_279,SAV,,,,,,US,,,,,,
bank_0,1,280,C_280,SAV,,,,,,US,,,,,,
bank_0,1,281,C_281,SAV,,,,,,US,,,,,,
bank_0,1,282,C_282,SAV,,,,,,US,,,,,,
bank_0,1,283,C_283,SAV,,,,,,US,,,,,,
bank_0,1,284,C_284,SAV,,,,,,US,,,,,,
bank_0,1,285,C_285,SAV,,,,,,US,,,,,,
bank_0,1,286,C_286,SAV,,,,,,US,,,,,,
bank_0,1,287,C_287,SAV,,,,,,US,,,,,,
bank_0,1,288,C_288,SAV,,,,,,US,,,,,,
bank_0,1,289,C_289,SAV,,,,,,US,,,,,,
bank_0,1,290,C_290,SAV,,,,,,US,,,,,,
bank_0,1,291,C_291,SAV,,,,,,US,,,,,,
bank_0,1,292,C_292,SAV,,,,,,US,,,,,,
bank_0,1,293,C_293,SAV,,,,,,US,,,,,,
bank_0,1,294,C_294,SAV,,,,,,US,,,,,,
bank_0,1,295,C_295,SAV,,,,,,US,,,,,,
bank_0,1,296,C_296,SAV,,,,,,US,,,,,,
bank_0,1,297,C_297,SAV,,,,,,US,,,,,,
bank_0,1,298,C_298,SAV,,,,,,US,,,,,,
bank_0,1,299,C_299,SAV,,,,,,US,,,,,,
bank_0,1,300,C_300,SAV,,,,,,US,,,,,,
bank_0,1,301,C_301,SAV,,,,,,US,,,,,,
bank_0,1,302,C_302,SAV,,,,,,US,,,,,,
bank_0,1,303,C_303,SAV,,,,,,US,,,,,,
bank_0,1,304,C_304,SAV,,,,,,US,,,,,,
bank_0,1,305,C_305,SAV,,,,,,US,,,,,,
bank_0,1,306,C_306,SAV,,,,,,US,,,,,,
bank_0,1,307,C_307,SAV,,,,,,US,,,,,,
bank_0,1,308,C_308,SAV,,,,,,US,,,,,,
bank_0,1,309,C_309,SAV,,,,,,US,,,,,,
bank_0,1,310,C_310,SAV,,,,,,US,,,,,,
bank_0,1,311,C_311,SAV,,,,,,US,,,,,,
bank_0,1,312,C_312,SAV,,,,,,US,,,,,,
bank_0,1,313,C_313,SAV,,,,,,US,,,,,,
bank_0,1,314,C_314,SAV,,,,,,US,,,,,,
bank_0,1,315,C_315,SAV,,,,,,US,,,,,,
bank_0,1,316,C_316,SAV,,,,,,US,,,,,,
bank_0,1,317,C_317,SAV,,,,,,US,,,,,,
bank_0,1,318,C_318,SAV,,,,,,US,,,,,,
bank_0,1,319,C_319,SAV,,,,,,US,,,,,,
bank_0,1,320,C_320,SAV,,,,,,US,,,,,,
bank_0,1,321,C_321,SAV,,,,,,US,,,,,,
bank_0,1,322,C_322,SAV,,,,,,US,,,,,,
bank_0,1,323,C_323,SAV,,,,,,US,,,,,,
bank_0,1,324,C_324,SAV,,,,,,US,,,,,,
bank_0,1,325,C_325,SAV,,,,,,US,,,,,,
bank_0,1,326,C_326,SAV,,,,,,US,,,,,,
bank_0,1,327,C_327,SAV,,,,,,US,,,,,,
bank_0,1,328,C_328,SAV,,,,,,US,,,,,,
bank_0,1,329,C_329,SAV,,,,,,US,,,,,,
bank_0,1,330,C_330,SAV,,,,,,US,,,,,,
bank_0,1,331,C_331,SAV,,,,,,US,,,,,,
bank_0,1,332,C_332,SAV,,,,,,US,,,,,,
bank_0,1,333,C_333,SAV,,,,,,US,,,,,,
bank_0,1,334,C_334,SAV,,,,,,US,,,,,,
bank_0,1,335,C_335,SAV,,,,,,US,,,,,,
bank_0,1,336,C_336,SAV,,,,,,US,,,,,,
bank_0,1,337,C_337,SAV,,,,,,US,,,,,,
bank_0,1,338,C_338,SAV,,,,,,US,,,,,,
bank_0,1,339,C_339,SAV,,,,,,US,,,,,,
bank_0,1,340,C_340,SAV,,,,,,US,,,,,,
bank_0,1,341,C_341,SAV,,,,,,US,,,,,,
bank_0,1,342,C_342,SAV,,,,,,US,,,,,,
bank_0,1,343,C_343,SAV,,,,,,US,,,,,,
bank_0,1,344,C_344,SAV,,,,,,US,,,,,,
bank_0,1,345,C_345,SAV,,,,,,US,,,,,,
bank_0,1,346,C_346,SAV,,,,,,US,,,,,,
bank_0,1,347,C_347,SAV,,,,,,US,,,,,,
bank_0,1,348,C_348,SAV,,,,,,US,,,,,,
bank_0,1,349,C_349,SAV,,,,,,US,,,,,,
bank_0,1,350,C_350,SAV,,,,,,US,,,,,,
bank_0,1,351,C_351,SAV,,,,,,US,,,,,,
bank_0,1,352,C_352,SAV,,,,,,US,,,,,,
bank_0,1,353,C_353,SAV,,,,,,US,,,,,,
bank_0,1,354,C_354,SAV,,,,,,US,,,,,,
bank_0,1,355,C_355,SAV,,,,,,US,,,,,,
bank_0,1,356,C_356,SAV,,,,,,US,,,,,,
bank_0,1,357,C_357,SAV,,,,,,US,,,,,,
bank_0,1,358,C_358,SAV,,,,,,US,,,,,,
bank_0,1,359,C_359,SAV,,,,,,US,,,,,,
bank_0,1,360,C_360,SAV,,,,,,US,,,,,,
bank_0,1,361,C_361,SAV,,,,,,US,,,,,,
bank_0,1,362,C_362,SAV,,,,,,US,,,,,,
bank_0,1,363,C_363,SAV,,,,,,US,,,,,,
bank_0,1,364,C_364,SAV,,,,,,US,,,,,,
bank_0,1,365,C_365,SAV,,,,,,US,,,,,,
bank_0,1,366,C_366,SAV,,,,,,US,,,,,,
bank_0,1,367,C_367,SAV,,,,,,US,,,,,,
bank_0,1,368,C_368,SAV,,,,,,US,,,,,,
bank_0,1,369,C_369,SAV,,,,,,US,,,,,,
bank_0,1,370,C_370,SAV,,,,,,US,,,,,,
bank_0,1,371,C_371,SAV,,,,,,US,,,,,,
bank_0,1,372,C_372,SAV,,,,,,US,,,,,,
bank_0,1,373,C_373,SAV,,,,,,US,,,,,,
bank_0,1,374,C_374,SAV,,,,,,US,,,,,,
bank_0,1,375,C_375,SAV,,,,,,US,,,,,,
bank_0,1,376,C_376,SAV,,,,,,US,,,,,,
bank_0,1,377,C_377,SAV,,,,,,US,,,,,,
bank_0,1,378,C_378,SAV,,,,,,US,,,,,,
bank_0,1,379,C_379,SAV,,,,,,US,,,,,,
bank_0,1,380,C_380,SAV,,,,,,US,,,,,,
bank_0,1,381,C_381,SAV,,,,,,US,,,,,,
bank_0,1,382,C_382,SAV,,,,,,US,,,,,,
bank_0,1,383,C_383,SAV,,,,,,US,,,,,,
bank_0,1,384,C_384,SAV,,,,,,US,,,,,,
bank_0,1,385,C_385,SAV,,,,,,US,,,,,,
bank_0,1,386,C_386,SAV,,,,,,US,,,,,,
bank_0,1,387,C_387,SAV,,,,,,US,,,,,,
bank_0,1,388,C_388,SAV,,,,,,US,,,,,,
bank_0,1,389,C_389,SAV,,,,,,US,,,,,,
bank_0,1,390,C_390,SAV,,,,,,US,,,,,,
bank_0,1,391,C_391,SAV,,,,,,US,,,,,,
bank_0,1,392,C_392,SAV,,,,,,US,,,,,,
bank_0,1,393,C_393,SAV,,,,,,US,,,,,,
bank_0,1,394,C_394,SAV,,,,,,US,,,,,,
bank_0,1,395,C_395,SAV,,,,,,US,,,,,,
bank_0,1,396,C_396,SAV,,,,,,US,,,,,,
bank_0,1,397,C_397,SAV,,,,,,US,,,,,,
bank_0,1,398,C_398,SAV,,,,,,US,,,,,,
bank_0,1,399,C_399,SAV,,,,,,US,,,,,,
bank_0,1,400,C_400,SAV,,,,,,US,,,,,,
bank_0,1,401,C_401,SAV,,,,,,US,,,,,,
bank_0,1,402,C_402,SAV,,,,,,US,,,,,,
bank_0,1,403,C_403,SAV,,,,,,US,,,,,,
bank_0,1,404,C_404,SAV,,,,,,US,,,,,,
bank_0,1,405,C_405,SAV,,,,,,US,,,,,,
bank_0,1,406,C_406,SAV,,,,,,US,,,,,,
bank_0,1,407,C_407,SAV,,,,,,US,,,,,,
bank_0,1,408,C_408,SAV,,,,,,US,,,,,,
bank_0,1,409,C_409,SAV,,,,,,US,,,,,,
bank_0,1,410,C_410,SAV,,,,,,US,,,,,,
bank_0,1,411,C_411,SAV,,,,,,US,,,,,,
bank_0,1,412,C_412,SAV,,,,,,US,,,,,,
bank_0,1,413,C_413,SAV,,,,,,US,,,,,,
bank_0,1,414,C_414,SAV,,,,,,US,,,,,,
bank_0,1,415,C_415,SAV,,,,,,US,,,,,,
bank_0,1,416,C_416,SAV,,,,,,US,,,,,,
bank_0,1,417,C_417,SAV,,,,,,US,,,,,,
bank_0,1,418,C_418,SAV,,,,,,US,,,,,,
bank_0,1,419,C_419,SAV,,,,,,US,,,,,,
bank_0,1,420,C_420,SAV,,,,,,US,,,,,,
bank_0,1,421,C_421,SAV,,,,,,US,,,,,,
bank_0,1,422,C_422,SAV,,,,,,US,,,,,,
bank_0,1,423,C_423,SAV,,,,,,US,,,,,,
bank_0,1,424,C_424,SAV,,,,,,US,,,,,,
bank_0,1,425,C_425,SAV,,,,,,US,,,,,,
bank_0,1,426,C_426,SAV,,,,,,US,,,,,,
bank_0,1,427,C_427,SAV,,,,,,US,,,,,,
bank_0,1,428,C_428,SAV,,,,,,US,,,,,,
bank_0,1,429,C_429,SAV,,,,,,US,,,,,,
bank_0,1,430,C_430,SAV,,,,,,US,,,,,,
bank_0,1,431,C_431,SAV,,,,,,US,,,,,,
bank_0,1,432,C_432,SAV,,,,,,US,,,,,,
bank_0,1,433,C_433,SAV,,,,,,US,,,,,,
bank_0,1,434,C_434,SAV,,,,,,US,,,,,,
bank_0,1,435,C_435,SAV,,,,,,US,,,,,,
bank_0,1,436,C_436,SAV,,,,,,US,,,,,,
bank_0,1,437,C_437,SAV,,,,,,US,,,,,,
bank_0,1,438,C_438,SAV,,,,,,US,,,,,,
bank_0,1,439,C_439,SAV,,,,,,US,,,,,,
bank_0,1,440,C_440,SAV,,,,,,US,,,,,,
bank_0,1,441,C_441,SAV,,,,,,US,,,,,,
bank_0,1,442,C_442,SAV,,,,,,US,,,,,,
bank_0,1,443,C_443,SAV,,,,,,US,,,,,,
bank_0,1,444,C_444,SAV,,,,,,US,,,,,,
bank_0,1,445,C_445,SAV,,,,,,US,,,,,,
bank_0,1,446,C_446,SAV,,,,,,US,,,,,,
bank_0,1,447,C_447,SAV,,,,,,US,,,,,,
bank_0,1,448,C_448,SAV,,,,,,US,,,,,,
bank_0,1,449,C_449,SAV,,,,,,US,,,,,,
bank_0,1,450,C_450,SAV,,,,,,US,,,,,,
bank_0,1,451,C_451,SAV,,,,,,US,,,,,,
bank_0,1,452,C_452,SAV,,,,,,US,,,,,,
bank_0,1,453,C_453,SAV,,,,,,US,,,,,,
bank_0,1,454,C_454,SAV,,,,,,US,,,,,,
bank_0,1,455,C_455,SAV,,,,,,US,,,,,,
bank_0,1,456,C_456,SAV,,,,,,US,,,,,,
bank_0,1,457,C_457,SAV,,,,,,US,,,,,,
bank_0,1,458,C_458,SAV,,,,,,US,,,,,,
bank_0,1,459,C_459,SAV,,,,,,US,,,,,,
bank_0,1,460,C_460,SAV,,,,,,US,,,,,,
bank_0,1,461,C_461,SAV,,,,,,US,,,,,,
bank_0,1,462,C_462,SAV,,,,,,US,,,,,,
bank_0,1,463,C_463,SAV,,,,,,US,,,,,,
bank_0,1,464,C_464,SAV,,,,,,US,,,,,,
bank_0,1,465,C_465,SAV,,,,,,US,,,,,,
bank_0,1,466,C_466,SAV,,,,,,US,,,,,,
bank_0,1,467,C_467,SAV,,,,,,US,,,,,,
bank_0,1,468,C_468,SAV,,,,,,US,,,,,,
bank_0,1,469,C_469,SAV,,,,,,US,,,,,,
bank_0,1,470,C_470,SAV,,,,,,US,,,,,,
bank_0,1,471,C_471,SAV,,,,,,US,,,,,,
bank_0,1,472,C_472,SAV,,,,,,US,,,,,,
bank_0,1,473,C_473,SAV,,,,,,US,,,,,,
bank_0,1,474,C_474,SAV,,,,,,US,,,,,,
bank_0,1,475,C_475,SAV,,,,,,US,,,,,,
bank_0,1,476,C_476,SAV,,,,,,US,,,,,,
bank_0,1,477,C_477,SAV,,,,,,US,,,,,,
bank_0,1,478,C_478,SAV,,,,,,US,,,,,,
bank_0,1,479,C_479,SAV,,,,,,US,,,,,,
bank_0,1,480,C_480,SAV,,,,,,US,,,,,,
bank_0,1,481,C_481,SAV,,,,,,US,,,,,,
bank_0,1,482,C_482,SAV,,,,,,US,,,,,,
bank_0,1,483,C_483,SAV,,,,,,US,,,,,,
bank_0,1,484,C_484,SAV,,,,,,US,,,,,,
bank_0,1,485,C_485,SAV,,,,,,US,,,,,,
bank_0,1,486,C_486,SAV,,,,,,US,,,,,,
bank_0,1,487,C_487,SAV,,,,,,US,,,,,,
bank_0,1,488,C_488,SAV,,,,,,US,,,,,,
bank_0,1,489,C_489,SAV,,,,,,US,,,,,,
bank_0,1,490,C_490,SAV,,,,,,US,,,,,,
bank_0,1,491,C_491,SAV,,,,,,US,,,,,,
bank_0,1,492,C_492,SAV,,,,,,US,,,,,,
bank_0,1,493,C_493,SAV,,,,,,US,,,,,,
bank_0,1,494,C_494,SAV,,,,,,US,,,,,,
bank_0,1,495,C_495,SAV,,,,,,US,,,,,,
bank_0,1,496,C_496,SAV,,,,,,US,,,,,,
bank_0,1,497,C_497,SAV,,,,,,US,,,,,,
bank_0,1,498,C_498,SAV,,,,,,US,,,,,,
bank_0,1,499,C_499,SAV,,,,,,US,,,,,,
bank_0,1,500,C_500,SAV,,,,,,US,,,,,,
bank_0,1,501,C_501,SAV,,,,,,US,,,,,,
bank_0,1,502,C_502,SAV,,,,,,US,,,,,,
bank_0,1,503,C_503,SAV,,,,,,US,,,,,,
bank_0,1,504,C_504,SAV,,,,,,US,,,,,,
bank_0,1,505,C_505,SAV,,,,,,US,,,,,,
bank_0,1,506,C_506,SAV,,,,,,US,,,,,,
bank_0,1,507,C_507,SAV,,,,,,US,,,,,,
bank_0,1,508,C_508,SAV,,,,,,US,,,,,,
bank_0,1,509,C_509,SAV,,,,,,US,,,,,,
bank_0,1,510,C_510,SAV,,,,,,US,,,,,,
bank_0,1,511,C_511,SAV,,,,,,US,,,,,,
bank_0,1,512,C_512,SAV,,,,,,US,,,,,,
bank_0,1,513,C_513,SAV,,,,,,US,,,,,,
bank_0,1,514,C_514,SAV,,,,,,US,,,,,,
bank_0,1,515,C_515,SAV,,,,,,US,,,,,,
bank_0,1,516,C_516,SAV,,,,,,US,,,,,,
bank_0,1,517,C_517,SAV,,,,,,US,,,,,,
bank_0,1,518,C_518,SAV,,,,,,US,,,,,,
bank_0,1,519,C_519,SAV,,,,,,US,,,,,,
bank_0,1,520,C_520,SAV,,,,,,US,,,,,,
bank_0,1,521,C_521,SAV,,,,,,US,,,,,,
bank_0,1,522,C_522,SAV,,,,,,US,,,,,,
bank_0,1,523,C_523,SAV,,,,,,US,,,,,,
bank_0,1,524,C_524,SAV,,,,,,US,,,,,,
bank_0,1,525,C_525,SAV,,,,,,US,,,,,,
bank_0,1,526,C_526,SAV,,,,,,US,,,,,,
bank_0,1,527,C_527,SAV,,,,,,US,,,,,,
bank_0,1,528,C_528,SAV,,,,,,US,,,,,,
bank_0,1,529,C_529,SAV,,,,,,US,,,,,,
bank_0,1,530,C_530,SAV,,,,,,US,,,,,,
bank_0,1,531,C_531,SAV,,,,,,US,,,,,,
bank_0,1,532,C_532,SAV,,,,,,US,,,,,,
bank_0,1,533,C_533,SAV,,,,,,US,,,,,,
bank_0,1,534,C_534,SAV,,,,,,US,,,,,,
bank_0,1,535,C_535,SAV,,,,,,US,,,,,,
bank_0,1,536,C_536,SAV,,,,,,US,,,,,,
bank_0,1,537,C_537,SAV,,,,,,US,,,,,,
bank_0,1,538,C_538,SAV,,,,,,US,,,,,,
bank_0,1,539,C_539,SAV,,,,,,US,,,,,,
bank_0,1,540,C_540,SAV,,,,,,US,,,,,,
bank_0,1,541,C_541,SAV,,,,,,US,,,,,,
bank_0,1,542,C_542,SAV,,,,,,US,,,,,,
bank_0,1,543,C_543,SAV,,,,,,US,,,,,,
bank_0,1,544,C_544,SAV,,,,,,US,,,,,,
bank_0,1,545,C_545,SAV,,,,,,US,,,,,,
bank_0,1,546,C_546,SAV,,,,,,US,,,,,,
bank_0,1,547,C_547,SAV,,,,,,US,,,,,,
bank_0,1,548,C_548,SAV,,,,,,US,,,,,,
bank_0,1,549,C_549,SAV,,,,,,US,,,,,,
bank_0,1,550,C_550,SAV,,,,,,US,,,,,,
bank_0,1,551,C_551,SAV,,,,,,US,,,,,,
bank_0,1,552,C_552,SAV,,,,,,US,,,,,,
bank_0,1,553,C_553,SAV,,,,,,US,,,,,,
bank_0,1,554,C_554,SAV,,,,,,US,,,,,,
bank_0,1,555,C_555,SAV,,,,,,US,,,,,,
bank_0,1,556,C_556,SAV,,,,,,US,,,,,,
bank_0,1,557,C_557,SAV,,,,,,US,,,,,,
bank_0,1,558,C_558,SAV,,,,,,US,,,,,,
bank_0,1,559,C_559,SAV,,,,,,US,,,,,,
bank_0,1,560,C_560,SAV,,,,,,US,,,,,,
bank_0,1,561,C_561,SAV,,,,,,US,,,,,,
bank_0,1,562,C_562,SAV,,,,,,US,,,,,,
bank_0,1,563,C_563,SAV,,,,,,US,,,,,,
bank_0,1,564,C_564,SAV,,,,,,US,,,,,,
bank_0,1,565,C_565,SAV,,,,,,US,,,,,,
bank_0,1,566,C_566,SAV,,,,,,US,,,,,,
bank_0,1,567,C_567,SAV,,,,,,US,,,,,,
bank_0,1,568,C_568,SAV,,,,,,US,,,,,,
bank_0,1,569,C_569,SAV,,,,,,US,,,,,,
bank_0,1,570,C_570,SAV,,,,,,US,,,,,,
bank_0,1,571,C_571,SAV,,,,,,US,,,,,,
bank_0,1,572,C_572,SAV,,,,,,US,,,,,,
bank_0,1,573,C_573,SAV,,,,,,US,,,,,,
bank_0,1,574,C_574,SAV,,,,,,US,,,,,,
bank_0,1,575,C_575,SAV,,,,,,US,,,,,,
bank_0,1,576,C_576,SAV,,,,,,US,,,,,,
bank_0,1,577,C_577,SAV,,,,,,US,,,,,,
bank_0,1,578,C_578,SAV,,,,,,US,,,,,,
bank_0,1,579,C_579,SAV,,,,,,US,,,,,,
bank_0,1,580,C_580,SAV,,,,,,US,,,,,,
bank_0,1,581,C_581,SAV,,,,,,US,,,,,,
bank_0,1,582,C_582,SAV,,,,,,US,,,,,,
bank_0,1,583,C_583,SAV,,,,,,US,,,,,,
bank_0,1,584,C_584,SAV,,,,,,US,,,,,,
bank_0,1,585,C_585,SAV,,,,,,US,,,,,,
bank_0,1,586,C_586,SAV,,,,,,US,,,,,,
bank_0,1,587,C_587,SAV,,,,,,US,,,,,,
bank_0,1,588,C_588,SAV,,,,,,US,,,,,,
bank_0,1,589,C_589,SAV,,,,,,US,,,,,,
bank_0,1,590,C_590,SAV,,,,,,US,,,,,,
bank_0,1,591,C_591,SAV,,,,,,US,,,,,,
bank_0,1,592,C_592,SAV,,,,,,US,,,,,,
bank_0,1,593,C_593,SAV,,,,,,US,,,,,,
bank_0,1,594,C_594,SAV,,,,,,US,,,,,,
bank_0,1,595,C_595,SAV,,,,,,US,,,,,,
bank_0,1,596,C_596,SAV,,,,,,US,,,,,,
bank_0,1,597,C_597,SAV,,,,,,US,,,,,,
bank_0,1,598,C_598,SAV,,,,,,US,,,,,,
bank_0,1,599,C_599,SAV,,,,,,US,,,,,,
bank_0,1,600,C_600,SAV,,,,,,US,,,,,,
bank_0,1,601,C_601,SAV,,,,,,US,,,,,,
bank_0,1,602,C_602,SAV,,,,,,US,,,,,,
bank_0,1,603,C_603,SAV,,,,,,US,,,,,,
bank_0,1,604,C_604,SAV,,,,,,US,,,,,,
bank_0,1,605,C_605,SAV,,,,,,US,,,,,,
bank_0,1,606,C_606,SAV,,,,,,US,,,,,,
bank_0,1,607,C_607,SAV,,,,,,US,,,,,,
bank_0,1,608,C_608,SAV,,,,,,US,,,,,,
bank_0,1,609,C_609,SAV,,,,,,US,,,,,,
bank_0,1,610,C_610,SAV,,,,,,US,,,,,,
bank_0,1,611,C_611,SAV,,,,,,US,,,,,,
bank_0,1,612,C_612,SAV,,,,,,US,,,,,,
bank_0,1,613,C_613,SAV,,,,,,US,,,,,,
bank_0,1,614,C_614,SAV,,,,,,US,,,,,,
bank_0,1,615,C_615,SAV,,,,,,US,,,,,,
bank_0,1,616,C_616,SAV,,,,,,US,,,,,,
bank_0,1,617,C_617,SAV,,,,,,US,,,,,,
bank_0,1,618,C_618,SAV,,,,,,US,,,,,,
bank_0,1,619,C_619,SAV,,,,,,US,,,,,,
bank_0,1,620,C_620,SAV,,,,,,US,,,,,,
bank_0,1,621,C_621,SAV,,,,,,US,,,,,,
bank_0,1,622,C_622,SAV,,,,,,US,,,,,,
bank_0,1,623,C_623,SAV,,,,,,US,,,,,,
bank_0,1,624,C_624,SAV,,,,,,US,,,,,,
bank_0,1,625,C_625,SAV,,,,,,US,,,,,,
bank_0,1,626,C_626,SAV,,,,,,US,,,,,,
bank_0,1,627,C_627,SAV,,,,,,US,,,,,,
bank_0,1,628,C_628,SAV,,,,,,US,,,,,,
bank_0,1,629,C_629,SAV,,,,,,US,,,,,,
bank_0,1,630,C_630,SAV,,,,,,US,,,,,,
bank_0,1,631,C_631,SAV,,,,,,US,,,,,,
bank_0,1,632,C_632,SAV,,,,,,US,,,,,,
bank_0,1,633,C_633,SAV,,,,,,US,,,,,,
bank_0,1,634,C_634,SAV,,,,,,US,,,,,,
bank_0,1,635,C_635,SAV,,,,,,US,,,,,,
bank_0,1,636,C_636,SAV,,,,,,US,,,,,,
bank_0,1,637,C_637,SAV,,,,,,US,,,,,,
bank_0,1,638,C_638,SAV,,,,,,US,,,,,,
bank_0,1,639,C_639,SAV,,,,,,US,,,,,,
bank_0,1,640,C_640,SAV,,,,,,US,,,,,,
bank_0,1,641,C_641,SAV,,,,,,US,,,,,,
bank_0,1,642,C_642,SAV,,,,,,US,,,,,,
bank_0,1,643,C_643,SAV,,,,,,US,,,,,,
bank_0,1,644,C_644,SAV,,,,,,US,,,,,,
bank_0,1,645,C_645,SAV,,,,,,US,,,,,,
bank_0,1,646,C_646,SAV,,,,,,US,,,,,,
bank_0,1,647,C_647,SAV,,,,,,US,,,,,,
bank_0,1,648,C_648,SAV,,,,,,US,,,,,,
bank_0,1,649,C_649,SAV,,,,,,US,,,,,,
bank_0,1,650,C_650,SAV,,,,,,US,,,,,,
bank_0,1,651,C_651,SAV,,,,,,US,,,,,,
bank_0,1,652,C_652,SAV,,,,,,US,,,,,,
bank_0,1,653,C_653,SAV,,,,,,US,,,,,,
bank_0,1,654,C_654,SAV,,,,,,US,,,,,,
bank_0,1,655,C_655,SAV,,,,,,US,,,,,,
bank_0,1,656,C_656,SAV,,,,,,US,,,,,,
bank_0,1,657,C_657,SAV,,,,,,US,,,,,,
bank_0,1,658,C_658,SAV,,,,,,US,,,,,,
bank_0,1,659,C_659,SAV,,,,,,US,,,,,,
bank_0,1,660,C_660,SAV,,,,,,US,,,,,,
bank_0,1,661,C_661,SAV,,,,,,US,,,,,,
bank_0,1,662,C_662,SAV,,,,,,US,,,,,,
bank_0,1,663,C_663,SAV,,,,,,US,,,,,,
bank_0,1,664,C_664,SAV,,,,,,US,,,,,,
bank_0,1,665,C_665,SAV,,,,,,US,,,,,,
bank_0,1,666,C_666,SAV,,,,,,US,,,,,,
bank_0,1,667,C_667,SAV,,,,,,US,,,,,,
bank_0,1,668,C_668,SAV,,,,,,US,,,,,,
bank_0,1,669,C_669,SAV,,,,,,US,,,,,,
bank_0,1,670,C_670,SAV,,,,,,US,,,,,,
bank_0,1,671,C_671,SAV,,,,,,US,,,,,,
bank_0,1,672,C_672,SAV,,,,,,US,,,,,,
bank_0,1,673,C_673,SAV,,,,,,US,,,,,,
bank_0,1,674,C_674,SAV,,,,,,US,,,,,,
bank_0,1,675,C_675,SAV,,,,,,US,,,,,,
bank_0,1,676,C_676,SAV,,,,,,US,,,,,,
bank_0,1,677,C_677,SAV,,,,,,US,,,,,,
bank_0,1,678,C_678,SAV,,,,,,US,,,,,,
bank_0,1,679,C_679,SAV,,,,,,US,,,,,,
bank_0,1,680,C_680,SAV,,,,,,US,,,,,,
bank_0,1,681,C_681,SAV,,,,,,US,,,,,,
bank_0,1,682,C_682,SAV,,,,,,US,,,,,,
bank_0,1,683,C_683,SAV,,,,,,US,,,,,,
bank_0,1,684,C_684,SAV,,,,,,US,,,,,,
bank_0,1,685,C_685,SAV,,,,,,US,,,,,,
bank_0,1,686,C_686,SAV,,,,,,US,,,,,,
bank_0,1,687,C_687,SAV,,,,,,US,,,,,,
bank_0,1,688,C_688,SAV,,,,,,US,,,,,,
bank_0,1,689,C_689,SAV,,,,,,US,,,,,,
bank_0,1,690,C_690,SAV,,,,,,US,,,,,,
bank_0,1,691,C_691,SAV,,,,,,US,,,,,,
bank_0,1,692,C_692,SAV,,,,,,US,,,,,,
bank_0,1,693,C_693,SAV,,,,,,US,,,,,,
bank_0,1,694,C_694,SAV,,,,,,US,,,,,,
bank_0,1,695,C_695,SAV,,,,,,US,,,,,,
bank_0,1,696,C_696,SAV,,,,,,US,,,,,,
bank_0,1,697,C_697,SAV,,,,,,US,,,,,,
bank_0,1,698,C_698,SAV,,,,,,US,,,,,,
bank_0,1,699,C_699,SAV,,,,,,US,,,,,,
bank_0,1,700,C_700,SAV,,,,,,US,,,,,,
bank_0,1,701,C_701,SAV,,,,,,US,,,,,,
bank_0,1,702,C_702,SAV,,,,,,US,,,,,,
bank_0,1,703,C_703,SAV,,,,,,US,,,,,,
bank_0,1,704,C_704,SAV,,,,,,US,,,,,,
bank_0,1,705,C_705,SAV,,,,,,US,,,,,,
bank_0,1,706,C_706,SAV,,,,,,US,,,,,,
bank_0,1,707,C_707,SAV,,,,,,US,,,,,,
bank_0,1,708,C_708,SAV,,,,,,US,,,,,,
bank_0,1,709,C_709,SAV,,,,,,US,,,,,,
bank_0,1,710,C_710,SAV,,,,,,US,,,,,,
bank_0,1,711,C_711,SAV,,,,,,US,,,,,,
bank_0,1,712,C_712,SAV,,,,,,US,,,,,,
bank_0,1,713,C_713,SAV,,,,,,US,,,,,,
bank_0,1,714,C_714,SAV,,,,,,US,,,,,,
bank_0,1,715,C_715,SAV,,,,,,US,,,,,,
bank_0,1,716,C_716,SAV,,,,,,US,,,,,,
bank_0,1,717,C_717,SAV,,,,,,US,,,,,,
bank_0,1,718,C_718,SAV,,,,,,US,,,,,,
bank_0,1,719,C_719,SAV,,,,,,US,,,,,,
bank_0,1,720,C_720,SAV,,,,,,US,,,,,,
bank_0,1,721,C_721,SAV,,,,,,US,,,,,,
bank_0,1,722,C_722,SAV,,,,,,US,,,,,,
bank_0,1,723,C_723,SAV,,,,,,US,,,,,,
bank_0,1,724,C_724,SAV,,,,,,US,,,,,,
bank_0,1,725,C_725,SAV,,,,,,US,,,,,,
bank_0,1,726,C_726,SAV,,,,,,US,,,,,,
bank_0,1,727,C_727,SAV,,,,,,US,,,,,,
bank_0,1,728,C_728,SAV,,,,,,US,,,,,,
bank_0,1,729,C_729,SAV,,,,,,US,,,,,,
bank_0,1,730,C_730,SAV,,,,,,US,,,,,,
bank_0,1,731,C_731,SAV,,,,,,US,,,,,,
bank_0,1,732,C_732,SAV,,,,,,US,,,,,,
bank_0,1,733,C_733,SAV,,,,,,US,,,,,,
bank_0,1,734,C_734,SAV,,,,,,US,,,,,,
bank_0,1,735,C_735,SAV,,,,,,US,,,,,,
bank_0,1,736,C_736,SAV,,,,,,US,,,,,,
bank_0,1,737,C_737,SAV,,,,,,US,,,,,,
bank_0,1,738,C_738,SAV,,,,,,US,,,,,,
bank_0,1,739,C_739,SAV,,,,,,US,,,,,,
bank_0,1,740,C_740,SAV,,,,,,US,,,,,,
bank_0,1,741,C_741,SAV,,,,,,US,,,,,,
bank_0,1,742,C_742,SAV,,,,,,US,,,,,,
bank_0,1,743,C_743,SAV,,,,,,US,,,,,,
bank_0,1,744,C_744,SAV,,,,,,US,,,,,,
bank_0,1,745,C_745,SAV,,,,,,US,,,,,,
bank_0,1,746,C_746,SAV,,,,,,US,,,,,,
bank_0,1,747,C_747,SAV,,,,,,US,,,,,,
bank_0,1,748,C_748,SAV,,,,,,US,,,,,,
bank_0,1,749,C_749,SAV,,,,,,US,,,,,,
bank_0,1,750,C_750,SAV,,,,,,US,,,,,,
bank_0,1,751,C_751,SAV,,,,,,US,,,,,,
bank_0,1,752,C_752,SAV,,,,,,US,,,,,,
bank_0,1,753,C_753,SAV,,,,,,US,,,,,,
bank_0,1,754,C_754,SAV,,,,,,US,,,,,,
bank_0,1,755,C_755,SAV,,,,,,US,,,,,,
bank_0,1,756,C_756,SAV,,,,,,US,,,,,,
bank_0,1,757,C_757,SAV,,,,,,US,,,,,,
bank_0,1,758,C_758,SAV,,,,,,US,,,,,,
bank_0,1,759,C_759,SAV,,,,,,US,,,,,,
bank_0,1,760,C_760,SAV,,,,,,US,,,,,,
bank_0,1,761,C_761,SAV,,,,,,US,,,,,,
bank_0,1,762,C_762,SAV,,,,,,US,,,,,,
bank_0,1,763,C_763,SAV,,,,,,US,,,,,,
bank_0,1,764,C_764,SAV,,,,,,US,,,,,,
bank_0,1,765,C_765,SAV,,,,,,US,,,,,,
bank_0,1,766,C_766,SAV,,,,,,US,,,,,,
bank_0,1,767,C_767,SAV,,,,,,US,,,,,,
bank_0,1,768,C_768,SAV,,,,,,US,,,,,,
bank_0,1,769,C_769,SAV,,,,,,US,,,,,,
bank_0,1,770,C_770,SAV,,,,,,US,,,,,,
bank_0,1,771,C_771,SAV,,,,,,US,,,,,,
bank_0,1,772,C_772,SAV,,,,,,US,,,,,,
bank_0,1,773,C_773,SAV,,,,,,US,,,,,,
bank_0,1,774,C_774,SAV,,,,,,US,,,,,,
bank_0,1,775,C_775,SAV,,,,,,US,,,,,,
bank_0,1,776,C_776,SAV,,,,,,US,,,,,,
bank_0,1,777,C_777,SAV,,,,,,US,,,,,,
bank_0,1,778,C_778,SAV,,,,,,US,,,,,,
bank_0,1,779,C_779,SAV,,,,,,US,,,,,,
bank_0,1,780,C_780,SAV,,,,,,US,,,,,,
bank_0,1,781,C_781,SAV,,,,,,US,,,,,,
bank_0,1,782,C_782,SAV,,,,,,US,,,,,,
bank_0,1,783,C_783,SAV,,,,,,US,,,,,,
bank_0,1,784,C_784,SAV,,,,,,US,,,,,,
bank_0,1,785,C_785,SAV,,,,,,US,,,,,,
bank_0,1,786,C_786,SAV,,,,,,US,,,,,,
bank_0,1,787,C_787,SAV,,,,,,US,,,,,,
bank_0,1,788,C_788,SAV,,,,,,US,,,,,,
bank_0,1,789,C_789,SAV,,,,,,US,,,,,,
bank_0,1,790,C_790,SAV,,,,,,US,,,,,,
bank_0,1,791,C_791,SAV,,,,,,US,,,,,,
bank_0,1,792,C_792,SAV,,,,,,US,,,,,,
bank_0,1,793,C_793,SAV,,,,,,US,,,,,,
bank_0,1,794,C_794,SAV,,,,,,US,,,,,,
bank_0,1,795,C_795,SAV,,,,,,US,,,,,,
bank_0,1,796,C_796,SAV,,,,,,US,,,,,,
bank_0,1,797,C_797,SAV,,,,,,US,,,,,,
bank_0,1,798,C_798,SAV,,,,,,US,,,,,,
bank_0,1,799,C_799,SAV,,,,,,US,,,,,,
bank_0,1,800,C_800,SAV,,,,,,US,,,,,,
bank_0,1,801,C_801,SAV,,,,,,US,,,,,,
bank_0,1,802,C_802,SAV,,,,,,US,,,,,,
bank_0,1,803,C_803,SAV,,,,,,US,,,,,,
bank_0,1,804,C_804,SAV,,,,,,US,,,,,,
bank_0,1,805,C_805,SAV,,,,,,US,,,,,,
bank_0,1,806,C_806,SAV,,,,,,US,,,,,,
bank_0,1,807,C_807,SAV,,,,,,US,,,,,,
bank_0,1,808,C_808,SAV,,,,,,US,,,,,,
bank_0,1,809,C_809,SAV,,,,,,US,,,,,,
bank_0,1,810,C_810,SAV,,,,,,US,,,,,,
bank_0,1,811,C_811,SAV,,,,,,US,,,,,,
bank_0,1,812,C_812,SAV,,,,,,US,,,,,,
bank_0,1,813,C_813,SAV,,,,,,US,,,,,,
bank_0,1,814,C_814,SAV,,,,,,US,,,,,,
bank_0,1,815,C_815,SAV,,,,,,US,,,,,,
bank_0,1,816,C_816,SAV,,,,,,US,,,,,,
bank_0,1,817,C_817,SAV,,,,,,US,,,,,,
bank_0,1,818,C_818,SAV,,,,,,US,,,,,,
bank_0,1,819,C_819,SAV,,,,,,US,,,,,,
bank_0,1,820,C_820,SAV,,,,,,US,,,,,,
bank_0,1,821,C_821,SAV,,,,,,US,,,,,,
bank_0,1,822,C_822,SAV,,,,,,US,,,,,,
bank_0,1,823,C_823,SAV,,,,,,US,,,,,,
bank_0,1,824,C_824,SAV,,,,,,US,,,,,,
bank_0,1,825,C_825,SAV,,,,,,US,,,,,,
bank_0,1,826,C_826,SAV,,,,,,US,,,,,,
bank_0,1,827,C_827,SAV,,,,,,US,,,,,,
bank_0,1,828,C_828,SAV,,,,,,US,,,,,,
bank_0,1,829,C_829,SAV,,,,,,US,,,,,,
bank_0,1,830,C_830,SAV,,,,,,US,,,,,,
bank_0,1,831,C_831,SAV,,,,,,US,,,,,,
bank_0,1,832,C_832,SAV,,,,,,US,,,,,,
bank_0,1,833,C_833,SAV,,,,,,US,,,,,,
bank_0,1,834,C_834,SAV,,,,,,US,,,,,,
bank_0,1,835,C_835,SAV,,,,,,US,,,,,,
bank_0,1,836,C_836,SAV,,,,,,US,,,,,,
bank_0,1,837,C_837,SAV,,,,,,US,,,,,,
bank_0,1,838,C_838,SAV,,,,,,US,,,,,,
bank_0,1,839,C_839,SAV,,,,,,US,,,,,,
bank_0,1,840,C_840,SAV,,,,,,US,,,,,,
bank_0,1,841,C_841,SAV,,,,,,US,,,,,,
bank_0,1,842,C_842,SAV,,,,,,US,,,,,,
bank_0,1,843,C_843,SAV,,,,,,US,,,,,,
bank_0,1,844,C_844,SAV,,,,,,US,,,,,,
bank_0,1,845,C_845,SAV,,,,,,US,,,,,,
bank_0,1,846,C_846,SAV,,,,,,US,,,,,,
bank_0,1,847,C_847,SAV,,,,,,US,,,,,,
bank_0,1,848,C_848,SAV,,,,,,US,,,,,,
bank_0,1,849,C_849,SAV,,,,,,US,,,,,,
bank_0,1,850,C_850,SAV,,,,,,US,,,,,,
bank_0,1,851,C_851,SAV,,,,,,US,,,,,,
bank_0,1,852,C_852,SAV,,,,,,US,,,,,,
bank_0,1,853,C_853,SAV,,,,,,US,,,,,,
bank_0,1,854,C_854,SAV,,,,,,US,,,,,,
bank_0,1,855,C_855,SAV,,,,,,US,,,,,,
bank_0,1,856,C_856,SAV,,,,,,US,,,,,,
bank_0,1,857,C_857,SAV,,,,,,US,,,,,,
bank_0,1,858,C_858,SAV,,,,,,US,,,,,,
bank_0,1,859,C_859,SAV,,,,,,US,,,,,,
bank_0,1,860,C_860,SAV,,,,,,US,,,,,,
bank_0,1,861,C_861,SAV,,,,,,US,,,,,,
bank_0,1,862,C_862,SAV,,,,,,US,,,,,,
bank_0,1,863,C_863,SAV,,,,,,US,,,,,,
bank_0,1,864,C_864,SAV,,,,,,US,,,,,,
bank_0,1,865,C_865,SAV,,,,,,US,,,,,,
bank_0,1,866,C_866,SAV,,,,,,US,,,,,,
bank_0,1,867,C_867,SAV,,,,,,US,,,,,,
bank_0,1,868,C_868,SAV,,,,,,US,,,,,,
bank_0,1,869,C_869,SAV,,,,,,US,,,,,,
bank_0,1,870,C_870,SAV,,,,,,US,,,,,,
bank_0,1,871,C_871,SAV,,,,,,US,,,,,,
bank_0,1,872,C_872,SAV,,,,,,US,,,,,,
bank_0,1,873,C_873,SAV,,,,,,US,,,,,,
bank_0,1,874,C_874,SAV,,,,,,US,,,,,,
bank_0,1,875,C_875,SAV,,,,,,US,,,,,,
bank_0,1,876,C_876,SAV,,,,,,US,,,,,,
bank_0,1,877,C_877,SAV,,,,,,US,,,,,,
bank_0,1,878,C_878,SAV,,,,,,US,,,,,,
bank_0,1,879,C_879,SAV,,,,,,US,,,,,,
bank_0,1,880,C_880,SAV,,,,,,US,,,,,,
bank_0,1,881,C_881,SAV,,,,,,US,,,,,,
bank_0,1,882,C_882,SAV,,,,,,US,,,,,,
bank_0,1,883,C_883,SAV,,,,,,US,,,,,,
bank_0,1,884,C_884,SAV,,,,,,US,,,,,,
bank_0,1,885,C_885,SAV,,,,,,US,,,,,,
bank_0,1,886,C_886,SAV,,,,,,US,,,,,,
bank_0,1,887,C_887,SAV,,,,,,US,,,,,,
bank_0,1,888,C_888,SAV,,,,,,US,,,,,,
bank_0,1,889,C_889,SAV,,,,,,US,,,,,,
bank_0,1,890,C_890,SAV,,,,,,US,,,,,,
bank_0,1,891,C_891,SAV,,,,,,US,,,,,,
bank_0,1,892,C_892,SAV,,,,,,US,,,,,,
bank_0,1,893,C_893,SAV,,,,,,US,,,,,,
bank_0,1,894,C_894,SAV,,,,,,US,,,,,,
bank_0,1,895,C_895,SAV,,,,,,US,,,,,,
bank_0,1,896,C_896,SAV,,,,,,US,,,,,,
bank_0,1,897,C_897,SAV,,,,,,US,,,,,,
bank_0,1,898,C_898,SAV,,,,,,US,,,,,,
bank_0,1,899,C_899,SAV,,,,,,US,,,,,,
bank_0,1,900,C_900,SAV,,,,,,US,,,,,,
bank_0,1,901,C_901,SAV,,,,,,US,,,,,,
bank_0,1,902,C_902,SAV,,,,,,US,,,,,,
bank_0,1,903,C_903,SAV,,,,,,US,,,,,,
bank_0,1,904,C_904,SAV,,,,,,US,,,,,,
bank_0,1,905,C_905,SAV,,,,,,US,,,,,,
bank_0,1,906,C_906,SAV,,,,,,US,,,,,,
bank_0,1,907,C_907,SAV,,,,,,US,,,,,,
bank_0,1,908,C_908,SAV,,,,,,US,,,,,,
bank_0,1,909,C_909,SAV,,,,,,US,,,,,,
bank_0,1,910,C_910,SAV,,,,,,US,,,,,,
bank_0,1,911,C_911,SAV,,,,,,US,,,,,,
bank_0,1,912,C_912,SAV,,,,,,US,,,,,,
bank_0,1,913,C_913,SAV,,,,,,US,,,,,,
bank_0,1,914,C_914,SAV,,,,,,US,,,,,,
bank_0,1,915,C_915,SAV,,,,,,US,,,,,,
bank_0,1,916,C_916,SAV,,,,,,US,,,,,,
bank_0,1,917,C_917,SAV,,,,,,US,,,,,,
bank_0,1,918,C_918,SAV,,,,,,US,,,,,,
bank_0,1,919,C_919,SAV,,,,,,US,,,,,,
bank_0,1,920,C_920,SAV,,,,,,US,,,,,,
bank_0,1,921,C_921,SAV,,,,,,US,,,,,,
bank_0,1,922,C_922,SAV,,,,,,US,,,,,,
bank_0,1,923,C_923,SAV,,,,,,US,,,,,,
bank_0,1,924,C_924,SAV,,,,,,US,,,,,,
bank_0,1,925,C_925,SAV,,,,,,US,,,,,,
bank_0,1,926,C_926,SAV,,,,,,US,,,,,,
bank_0,1,927,C_927,SAV,,,,,,US,,,,,,
bank_0,1,928,C_928,SAV,,,,,,US,,,,,,
bank_0,1,929,C_929,SAV,,,,,,US,,,,,,
bank_0,1,930,C_930,SAV,,,,,,US,,,,,,
bank_0,1,931,C_931,SAV,,,,,,US,,,,,,
bank_0,1,932,C_932,SAV,,,,,,US,,,,,,
bank_0,1,933,C_933,SAV,,,,,,US,,,,,,
bank_0,1,934,C_934,SAV,,,,,,US,,,,,,
bank_0,1,935,C_935,SAV,,,,,,US,,,,,,
bank_0,1,936,C_936,SAV,,,,,,US,,,,,,
bank_0,1,937,C_937,SAV,,,,,,US,,,,,,
bank_0,1,938,C_938,SAV,,,,,,US,,,,,,
bank_0,1,939,C_939,SAV,,,,,,US,,,,,,
bank_0,1,940,C_940,SAV,,,,,,US,,,,,,
bank_0,1,941,C_941,SAV,,,,,,US,,,,,,
bank_0,1,942,C_942,SAV,,,,,,US,,,,,,
bank_0,1,943,C_943,SAV,,,,,,US,,,,,,
bank_0,1,944,C_944,SAV,,,,,,US,,,,,,
bank_0,1,945,C_945,SAV,,,,,,US,,,,,,
bank_0,1,946,C_946,SAV,,,,,,US,,,,,,
bank_0,1,947,C_947,SAV,,,,,,US,,,,,,
bank_0,1,948,C_948,SAV,,,,,,US,,,,,,
bank_0,1,949,C_949,SAV,,,,,,US,,,,,,
bank_0,1,950,C_950,SAV,,,,,,US,,,,,,
bank_0,1,951,C_951,SAV,,,,,,US,,,,,,
bank_0,1,952,C_952,SAV,,,,,,US,,,,,,
bank_0,1,953,C_953,SAV,,,,,,US,,,,,,
bank_0,1,954,C_954,SAV,,,,,,US,,,,,,
bank_0,1,955,C_955,SAV,,,,,,US,,,,,,
bank_0,1,956,C_956,SAV,,,,,,US,,,,,,
bank_0,1,957,C_957,SAV,,,,,,US,,,,,,
bank_0,1,958,C_958,SAV,,,,,,US,,,,,,
bank_0,1,959,C_959,SAV,,,,,,US,,,,,,
bank_0,1,960,C_960,SAV,,,,,,US,,,,,,
bank_0,1,961,C_961,SAV,,,,,,US,,,,,,
bank_0,1,962,C_962,SAV,,,,,,US,,,,,,
bank_0,1,963,C_963,SAV,,,,,,US,,,,,,
bank_0,1,964,C_964,SAV,,,,,,US,,,,,,
bank_0,1,965,C_965,SAV,,,,,,US,,,,,,
bank_0,1,966,C_966,SAV,,,,,,US,,,,,,
bank_0,1,967,C_967,SAV,,,,,,US,,,,,,
bank_0,1,968,C_968,SAV,,,,,,US,,,,,,
bank_0,1,969,C_969,SAV,,,,,,US,,,,,,
bank_0,1,970,C_970,SAV,,,,,,US,,,,,,
bank_0,1,971,C_971,SAV,,,,,,US,,,,,,
bank_0,1,972,C_972,SAV,,,,,,US,,,,,,
bank_0,1,973,C_973,SAV,,,,,,US,,,,,,
bank_0,1,974,C_974,SAV,,,,,,US,,,,,,
bank_0,1,975,C_975,SAV,,,,,,US,,,,,,
bank_0,1,976,C_976,SAV,,,,,,US,,,,,,
bank_0,1,977,C_977,SAV,,,,,,US,,,,,,
bank_0,1,978,C_978,SAV,,,,,,US,,,,,,
bank_0,1,979,C_979,SAV,,,,,,US,,,,,,
bank_0,1,980,C_980,SAV,,,,,,US,,,,,,
bank_0,1,981,C_981,SAV,,,,,,US,,,,,,
bank_0,1,982,C_982,SAV,,,,,,US,,,,,,
bank_0,1,983,C_983,SAV,,,,,,US,,,,,,
bank_0,1,984,C_984,SAV,,,,,,US,,,,,,
bank_0,1,985,C_985,SAV,,,,,,US,,,,,,
bank_0,1,986,C_986,SAV,,,,,,US,,,,,,
bank_0,1,987,C_987,SAV,,,,,,US,,,,,,
bank_0,1,988,C_988,SAV,,,,,,US,,,,,,
bank_0,1,989,C_989,SAV,,,,,,US,,,,,,
bank_0,1,990,C_990,SAV,,,,,,US,,,,,,
bank_0,1,991,C_991,SAV,,,,,,US,,,,,,
bank_0,1,992,C_992,SAV,,,,,,US,,,,,,
bank_0,1,993,C_993,SAV,,,,,,US,,,,,,
bank_0,1,994,C_994,SAV,,,,,,US,,,,,,
bank_0,1,995,C_995,SAV,,,,,,US,,,,,,
bank_0,1,996,C_996,SAV,,,,,,US,,,,,,
bank_0,1,997,C_997,SAV,,,,,,US,,,,,,
bank_0,1,998,C_998,SAV,,,,,,US,,,,,,
bank_0,1,999,C_999,SAV,,,,,,US,,,,,,
bank_0,1,1000,C_1000,SAV,,,,,,US,,,,,,
bank_0,1,1001,C_1001,SAV,,,,,,US,,,,,,
bank_0,1,1002,C_1002,SAV,,,,,,US,,,,,,
bank_0,1,1003,C_1003,SAV,,,,,,US,,,,,,
bank_0,1,1004,C_1004,SAV,,,,,,US,,,,,,
bank_0,1,1005,C_1005,SAV,,,,,,US,,,,,,
bank_0,1,1006,C_1006,SAV,,,,,,US,,,,,,
bank_0,1,1007,C_1007,SAV,,,,,,US,,,,,,
bank_0,1,1008,C_1008,SAV,,,,,,US,,,,,,
bank_0,1,1009,C_1009,SAV,,,,,,US,,,,,,
bank_0,1,1010,C_1010,SAV,,,,,,US,,,,,,
bank_0,1,1011,C_1011,SAV,,,,,,US,,,,,,
bank_0,1,1012,C_1012,SAV,,,,,,US,,,,,,
bank_0,1,1013,C_1013,SAV,,,,,,US,,,,,,
bank_0,1,1014,C_1014,SAV,,,,,,US,,,,,,
bank_0,1,1015,C_1015,SAV,,,,,,US,,,,,,
bank_0,1,1016,C_1016,SAV,,,,,,US,,,,,,
bank_0,1,1017,C_1017,SAV,,,,,,US,,,,,,
bank_0,1,1018,C_1018,SAV,,,,,,US,,,,,,
bank_0,1,1019,C_1019,SAV,,,,,,US,,,,,,
bank_0,1,1020,C_1020,SAV,,,,,,US,,,,,,
bank_0,1,1021,C_1021,SAV,,,,,,US,,,,,,
bank_0,1,1022,C_1022,SAV,,,,,,US,,,,,,
bank_0,1,1023,C_1023,SAV,,,,,,US,,,,,,
bank_0,1,1024,C_1024,SAV,,,,,,US,,,,,,
bank_0,1,1025,C_1025,SAV,,,,,,US,,,,,,
bank_0,1,1026,C_1026,SAV,,,,,,US,,,,,,
bank_0,1,1027,C_1027,SAV,,,,,,US,,,,,,
bank_0,1,1028,C_1028,SAV,,,,,,US,,,,,,
bank_0,1,1029,C_1029,SAV,,,,,,US,,,,,,
bank_0,1,1030,C_1030,SAV,,,,,,US,,,,,,
bank_0,1,1031,C_1031,SAV,,,,,,US,,,,,,
bank_0,1,1032,C_1032,SAV,,,,,,US,,,,,,
bank_0,1,1033,C_1033,SAV,,,,,,US,,,,,,
bank_0,1,1034,C_1034,SAV,,,,,,US,,,,,,
bank_0,1,1035,C_1035,SAV,,,,,,US,,,,,,
bank_0,1,1036,C_1036,SAV,,,,,,US,,,,,,
bank_0,1,1037,C_1037,SAV,,,,,,US,,,,,,
bank_0,1,1038,C_1038,SAV,,,,,,US,,,,,,
bank_0,1,1039,C_1039,SAV,,,,,,US,,,,,,
bank_0,1,1040,C_1040,SAV,,,,,,US,,,,,,
bank_0,1,1041,C_1041,SAV,,,,,,US,,,,,,
bank_0,1,1042,C_1042,SAV,,,,,,US,,,,,,
bank_0,1,1043,C_1043,SAV,,,,,,US,,,,,,
bank_0,1,1044,C_1044,SAV,,,,,,US,,,,,,
bank_0,1,1045,C_1045,SAV,,,,,,US,,,,,,
bank_0,1,1046,C_1046,SAV,,,,,,US,,,,,,
bank_0,1,1047,C_1047,SAV,,,,,,US,,,,,,
bank_0,1,1048,C_1048,SAV,,,,,,US,,,,,,
bank_0,1,1049,C_1049,SAV,,,,,,US,,,,,,
bank_0,1,1050,C_1050,SAV,,,,,,US,,,,,,
bank_0,1,1051,C_1051,SAV,,,,,,US,,,,,,
bank_0,1,1052,C_1052,SAV,,,,,,US,,,,,,
bank_0,1,1053,C_1053,SAV,,,,,,US,,,,,,
bank_0,1,1054,C_1054,SAV,,,,,,US,,,,,,
bank_0,1,1055,C_1055,SAV,,,,,,US,,,,,,
bank_0,1,1056,C_1056,SAV,,,,,,US,,,,,,
bank_0,1,1057,C_1057,SAV,,,,,,US,,,,,,
bank_0,1,1058,C_1058,SAV,,,,,,US,,,,,,
bank_0,1,1059,C_1059,SAV,,,,,,US,,,,,,
bank_0,1,1060,C_1060,SAV,,,,,,US,,,,,,
bank_0,1,1061,C_1061,SAV,,,,,,US,,,,,,
bank_0,1,1062,C_1062,SAV,,,,,,US,,,,,,
bank_0,1,1063,C_1063,SAV,,,,,,US,,,,,,
bank_0,1,1064,C_1064,SAV,,,,,,US,,,,,,
bank_0,1,1065,C_1065,SAV,,,,,,US,,,,,,
bank_0,1,1066,C_1066,SAV,,,,,,US,,,,,,
bank_0,1,1067,C_1067,SAV,,,,,,US,,,,,,
bank_0,1,1068,C_1068,SAV,,,,,,US,,,,,,
bank_0,1,1069,C_1069,SAV,,,,,,US,,,,,,
bank_0,1,1070,C_1070,SAV,,,,,,US,,,,,,
bank_0,1,1071,C_1071,SAV,,,,,,US,,,,,,
bank_0,1,1072,C_1072,SAV,,,,,,US,,,,,,
bank_0,1,1073,C_1073,SAV,,,,,,US,,,,,,
bank_0,1,1074,C_1074,SAV,,,,,,US,,,,,,
bank_0,1,1075,C_1075,SAV,,,,,,US,,,,,,
bank_0,1,1076,C_1076,SAV,,,,,,US,,,,,,
bank_0,1,1077,C_1077,SAV,,,,,,US,,,,,,
bank_0,1,1078,C_1078,SAV,,,,,,US,,,,,,
bank_0,1,1079,C_1079,SAV,,,,,,US,,,,,,
bank_0,1,1080,C_1080,SAV,,,,,,US,,,,,,
bank_0,1,1081,C_1081,SAV,,,,,,US,,,,,,
bank_0,1,1082,C_1082,SAV,,,,,,US,,,,,,
bank_0,1,1083,C_1083,SAV,,,,,,US,,,,,,
bank_0,1,1084,C_1084,SAV,,,,,,US,,,,,,
bank_0,1,1085,C_1085,SAV,,,,,,US,,,,,,
bank_0,1,1086,C_1086,SAV,,,,,,US,,,,,,
bank_0,1,1087,C_1087,SAV,,,,,,US,,,,,,
bank_0,1,1088,C_1088,SAV,,,,,,US,,,,,,
bank_0,1,1089,C_1089,SAV,,,,,,US,,,,,,
bank_0,1,1090,C_1090,SAV,,,,,,US,,,,,,
bank_0,1,1091,C_1091,SAV,,,,,,US,,,,,,
bank_0,1,1092,C_1092,SAV,,,,,,US,,,,,,
bank_0,1,1093,C_1093,SAV,,,,,,US,,,,,,
bank_0,1,1094,C_1094,SAV,,,,,,US,,,,,,
bank_0,1,1095,C_1095,SAV,,,,,,US,,,,,,
bank_0,1,1096,C_1096,SAV,,,,,,US,,,,,,
bank_0,1,1097,C_1097,SAV,,,,,,US,,,,,,
bank_0,1,1098,C_1098,SAV,,,,,,US,,,,,,
bank_0,1,1099,C_1099,SAV,,,,,,US,,,,,,
bank_0,1,1100,C_1100,SAV,,,,,,US,,,,,,
bank_0,1,1101,C_1101,SAV,,,,,,US,,,,,,
bank_0,1,1102,C_1102,SAV,,,,,,US,,,,,,
bank_0,1,1103,C_1103,SAV,,,,,,US,,,,,,
bank_0,1,1104,C_1104,SAV,,,,,,US,,,,,,
bank_0,1,1105,C_1105,SAV,,,,,,US,,,,,,
bank_0,1,1106,C_1106,SAV,,,,,,US,,,,,,
bank_0,1,1107,C_1107,SAV,,,,,,US,,,,,,
bank_0,1,1108,C_1108,SAV,,,,,,US,,,,,,
bank_0,1,1109,C_1109,SAV,,,,,,US,,,,,,
bank_0,1,1110,C_1110,SAV,,,,,,US,,,,,,
bank_0,1,1111,C_1111,SAV,,,,,,US,,,,,,
bank_0,1,1112,C_1112,SAV,,,,,,US,,,,,,
bank_0,1,1113,C_1113,SAV,,,,,,US,,,,,,
bank_0,1,1114,C_1114,SAV,,,,,,US,,,,,,
bank_0,1,1115,C_1115,SAV,,,,,,US,,,,,,
bank_0,1,1116,C_1116,SAV,,,,,,US,,,,,,
bank_0,1,1117,C_1117,SAV,,,,,,US,,,,,,
bank_0,1,1118,C_1118,SAV,,,,,,US,,,,,,
bank_0,1,1119,C_1119,SAV,,,,,,US,,,,,,
bank_0,1,1120,C_1120,SAV,,,,,,US,,,,,,
bank_0,1,1121,C_1121,SAV,,,,,,US,,,,,,
bank_0,1,1122,C_1122,SAV,,,,,,US,,,,,,
bank_0,1,1123,C_1123,SAV,,,,,,US,,,,,,
bank_0,1,1124,C_1124,SAV,,,,,,US,,,,,,
bank_0,1,1125,C_1125,SAV,,,,,,US,,,,,,
bank_0,1,1126,C_1126,SAV,,,,,,US,,,,,,
bank_0,1,1127,C_1127,SAV,,,,,,US,,,,,,
bank_0,1,1128,C_1128,SAV,,,,,,US,,,,,,
bank_0,1,1129,C_1129,SAV,,,,,,US,,,,,,
bank_0,1,1130,C_1130,SAV,,,,,,US,,,,,,
bank_0,1,1131,C_1131,SAV,,,,,,US,,,,,,
bank_0,1,1132,C_1132,SAV,,,,,,US,,,,,,
bank_0,1,1133,C_1133,SAV,,,,,,US,,,,,,
bank_0,1,1134,C_1134,SAV,,,,,,US,,,,,,
bank_0,1,1135,C_1135,SAV,,,,,,US,,,,,,
bank_0,1,1136,C_1136,SAV,,,,,,US,,,,,,
bank_0,1,1137,C_1137,SAV,,,,,,US,,,,,,
bank_0,1,1138,C_1138,SAV,,,,,,US,,,,,,
bank_0,1,1139,C_1139,SAV,,,,,,US,,,,,,
bank_0,1,1140,C_1140,SAV,,,,,,US,,,,,,
bank_0,1,1141,C_1141,SAV,,,,,,US,,,,,,
bank_0,1,1142,C_1142,SAV,,,,,,US,,,,,,
bank_0,1,1143,C_1143,SAV,,,,,,US,,,,,,
bank_0,1,1144,C_1144,SAV,,,,,,US,,,,,,
bank_0,1,1145,C_1145,SAV,,,,,,US,,,,,,
bank_0,1,1146,C_1146,SAV,,,,,,US,,,,,,
bank_0,1,1147,C_1147,SAV,,,,,,US,,,,,,
bank_0,1,1148,C_1148,SAV,,,,,,US,,,,,,
bank_0,1,1149,C_1149,SAV,,,,,,US,,,,,,
bank_0,1,1150,C_1150,SAV,,,,,,US,,,,,,
bank_0,1,1151,C_1151,SAV,,,,,,US,,,,,,
bank_0,1,1152,C_1152,SAV,,,,,,US,,,,,,
bank_0,1,1153,C_1153,SAV,,,,,,US,,,,,,
bank_0,1,1154,C_1154,SAV,,,,,,US,,,,,,
bank_0,1,1155,C_1155,SAV,,,,,,US,,,,,,
bank_0,1,1156,C_1156,SAV,,,,,,US,,,,,,
bank_0,1,1157,C_1157,SAV,,,,,,US,,,,,,
bank_0,1,1158,C_1158,SAV,,,,,,US,,,,,,
bank_0,1,1159,C_1159,SAV,,,,,,US,,,,,,
bank_0,1,1160,C_1160,SAV,,,,,,US,,,,,,
bank_0,1,1161,C_1161,SAV,,,,,,US,,,,,,
bank_0,1,1162,C_1162,SAV,,,,,,US,,,,,,
bank_0,1,1163,C_1163,SAV,,,,,,US,,,,,,
bank_0,1,1164,C_1164,SAV,,,,,,US,,,,,,
bank_0,1,1165,C_1165,SAV,,,,,,US,,,,,,
bank_0,1,1166,C_1166,SAV,,,,,,US,,,,,,
bank_0,1,1167,C_1167,SAV,,,,,,US,,,,,,
bank_0,1,1168,C_1168,SAV,,,,,,US,,,,,,
bank_0,1,1169,C_1169,SAV,,,,,,US,,,,,,
bank_0,1,1170,C_1170,SAV,,,,,,US,,,,,,
bank_0,1,1171,C_1171,SAV,,,,,,US,,,,,,
bank_0,1,1172,C_1172,SAV,,,,,,US,,,,,,
bank_0,1,1173,C_1173,SAV,,,,,,US,,,,,,
bank_0,1,1174,C_1174,SAV,,,,,,US,,,,,,
bank_0,1,1175,C_1175,SAV,,,,,,US,,,,,,
bank_0,1,1176,C_1176,SAV,,,,,,US,,,,,,
bank_0,1,1177,C_1177,SAV,,,,,,US,,,,,,
bank_0,1,1178,C_1178,SAV,,,,,,US,,,,,,
bank_0,1,1179,C_1179,SAV,,,,,,US,,,,,,
bank_0,1,1180,C_1180,SAV,,,,,,US,,,,,,
bank_0,1,1181,C_1181,SAV,,,,,,US,,,,,,
bank_0,1,1182,C_1182,SAV,,,,,,US,,,,,,
bank_0,1,1183,C_1183,SAV,,,,,,US,,,,,,
bank_0,1,1184,C_1184,SAV,,,,,,US,,,,,,
bank_0,1,1185,C_1185,SAV,,,,,,US,,,,,,
bank_0,1,1186,C_1186,SAV,,,,,,US,,,,,,
bank_0,1,1187,C_1187,SAV,,,,,,US,,,,,,
bank_0,1,1188,C_1188,SAV,,,,,,US,,,,,,
bank_0,1,1189,C_1189,SAV,,,,,,US,,,,,,
bank_0,1,1190,C_1190,SAV,,,,,,US,,,,,,
bank_0,1,1191,C_1191,SAV,,,,,,US,,,,,,
bank_0,1,1192,C_1192,SAV,,,,,,US,,,,,,
bank_0,1,1193,C_1193,SAV,,,,,,US,,,,,,
bank_0,1,1194,C_1194,SAV,,,,,,US,,,,,,
bank_0,1,1195,C_1195,SAV,,,,,,US,,,,,,
bank_0,1,1196,C_1196,SAV,,,,,,US,,,,,,
bank_0,1,1197,C_1197,SAV,,,,,,US,,,,,,
bank_0,1,1198,C_1198,SAV,,,,,,US,,,,,,
bank_0,1,1199,C_1199,SAV,,,,,,US,,,,,,
bank_0,1,1200,C_1200,SAV,,,,,,US,,,,,,
bank_0,1,1201,C_1201,SAV,,,,,,US,,,,,,
bank_0,1,1202,C_1202,SAV,,,,,,US,,,,,,
bank_0,1,1203,C_1203,SAV,,,,,,US,,,,,,
bank_0,1,1204,C_1204,SAV,,,,,,US,,,,,,
bank_0,1,1205,C_1205,SAV,,,,,,US,,,,,,
bank_0,1,1206,C_1206,SAV,,,,,,US,,,,,,
bank_0,1,1207,C_1207,SAV,,,,,,US,,,,,,
bank_0,1,1208,C_1208,SAV,,,,,,US,,,,,,
bank_0,1,1209,C_1209,SAV,,,,,,US,,,,,,
bank_0,1,1210,C_1210,SAV,,,,,,US,,,,,,
bank_0,1,1211,C_1211,SAV,,,,,,US,,,,,,
bank_0,1,1212,C_1212,SAV,,,,,,US,,,,,,
bank_0,1,1213,C_1213,SAV,,,,,,US,,,,,,
bank_0,1,1214,C_1214,SAV,,,,,,US,,,,,,
bank_0,1,1215,C_1215,SAV,,,,,,US,,,,,,
bank_0,1,1216,C_1216,SAV,,,,,,US,,,,,,
bank_0,1,1217,C_1217,SAV,,,,,,US,,,,,,
bank_0,1,1218,C_1218,SAV,,,,,,US,,,,,,
bank_0,1,1219,C_1219,SAV,,,,,,US,,,,,,
bank_0,1,1220,C_1220,SAV,,,,,,US,,,,,,
bank_0,1,1221,C_1221,SAV,,,,,,US,,,,,,
bank_0,1,1222,C_1222,SAV,,,,,,US,,,,,,
bank_0,1,1223,C_1223,SAV,,,,,,US,,,,,,
bank_0,1,1224,C_1224,SAV,,,,,,US,,,,,,
bank_0,1,1225,C_1225,SAV,,,,,,US,,,,,,
bank_0,1,1226,C_1226,SAV,,,,,,US,,,,,,
bank_0,1,1227,C_1227,SAV,,,,,,US,,,,,,
bank_0,1,1228,C_1228,SAV,,,,,,US,,,,,,
bank_0,1,1229,C_1229,SAV,,,,,,US,,,,,,
bank_0,1,1230,C_1230,SAV,,,,,,US,,,,,,
bank_0,1,1231,C_1231,SAV,,,,,,US,,,,,,
bank_0,1,1232,C_1232,SAV,,,,,,US,,,,,,
bank_0,1,1233,C_1233,SAV,,,,,,US,,,,,,
bank_0,1,1234,C_1234,SAV,,,,,,US,,,,,,
bank_0,1,1235,C_1235,SAV,,,,,,US,,,,,,
bank_0,1,1236,C_1236,SAV,,,,,,US,,,,,,
bank_0,1,1237,C_1237,SAV,,,,,,US,,,,,,
bank_0,1,1238,C_1238,SAV,,,,,,US,,,,,,
bank_0,1,1239,C_1239,SAV,,,,,,US,,,,,,
bank_0,1,1240,C_1240,SAV,,,,,,US,,,,,,
bank_0,1,1241,C_1241,SAV,,,,,,US,,,,,,
bank_0,1,1242,C_1242,SAV,,,,,,US,,,,,,
bank_0,1,1243,C_1243,SAV,,,,,,US,,,,,,
bank_0,1,1244,C_1244,SAV,,,,,,US,,,,,,
bank_0,1,1245,C_1245,SAV,,,,,,US,,,,,,
bank_0,1,1246,C_1246,SAV,,,,,,US,,,,,,
bank_0,1,1247,C_1247,SAV,,,,,,US,,,,,,
bank_0,1,1248,C_1248,SAV,,,,,,US,,,,,,
bank_0,1,1249,C_1249,SAV,,,,,,US,,,,,,
bank_0,1,1250,C_1250,SAV,,,,,,US,,,,,,
bank_0,1,1251,C_1251,SAV,,,,,,US,,,,,,
bank_0,1,1252,C_1252,SAV,,,,,,US,,,,,,
bank_0,1,1253,C_1253,SAV,,,,,,US,,,,,,
bank_0,1,1254,C_1254,SAV,,,,,,US,,,,,,
bank_0,1,1255,C_1255,SAV,,,,,,US,,,,,,
bank_0,1,1256,C_1256,SAV,,,,,,US,,,,,,
bank_0,1,1257,C_1257,SAV,,,,,,US,,,,,,
bank_0,1,1258,C_1258,SAV,,,,,,US,,,,,,
bank_0,1,1259,C_1259,SAV,,,,,,US,,,,,,
bank_0,1,1260,C_1260,SAV,,,,,,US,,,,,,
bank_0,1,1261,C_1261,SAV,,,,,,US,,,,,,
bank_0,1,1262,C_1262,SAV,,,,,,US,,,,,,
bank_0,1,1263,C_1263,SAV,,,,,,US,,,,,,
bank_0,1,1264,C_1264,SAV,,,,,,US,,,,,,
bank_0,1,1265,C_1265,SAV,,,,,,US,,,,,,
bank_0,1,1266,C_1266,SAV,,,,,,US,,,,,,
bank_0,1,1267,C_1267,SAV,,,,,,US,,,,,,
bank_0,1,1268,C_1268,SAV,,,,,,US,,,,,,
bank_0,1,1269,C_1269,SAV,,,,,,US,,,,,,
bank_0,1,1270,C_1270,SAV,,,,,,US,,,,,,
bank_0,1,1271,C_1271,SAV,,,,,,US,,,,,,
bank_0,1,1272,C_1272,SAV,,,,,,US,,,,,,
bank_0,1,1273,C_1273,SAV,,,,,,US,,,,,,
bank_0,1,1274,C_1274,SAV,,,,,,US,,,,,,
bank_0,1,1275,C_1275,SAV,,,,,,US,,,,,,
bank_0,1,1276,C_1276,SAV,,,,,,US,,,,,,
bank_0,1,1277,C_1277,SAV,,,,,,US,,,,,,
bank_0,1,1278,C_1278,SAV,,,,,,US,,,,,,
bank_0,1,1279,C_1279,SAV,,,,,,US,,,,,,
bank_0,1,1280,C_1280,SAV,,,,,,US,,,,,,
bank_0,1,1281,C_1281,SAV,,,,,,US,,,,,,
bank_0,1,1282,C_1282,SAV,,,,,,US,,,,,,
bank_0,1,1283,C_1283,SAV,,,,,,US,,,,,,
bank_0,1,1284,C_1284,SAV,,,,,,US,,,,,,
bank_0,1,1285,C_1285,SAV,,,,,,US,,,,,,
bank_0,1,1286,C_1286,SAV,,,,,,US,,,,,,
bank_0,1,1287,C_1287,SAV,,,,,,US,,,,,,
bank_0,1,1288,C_1288,SAV,,,,,,US,,,,,,
bank_0,1,1289,C_1289,SAV,,,,,,US,,,,,,
bank_0,1,1290,C_1290,SAV,,,,,,US,,,,,,
bank_0,1,1291,C_1291,SAV,,,,,,US,,,,,,
bank_0,1,1292,C_1292,SAV,,,,,,US,,,,,,
bank_0,1,1293,C_1293,SAV,,,,,,US,,,,,,
bank_0,1,1294,C_1294,SAV,,,,,,US,,,,,,
bank_0,1,1295,C_1295,SAV,,,,,,US,,,,,,
bank_0,1,1296,C_1296,SAV,,,,,,US,,,,,,
bank_0,1,1297,C_1297,SAV,,,,,,US,,,,,,
bank_0,1,1298,C_1298,SAV,,,,,,US,,,,,,
bank_0,1,1299,C_1299,SAV,,,,,,US,,,,,,
bank_0,1,1300,C_1300,SAV,,,,,,US,,,,,,
bank_0,1,1301,C_1301,SAV,,,,,,US,,,,,,
bank_0,1,1302,C_1302,SAV,,,,,,US,,,,,,
bank_0,1,1303,C_1303,SAV,,,,,,US,,,,,,
bank_0,1,1304,C_1304,SAV,,,,,,US,,,,,,
bank_0,1,1305,C_1305,SAV,,,,,,US,,,,,,
bank_0,1,1306,C_1306,SAV,,,,,,US,,,,,,
bank_0,1,1307,C_1307,SAV,,,,,,US,,,,,,
bank_0,1,1308,C_1308,SAV,,,,,,US,,,,,,
bank_0,1,1309,C_1309,SAV,,,,,,US,,,,,,
bank_0,1,1310,C_1310,SAV,,,,,,US,,,,,,
bank_0,1,1311,C_1311,SAV,,,,,,US,,,,,,
bank_0,1,1312,C_1312,SAV,,,,,,US,,,,,,
bank_0,1,1313,C_1313,SAV,,,,,,US,,,,,,
bank_0,1,1314,C_1314,SAV,,,,,,US,,,,,,
bank_0,1,1315,C_1315,SAV,,,,,,US,,,,,,
bank_0,1,1316,C_1316,SAV,,,,,,US,,,,,,
bank_0,1,1317,C_1317,SAV,,,,,,US,,,,,,
bank_0,1,1318,C_1318,SAV,,,,,,US,,,,,,
bank_0,1,1319,C_1319,SAV,,,,,,US,,,,,,
bank_0,1,1320,C_1320,SAV,,,,,,US,,,,,,
bank_0,1,1321,C_1321,SAV,,,,,,US,,,,,,
bank_0,1,1322,C_1322,SAV,,,,,,US,,,,,,
bank_0,1,1323,C_1323,SAV,,,,,,US,,,,,,
bank_0,1,1324,C_1324,SAV,,,,,,US,,,,,,
bank_0,1,1325,C_1325,SAV,,,,,,US,,,,,,
bank_0,1,1326,C_1326,SAV,,,,,,US,,,,,,
bank_0,1,1327,C_1327,SAV,,,,,,US,,,,,,
bank_0,1,1328,C_1328,SAV,,,,,,US,,,,,,
bank_0,1,1329,C_1329,SAV,,,,,,US,,,,,,
bank_0,1,1330,C_1330,SAV,,,,,,US,,,,,,
bank_0,1,1331,C_1331,SAV,,,,,,US,,,,,,
bank_0,1,1332,C_1332,SAV,,,,,,US,,,,,,
bank_0,1,1333,C_1333,SAV,,,,,,US,,,,,,
bank_0,1,1334,C_1334,SAV,,,,,,US,,,,,,
bank_0,1,1335,C_1335,SAV,,,,,,US,,,,,,
bank_0,1,1336,C_1336,SAV,,,,,,US,,,,,,
bank_0,1,1337,C_1337,SAV,,,,,,US,,,,,,
bank_0,1,1338,C_1338,SAV,,,,,,US,,,,,,
bank_0,1,1339,C_1339,SAV,,,,,,US,,,,,,
bank_0,1,1340,C_1340,SAV,,,,,,US,,,,,,
bank_0,1,1341,C_1341,SAV,,,,,,US,,,,,,
bank_0,1,1342,C_1342,SAV,,,,,,US,,,,,,
bank_0,1,1343,C_1343,SAV,,,,,,US,,,,,,
bank_0,1,1344,C_1344,SAV,,,,,,US,,,,,,
bank_0,1,1345,C_1345,SAV,,,,,,US,,,,,,
bank_0,1,1346,C_1346,SAV,,,,,,US,,,,,,
bank_0,1,1347,C_1347,SAV,,,,,,US,,,,,,
bank_0,1,1348,C_1348,SAV,,,,,,US,,,,,,
bank_0,1,1349,C_1349,SAV,,,,,,US,,,,,,
bank_0,1,1350,C_1350,SAV,,,,,,US,,,,,,
bank_0,1,1351,C_1351,SAV,,,,,,US,,,,,,
bank_0,1,1352,C_1352,SAV,,,,,,US,,,,,,
bank_0,1,1353,C_1353,SAV,,,,,,US,,,,,,
bank_0,1,1354,C_1354,SAV,,,,,,US,,,,,,
bank_0,1,1355,C_1355,SAV,,,,,,US,,,,,,
bank_0,1,1356,C_1356,SAV,,,,,,US,,,,,,
bank_0,1,1357,C_1357,SAV,,,,,,US,,,,,,
bank_0,1,1358,C_1358,SAV,,,,,,US,,,,,,
bank_0,1,1359,C_1359,SAV,,,,,,US,,,,,,
bank_0,1,1360,C_1360,SAV,,,,,,US,,,,,,
bank_0,1,1361,C_1361,SAV,,,,,,US,,,,,,
bank_0,1,1362,C_1362,SAV,,,,,,US,,,,,,
bank_0,1,1363,C_1363,SAV,,,,,,US,,,,,,
bank_0,1,1364,C_1364,SAV,,,,,,US,,,,,,
bank_0,1,1365,C_1365,SAV,,,,,,US,,,,,,
bank_0,1,1366,C_1366,SAV,,,,,,US,,,,,,
bank_0,1,1367,C_1367,SAV,,,,,,US,,,,,,
bank_0,1,1368,C_1368,SAV,,,,,,US,,,,,,
bank_0,1,1369,C_1369,SAV,,,,,,US,,,,,,
bank_0,1,1370,C_1370,SAV,,,,,,US,,,,,,
bank_0,1,1371,C_1371,SAV,,,,,,US,,,,,,
bank_0,1,1372,C_1372,SAV,,,,,,US,,,,,,
bank_0,1,1373,C_1373,SAV,,,,,,US,,,,,,
bank_0,1,1374,C_1374,SAV,,,,,,US,,,,,,
bank_0,1,1375,C_1375,SAV,,,,,,US,,,,,,
bank_0,1,1376,C_1376,SAV,,,,,,US,,,,,,
bank_0,1,1377,C_1377,SAV,,,,,,US,,,,,,
bank_0,1,1378,C_1378,SAV,,,,,,US,,,,,,
bank_0,1,1379,C_1379,SAV,,,,,,US,,,,,,
bank_0,1,1380,C_1380,SAV,,,,,,US,,,,,,
bank_0,1,1381,C_1381,SAV,,,,,,US,,,,,,
bank_0,1,1382,C_1382,SAV,,,,,,US,,,,,,
bank_0,1,1383,C_1383,SAV,,,,,,US,,,,,,
bank_0,1,1384,C_1384,SAV,,,,,,US,,,,,,
bank_0,1,1385,C_1385,SAV,,,,,,US,,,,,,
bank_0,1,1386,C_1386,SAV,,,,,,US,,,,,,
bank_0,1,1387,C_1387,SAV,,,,,,US,,,,,,
bank_0,1,1388,C_1388,SAV,,,,,,US,,,,,,
bank_0,1,1389,C_1389,SAV,,,,,,US,,,,,,
bank_0,1,1390,C_1390,SAV,,,,,,US,,,,,,
bank_0,1,1391,C_1391,SAV,,,,,,US,,,,,,
bank_0,1,1392,C_1392,SAV,,,,,,US,,,,,,
bank_0,1,1393,C_1393,SAV,,,,,,US,,,,,,
bank_0,1,1394,C_1394,SAV,,,,,,US,,,,,,
bank_0,1,1395,C_1395,SAV,,,,,,US,,,,,,
bank_0,1,1396,C_1396,SAV,,,,,,US,,,,,,
bank_0,1,1397,C_1397,SAV,,,,,,US,,,,,,
bank_0,1,1398,C_1398,SAV,,,,,,US,,,,,,
bank_0,1,1399,C_1399,SAV,,,,,,US,,,,,,
bank_0,1,1400,C_1400,SAV,,,,,,US,,,,,,
bank_0,1,1401,C_1401,SAV,,,,,,US,,,,,,
bank_0,1,1402,C_1402,SAV,,,,,,US,,,,,,
bank_0,1,1403,C_1403,SAV,,,,,,US,,,,,,
bank_0,1,1404,C_1404,SAV,,,,,,US,,,,,,
bank_0,1,1405,C_1405,SAV,,,,,,US,,,,,,
bank_0,1,1406,C_1406,SAV,,,,,,US,,,,,,
bank_0,1,1407,C_1407,SAV,,,,,,US,,,,,,
bank_0,1,1408,C_1408,SAV,,,,,,US,,,,,,
bank_0,1,1409,C_1409,SAV,,,,,,US,,,,,,
bank_0,1,1410,C_1410,SAV,,,,,,US,,,,,,
bank_0,1,1411,C_1411,SAV,,,,,,US,,,,,,
bank_0,1,1412,C_1412,SAV,,,,,,US,,,,,,
bank_0,1,1413,C_1413,SAV,,,,,,US,,,,,,
bank_0,1,1414,C_1414,SAV,,,,,,US,,,,,,
bank_0,1,1415,C_1415,SAV,,,,,,US,,,,,,
bank_0,1,1416,C_1416,SAV,,,,,,US,,,,,,
bank_0,1,1417,C_1417,SAV,,,,,,US,,,,,,
bank_0,1,1418,C_1418,SAV,,,,,,US,,,,,,
bank_0,1,1419,C_1419,SAV,,,,,,US,,,,,,
bank_0,1,1420,C_1420,SAV,,,,,,US,,,,,,
bank_0,1,1421,C_1421,SAV,,,,,,US,,,,,,
bank_0,1,1422,C_1422,SAV,,,,,,US,,,,,,
bank_0,1,1423,C_1423,SAV,,,,,,US,,,,,,
bank_0,1,1424,C_1424,SAV,,,,,,US,,,,,,
bank_0,1,1425,C_1425,SAV,,,,,,US,,,,,,
bank_0,1,1426,C_1426,SAV,,,,,,US,,,,,,
bank_0,1,1427,C_1427,SAV,,,,,,US,,,,,,
bank_0,1,1428,C_1428,SAV,,,,,,US,,,,,,
bank_0,1,1429,C_1429,SAV,,,,,,US,,,,,,
bank_0,1,1430,C_1430,SAV,,,,,,US,,,,,,
bank_0,1,1431,C_1431,SAV,,,,,,US,,,,,,
bank_0,1,1432,C_1432,SAV,,,,,,US,,,,,,
bank_0,1,1433,C_1433,SAV,,,,,,US,,,,,,
bank_0,1,1434,C_1434,SAV,,,,,,US,,,,,,
bank_0,1,1435,C_1435,SAV,,,,,,US,,,,,,
bank_0,1,1436,C_1436,SAV,,,,,,US,,,,,,
bank_0,1,1437,C_1437,SAV,,,,,,US,,,,,,
bank_0,1,1438,C_1438,SAV,,,,,,US,,,,,,
bank_0,1,1439,C_1439,SAV,,,,,,US,,,,,,
bank_0,1,1440,C_1440,SAV,,,,,,US,,,,,,
bank_0,1,1441,C_1441,SAV,,,,,,US,,,,,,
bank_0,1,1442,C_1442,SAV,,,,,,US,,,,,,
bank_0,1,1443,C_1443,SAV,,,,,,US,,,,,,
bank_0,1,1444,C_1444,SAV,,,,,,US,,,,,,
bank_0,1,1445,C_1445,SAV,,,,,,US,,,,,,
bank_0,1,1446,C_1446,SAV,,,,,,US,,,,,,
bank_0,1,1447,C_1447,SAV,,,,,,US,,,,,,
bank_0,1,1448,C_1448,SAV,,,,,,US,,,,,,
bank_0,1,1449,C_1449,SAV,,,,,,US,,,,,,
bank_0,1,1450,C_1450,SAV,,,,,,US,,,,,,
bank_0,1,1451,C_1451,SAV,,,,,,US,,,,,,
bank_0,1,1452,C_1452,SAV,,,,,,US,,,,,,
bank_0,1,1453,C_1453,SAV,,,,,,US,,,,,,
bank_0,1,1454,C_1454,SAV,,,,,,US,,,,,,
bank_0,1,1455,C_1455,SAV,,,,,,US,,,,,,
bank_0,1,1456,C_1456,SAV,,,,,,US,,,,,,
bank_0,1,1457,C_1457,SAV,,,,,,US,,,,,,
bank_0,1,1458,C_1458,SAV,,,,,,US,,,,,,
bank_0,1,1459,C_1459,SAV,,,,,,US,,,,,,
bank_0,1,1460,C_1460,SAV,,,,,,US,,,,,,
bank_0,1,1461,C_1461,SAV,,,,,,US,,,,,,
bank_0,1,1462,C_1462,SAV,,,,,,US,,,,,,
bank_0,1,1463,C_1463,SAV,,,,,,US,,,,,,
bank_0,1,1464,C_1464,SAV,,,,,,US,,,,,,
bank_0,1,1465,C_1465,SAV,,,,,,US,,,,,,
bank_0,1,1466,C_1466,SAV,,,,,,US,,,,,,
bank_0,1,1467,C_1467,SAV,,,,,,US,,,,,,
bank_0,1,1468,C_1468,SAV,,,,,,US,,,,,,
bank_0,1,1469,C_1469,SAV,,,,,,US,,,,,,
bank_0,1,1470,C_1470,SAV,,,,,,US,,,,,,
bank_0,1,1471,C_1471,SAV,,,,,,US,,,,,,
bank_0,1,1472,C_1472,SAV,,,,,,US,,,,,,
bank_0,1,1473,C_1473,SAV,,,,,,US,,,,,,
bank_0,1,1474,C_1474,SAV,,,,,,US,,,,,,
bank_0,1,1475,C_1475,SAV,,,,,,US,,,,,,
bank_0,1,1476,C_1476,SAV,,,,,,US,,,,,,
bank_0,1,1477,C_1477,SAV,,,,,,US,,,,,,
bank_0,1,1478,C_1478,SAV,,,,,,US,,,,,,
bank_0,1,1479,C_1479,SAV,,,,,,US,,,,,,
bank_0,1,1480,C_1480,SAV,,,,,,US,,,,,,
bank_0,1,1481,C_1481,SAV,,,,,,US,,,,,,
bank_0,1,1482,C_1482,SAV,,,,,,US,,,,,,
bank_0,1,1483,C_1483,SAV,,,,,,US,,,,,,
bank_0,1,1484,C_1484,SAV,,,,,,US,,,,,,
bank_0,1,1485,C_1485,SAV,,,,,,US,,,,,,
bank_0,1,1486,C_1486,SAV,,,,,,US,,,,,,
bank_0,1,1487,C_1487,SAV,,,,,,US,,,,,,
bank_0,1,1488,C_1488,SAV,,,,,,US,,,,,,
bank_0,1,1489,C_1489,SAV,,,,,,US,,,,,,
bank_0,1,1490,C_1490,SAV,,,,,,US,,,,,,
bank_0,1,1491,C_1491,SAV,,,,,,US,,,,,,
bank_0,1,1492,C_1492,SAV,,,,,,US,,,,,,
bank_0,1,1493,C_1493,SAV,,,,,,US,,,,,,
bank_0,1,1494,C_1494,SAV,,,,,,US,,,,,,
bank_0,1,1495,C_1495,SAV,,,,,,US,,,,,,
bank_0,1,1496,C_1496,SAV,,,,,,US,,,,,,
bank_0,1,1497,C_1497,SAV,,,,,,US,,,,,,
bank_0,1,1498,C_1498,SAV,,,,,,US,,,,,,
bank_0,1,1499,C_1499,SAV,,,,,,US,,,,,,
bank_0,1,1500,C_1500,SAV,,,,,,US,,,,,,
bank_0,1,1501,C_1501,SAV,,,,,,US,,,,,,
bank_0,1,1502,C_1502,SAV,,,,,,US,,,,,,
bank_0,1,1503,C_1503,SAV,,,,,,US,,,,,,
bank_0,1,1504,C_1504,SAV,,,,,,US,,,,,,
bank_0,1,1505,C_1505,SAV,,,,,,US,,,,,,
bank_0,1,1506,C_1506,SAV,,,,,,US,,,,,,
bank_0,1,1507,C_1507,SAV,,,,,,US,,,,,,
bank_0,1,1508,C_1508,SAV,,,,,,US,,,,,,
bank_0,1,1509,C_1509,SAV,,,,,,US,,,,,,
bank_0,1,1510,C_1510,SAV,,,,,,US,,,,,,
bank_0,1,1511,C_1511,SAV,,,,,,US,,,,,,
bank_0,1,1512,C_1512,SAV,,,,,,US,,,,,,
bank_0,1,1513,C_1513,SAV,,,,,,US,,,,,,
bank_0,1,1514,C_1514,SAV,,,,,,US,,,,,,
bank_0,1,1515,C_1515,SAV,,,,,,US,,,,,,
bank_0,1,1516,C_1516,SAV,,,,,,US,,,,,,
bank_0,1,1517,C_1517,SAV,,,,,,US,,,,,,
bank_0,1,1518,C_1518,SAV,,,,,,US,,,,,,
bank_0,1,1519,C_1519,SAV,,,,,,US,,,,,,
bank_0,1,1520,C_1520,SAV,,,,,,US,,,,,,
bank_0,1,1521,C_1521,SAV,,,,,,US,,,,,,
bank_0,1,1522,C_1522,SAV,,,,,,US,,,,,,
bank_0,1,1523,C_1523,SAV,,,,,,US,,,,,,
bank_0,1,1524,C_1524,SAV,,,,,,US,,,,,,
bank_0,1,1525,C_1525,SAV,,,,,,US,,,,,,
bank_0,1,1526,C_1526,SAV,,,,,,US,,,,,,
bank_0,1,1527,C_1527,SAV,,,,,,US,,,,,,
bank_0,1,1528,C_1528,SAV,,,,,,US,,,,,,
bank_0,1,1529,C_1529,SAV,,,,,,US,,,,,,
bank_0,1,1530,C_1530,SAV,,,,,,US,,,,,,
bank_0,1,1531,C_1531,SAV,,,,,,US,,,,,,
bank_0,1,1532,C_1532,SAV,,,,,,US,,,,,,
bank_0,1,1533,C_1533,SAV,,,,,,US,,,,,,
bank_0,1,1534,C_1534,SAV,,,,,,US,,,,,,
bank_0,1,1535,C_1535,SAV,,,,,,US,,,,,,
bank_0,1,1536,C_1536,SAV,,,,,,US,,,,,,
bank_0,1,1537,C_1537,SAV,,,,,,US,,,,,,
bank_0,1,1538,C_1538,SAV,,,,,,US,,,,,,
bank_0,1,1539,C_1539,SAV,,,,,,US,,,,,,
bank_0,1,1540,C_1540,SAV,,,,,,US,,,,,,
bank_0,1,1541,C_1541,SAV,,,,,,US,,,,,,
bank_0,1,1542,C_1542,SAV,,,,,,US,,,,,,
bank_0,1,1543,C_1543,SAV,,,,,,US,,,,,,
bank_0,1,1544,C_1544,SAV,,,,,,US,,,,,,
bank_0,1,1545,C_1545,SAV,,,,,,US,,,,,,
bank_0,1,1546,C_1546,SAV,,,,,,US,,,,,,
bank_0,1,1547,C_1547,SAV,,,,,,US,,,,,,
bank_0,1,1548,C_1548,SAV,,,,,,US,,,,,,
bank_0,1,1549,C_1549,SAV,,,,,,US,,,,,,
bank_0,1,1550,C_1550,SAV,,,,,,US,,,,,,
bank_0,1,1551,C_1551,SAV,,,,,,US,,,,,,
bank_0,1,1552,C_1552,SAV,,,,,,US,,,,,,
bank_0,1,1553,C_1553,SAV,,,,,,US,,,,,,
bank_0,1,1554,C_1554,SAV,,,,,,US,,,,,,
bank_0,1,1555,C_1555,SAV,,,,,,US,,,,,,
bank_0,1,1556,C_1556,SAV,,,,,,US,,,,,,
bank_0,1,1557,C_1557,SAV,,,,,,US,,,,,,
bank_0,1,1558,C_1558,SAV,,,,,,US,,,,,,
bank_0,1,1559,C_1559,SAV,,,,,,US,,,,,,
bank_0,1,1560,C_1560,SAV,,,,,,US,,,,,,
bank_0,1,1561,C_1561,SAV,,,,,,US,,,,,,
bank_0,1,1562,C_1562,SAV,,,,,,US,,,,,,
bank_0,1,1563,C_1563,SAV,,,,,,US,,,,,,
bank_0,1,1564,C_1564,SAV,,,,,,US,,,,,,
bank_0,1,1565,C_1565,SAV,,,,,,US,,,,,,
bank_0,1,1566,C_1566,SAV,,,,,,US,,,,,,
bank_0,1,1567,C_1567,SAV,,,,,,US,,,,,,
bank_0,1,1568,C_1568,SAV,,,,,,US,,,,,,
bank_0,1,1569,C_1569,SAV,,,,,,US,,,,,,
bank_0,1,1570,C_1570,SAV,,,,,,US,,,,,,
bank_0,1,1571,C_1571,SAV,,,,,,US,,,,,,
bank_0,1,1572,C_1572,SAV,,,,,,US,,,,,,
bank_0,1,1573,C_1573,SAV,,,,,,US,,,,,,
bank_0,1,1574,C_1574,SAV,,,,,,US,,,,,,
bank_0,1,1575,C_1575,SAV,,,,,,US,,,,,,
bank_0,1,1576,C_1576,SAV,,,,,,US,,,,,,
bank_0,1,1577,C_1577,SAV,,,,,,US,,,,,,
bank_0,1,1578,C_1578,SAV,,,,,,US,,,,,,
bank_0,1,1579,C_1579,SAV,,,,,,US,,,,,,
bank_0,1,1580,C_1580,SAV,,,,,,US,,,,,,
bank_0,1,1581,C_1581,SAV,,,,,,US,,,,,,
bank_0,1,1582,C_1582,SAV,,,,,,US,,,,,,
bank_0,1,1583,C_1583,SAV,,,,,,US,,,,,,
bank_0,1,1584,C_1584,SAV,,,,,,US,,,,,,
bank_0,1,1585,C_1585,SAV,,,,,,US,,,,,,
bank_0,1,1586,C_1586,SAV,,,,,,US,,,,,,
bank_0,1,1587,C_1587,SAV,,,,,,US,,,,,,
bank_0,1,1588,C_1588,SAV,,,,,,US,,,,,,
bank_0,1,1589,C_1589,SAV,,,,,,US,,,,,,
bank_0,1,1590,C_1590,SAV,,,,,,US,,,,,,
bank_0,1,1591,C_1591,SAV,,,,,,US,,,,,,
bank_0,1,1592,C_1592,SAV,,,,,,US,,,,,,
bank_0,1,1593,C_1593,SAV,,,,,,US,,,,,,
bank_0,1,1594,C_1594,SAV,,,,,,US,,,,,,
bank_0,1,1595,C_1595,SAV,,,,,,US,,,,,,
bank_0,1,1596,C_1596,SAV,,,,,,US,,,,,,
bank_0,1,1597,C_1597,SAV,,,,,,US,,,,,,
bank_0,1,1598,C_1598,SAV,,,,,,US,,,,,,
bank_0,1,1599,C_1599,SAV,,,,,,US,,,,,,
bank_0,1,1600,C_1600,SAV,,,,,,US,,,,,,
bank_0,1,1601,C_1601,SAV,,,,,,US,,,,,,
bank_0,1,1602,C_1602,SAV,,,,,,US,,,,,,
bank_0,1,1603,C_1603,SAV,,,,,,US,,,,,,
bank_0,1,1604,C_1604,SAV,,,,,,US,,,,,,
bank_0,1,1605,C_1605,SAV,,,,,,US,,,,,,
bank_0,1,1606,C_1606,SAV,,,,,,US,,,,,,
bank_0,1,1607,C_1607,SAV,,,,,,US,,,,,,
bank_0,1,1608,C_1608,SAV,,,,,,US,,,,,,
bank_0,1,1609,C_1609,SAV,,,,,,US,,,,,,
bank_0,1,1610,C_1610,SAV,,,,,,US,,,,,,
bank_0,1,1611,C_1611,SAV,,,,,,US,,,,,,
bank_0,1,1612,C_1612,SAV,,,,,,US,,,,,,
bank_0,1,1613,C_1613,SAV,,,,,,US,,,,,,
bank_0,1,1614,C_1614,SAV,,,,,,US,,,,,,
bank_0,1,1615,C_1615,SAV,,,,,,US,,,,,,
bank_0,1,1616,C_1616,SAV,,,,,,US,,,,,,
bank_0,1,1617,C_1617,SAV,,,,,,US,,,,,,
bank_0,1,1618,C_1618,SAV,,,,,,US,,,,,,
bank_0,1,1619,C_1619,SAV,,,,,,US,,,,,,
bank_0,1,1620,C_1620,SAV,,,,,,US,,,,,,
bank_0,1,1621,C_1621,SAV,,,,,,US,,,,,,
bank_0,1,1622,C_1622,SAV,,,,,,US,,,,,,
bank_0,1,1623,C_1623,SAV,,,,,,US,,,,,,
bank_0,1,1624,C_1624,SAV,,,,,,US,,,,,,
bank_0,1,1625,C_1625,SAV,,,,,,US,,,,,,
bank_0,1,1626,C_1626,SAV,,,,,,US,,,,,,
bank_0,1,1627,C_1627,SAV,,,,,,US,,,,,,
bank_0,1,1628,C_1628,SAV,,,,,,US,,,,,,
bank_0,1,1629,C_1629,SAV,,,,,,US,,,,,,
bank_0,1,1630,C_1630,SAV,,,,,,US,,,,,,
bank_0,1,1631,C_1631,SAV,,,,,,US,,,,,,
bank_0,1,1632,C_1632,SAV,,,,,,US,,,,,,
bank_0,1,1633,C_1633,SAV,,,,,,US,,,,,,
bank_0,1,1634,C_1634,SAV,,,,,,US,,,,,,
bank_0,1,1635,C_1635,SAV,,,,,,US,,,,,,
bank_0,1,1636,C_1636,SAV,,,,,,US,,,,,,
bank_0,1,1637,C_1637,SAV,,,,,,US,,,,,,
bank_0,1,1638,C_1638,SAV,,,,,,US,,,,,,
bank_0,1,1639,C_1639,SAV,,,,,,US,,,,,,
bank_0,1,1640,C_1640,SAV,,,,,,US,,,,,,
bank_0,1,1641,C_1641,SAV,,,,,,US,,,,,,
bank_0,1,1642,C_1642,SAV,,,,,,US,,,,,,
bank_0,1,1643,C_1643,SAV,,,,,,US,,,,,,
bank_0,1,1644,C_1644,SAV,,,,,,US,,,,,,
bank_0,1,1645,C_1645,SAV,,,,,,US,,,,,,
bank_0,1,1646,C_1646,SAV,,,,,,US,,,,,,
bank_0,1,1647,C_1647,SAV,,,,,,US,,,,,,
bank_0,1,1648,C_1648,SAV,,,,,,US,,,,,,
bank_0,1,1649,C_1649,SAV,,,,,,US,,,,,,
bank_0,1,1650,C_1650,SAV,,,,,,US,,,,,,
bank_0,1,1651,C_1651,SAV,,,,,,US,,,,,,
bank_0,1,1652,C_1652,SAV,,,,,,US,,,,,,
bank_0,1,1653,C_1653,SAV,,,,,,US,,,,,,
bank_0,1,1654,C_1654,SAV,,,,,,US,,,,,,
bank_0,1,1655,C_1655,SAV,,,,,,US,,,,,,
bank_0,1,1656,C_1656,SAV,,,,,,US,,,,,,
bank_0,1,1657,C_1657,SAV,,,,,,US,,,,,,
bank_0,1,1658,C_1658,SAV,,,,,,US,,,,,,
bank_0,1,1659,C_1659,SAV,,,,,,US,,,,,,
bank_0,1,1660,C_1660,SAV,,,,,,US,,,,,,
bank_0,1,1661,C_1661,SAV,,,,,,US,,,,,,
bank_0,1,1662,C_1662,SAV,,,,,,US,,,,,,
bank_0,1,1663,C_1663,SAV,,,,,,US,,,,,,
bank_0,1,1664,C_1664,SAV,,,,,,US,,,,,,
bank_0,1,1665,C_1665,SAV,,,,,,US,,,,,,
bank_0,1,1666,C_1666,SAV,,,,,,US,,,,,,
bank_0,1,1667,C_1667,SAV,,,,,,US,,,,,,
bank_0,1,1668,C_1668,SAV,,,,,,US,,,,,,
bank_0,1,1669,C_1669,SAV,,,,,,US,,,,,,
bank_0,1,1670,C_1670,SAV,,,,,,US,,,,,,
bank_0,1,1671,C_1671,SAV,,,,,,US,,,,,,
bank_0,1,1672,C_1672,SAV,,,,,,US,,,,,,
bank_0,1,1673,C_1673,SAV,,,,,,US,,,,,,
bank_0,1,1674,C_1674,SAV,,,,,,US,,,,,,
bank_0,1,1675,C_1675,SAV,,,,,,US,,,,,,
bank_0,1,1676,C_1676,SAV,,,,,,US,,,,,,
bank_0,1,1677,C_1677,SAV,,,,,,US,,,,,,
bank_0,1,1678,C_1678,SAV,,,,,,US,,,,,,
bank_0,1,1679,C_1679,SAV,,,,,,US,,,,,,
bank_0,1,1680,C_1680,SAV,,,,,,US,,,,,,
bank_0,1,1681,C_1681,SAV,,,,,,US,,,,,,
bank_0,1,1682,C_1682,SAV,,,,,,US,,,,,,
bank_0,1,1683,C_1683,SAV,,,,,,US,,,,,,
bank_0,1,1684,C_1684,SAV,,,,,,US,,,,,,
bank_0,1,1685,C_1685,SAV,,,,,,US,,,,,,
bank_0,1,1686,C_1686,SAV,,,,,,US,,,,,,
bank_0,1,1687,C_1687,SAV,,,,,,US,,,,,,
bank_0,1,1688,C_1688,SAV,,,,,,US,,,,,,
bank_0,1,1689,C_1689,SAV,,,,,,US,,,,,,
bank_0,1,1690,C_1690,SAV,,,,,,US,,,,,,
bank_0,1,1691,C_1691,SAV,,,,,,US,,,,,,
bank_0,1,1692,C_1692,SAV,,,,,,US,,,,,,
bank_0,1,1693,C_1693,SAV,,,,,,US,,,,,,
bank_0,1,1694,C_1694,SAV,,,,,,US,,,,,,
bank_0,1,1695,C_1695,SAV,,,,,,US,,,,,,
bank_0,1,1696,C_1696,SAV,,,,,,US,,,,,,
bank_0,1,1697,C_1697,SAV,,,,,,US,,,,,,
bank_0,1,1698,C_1698,SAV,,,,,,US,,,,,,
bank_0,1,1699,C_1699,SAV,,,,,,US,,,,,,
bank_0,1,1700,C_1700,SAV,,,,,,US,,,,,,
bank_0,1,1701,C_1701,SAV,,,,,,US,,,,,,
bank_0,1,1702,C_1702,SAV,,,,,,US,,,,,,
bank_0,1,1703,C_1703,SAV,,,,,,US,,,,,,
bank_0,1,1704,C_1704,SAV,,,,,,US,,,,,,
bank_0,1,1705,C_1705,SAV,,,,,,US,,,,,,
bank_0,1,1706,C_1706,SAV,,,,,,US,,,,,,
bank_0,1,1707,C_1707,SAV,,,,,,US,,,,,,
bank_0,1,1708,C_1708,SAV,,,,,,US,,,,,,
bank_0,1,1709,C_1709,SAV,,,,,,US,,,,,,
bank_0,1,1710,C_1710,SAV,,,,,,US,,,,,,
bank_0,1,1711,C_1711,SAV,,,,,,US,,,,,,
bank_0,1,1712,C_1712,SAV,,,,,,US,,,,,,
bank_0,1,1713,C_1713,SAV,,,,,,US,,,,,,
bank_0,1,1714,C_1714,SAV,,,,,,US,,,,,,
bank_0,1,1715,C_1715,SAV,,,,,,US,,,,,,
bank_0,1,1716,C_1716,SAV,,,,,,US,,,,,,
bank_0,1,1717,C_1717,SAV,,,,,,US,,,,,,
bank_0,1,1718,C_1718,SAV,,,,,,US,,,,,,
bank_0,1,1719,C_1719,SAV,,,,,,US,,,,,,
bank_0,1,1720,C_1720,SAV,,,,,,US,,,,,,
bank_0,1,1721,C_1721,SAV,,,,,,US,,,,,,
bank_0,1,1722,C_1722,SAV,,,,,,US,,,,,,
bank_0,1,1723,C_1723,SAV,,,,,,US,,,,,,
bank_0,1,1724,C_1724,SAV,,,,,,US,,,,,,
bank_0,1,1725,C_1725,SAV,,,,,,US,,,,,,
bank_0,1,1726,C_1726,SAV,,,,,,US,,,,,,
bank_0,1,1727,C_1727,SAV,,,,,,US,,,,,,
bank_0,1,1728,C_1728,SAV,,,,,,US,,,,,,
bank_0,1,1729,C_1729,SAV,,,,,,US,,,,,,
bank_0,1,1730,C_1730,SAV,,,,,,US,,,,,,
bank_0,1,1731,C_1731,SAV,,,,,,US,,,,,,
bank_0,1,1732,C_1732,SAV,,,,,,US,,,,,,
bank_0,1,1733,C_1733,SAV,,,,,,US,,,,,,
bank_0,1,1734,C_1734,SAV,,,,,,US,,,,,,
bank_0,1,1735,C_1735,SAV,,,,,,US,,,,,,
bank_0,1,1736,C_1736,SAV,,,,,,US,,,,,,
bank_0,1,1737,C_1737,SAV,,,,,,US,,,,,,
bank_0,1,1738,C_1738,SAV,,,,,,US,,,,,,
bank_0,1,1739,C_1739,SAV,,,,,,US,,,,,,
bank_0,1,1740,C_1740,SAV,,,,,,US,,,,,,
bank_0,1,1741,C_1741,SAV,,,,,,US,,,,,,
bank_0,1,1742,C_1742,SAV,,,,,,US,,,,,,
bank_0,1,1743,C_1743,SAV,,,,,,US,,,,,,
bank_0,1,1744,C_1744,SAV,,,,,,US,,,,,,
bank_0,1,1745,C_1745,SAV,,,,,,US,,,,,,
bank_0,1,1746,C_1746,SAV,,,,,,US,,,,,,
bank_0,1,1747,C_1747,SAV,,,,,,US,,,,,,
bank_0,1,1748,C_1748,SAV,,,,,,US,,,,,,
bank_0,1,1749,C_1749,SAV,,,,,,US,,,,,,
bank_0,1,1750,C_1750,SAV,,,,,,US,,,,,,
bank_0,1,1751,C_1751,SAV,,,,,,US,,,,,,
bank_0,1,1752,C_1752,SAV,,,,,,US,,,,,,
bank_0,1,1753,C_1753,SAV,,,,,,US,,,,,,
bank_0,1,1754,C_1754,SAV,,,,,,US,,,,,,
bank_0,1,1755,C_1755,SAV,,,,,,US,,,,,,
bank_0,1,1756,C_1756,SAV,,,,,,US,,,,,,
bank_0,1,1757,C_1757,SAV,,,,,,US,,,,,,
bank_0,1,1758,C_1758,SAV,,,,,,US,,,,,,
bank_0,1,1759,C_1759,SAV,,,,,,US,,,,,,
bank_0,1,1760,C_1760,SAV,,,,,,US,,,,,,
bank_0,1,1761,C_1761,SAV,,,,,,US,,,,,,
bank_0,1,1762,C_1762,SAV,,,,,,US,,,,,,
bank_0,1,1763,C_1763,SAV,,,,,,US,,,,,,
bank_0,1,1764,C_1764,SAV,,,,,,US,,,,,,
bank_0,1,1765,C_1765,SAV,,,,,,US,,,,,,
bank_0,1,1766,C_1766,SAV,,,,,,US,,,,,,
bank_0,1,1767,C_1767,SAV,,,,,,US,,,,,,
bank_0,1,1768,C_1768,SAV,,,,,,US,,,,,,
bank_0,1,1769,C_1769,SAV,,,,,,US,,,,,,
bank_0,1,1770,C_1770,SAV,,,,,,US,,,,,,
bank_0,1,1771,C_1771,SAV,,,,,,US,,,,,,
bank_0,1,1772,C_1772,SAV,,,,,,US,,,,,,
bank_0,1,1773,C_1773,SAV,,,,,,US,,,,,,
bank_0,1,1774,C_1774,SAV,,,,,,US,,,,,,
bank_0,1,1775,C_1775,SAV,,,,,,US,,,,,,
bank_0,1,1776,C_1776,SAV,,,,,,US,,,,,,
bank_0,1,1777,C_1777,SAV,,,,,,US,,,,,,
bank_0,1,1778,C_1778,SAV,,,,,,US,,,,,,
bank_0,1,1779,C_1779,SAV,,,,,,US,,,,,,
bank_0,1,1780,C_1780,SAV,,,,,,US,,,,,,
bank_0,1,1781,C_1781,SAV,,,,,,US,,,,,,
bank_0,1,1782,C_1782,SAV,,,,,,US,,,,,,
bank_0,1,1783,C_1783,SAV,,,,,,US,,,,,,
bank_0,1,1784,C_1784,SAV,,,,,,US,,,,,,
bank_0,1,1785,C_1785,SAV,,,,,,US,,,,,,
bank_0,1,1786,C_1786,SAV,,,,,,US,,,,,,
bank_0,1,1787,C_1787,SAV,,,,,,US,,,,,,
bank_0,1,1788,C_1788,SAV,,,,,,US,,,,,,
bank_0,1,1789,C_1789,SAV,,,,,,US,,,,,,
bank_0,1,1790,C_1790,SAV,,,,,,US,,,,,,
bank_0,1,1791,C_1791,SAV,,,,,,US,,,,,,
bank_0,1,1792,C_1792,SAV,,,,,,US,,,,,,
bank_0,1,1793,C_1793,SAV,,,,,,US,,,,,,
bank_0,1,1794,C_1794,SAV,,,,,,US,,,,,,
bank_0,1,1795,C_1795,SAV,,,,,,US,,,,,,
bank_0,1,1796,C_1796,SAV,,,,,,US,,,,,,
bank_0,1,1797,C_1797,SAV,,,,,,US,,,,,,
bank_0,1,1798,C_1798,SAV,,,,,,US,,,,,,
bank_0,1,1799,C_1799,SAV,,,,,,US,,,,,,
bank_0,1,1800,C_1800,SAV,,,,,,US,,,,,,
bank_0,1,1801,C_1801,SAV,,,,,,US,,,,,,
bank_0,1,1802,C_1802,SAV,,,,,,US,,,,,,
bank_0,1,1803,C_1803,SAV,,,,,,US,,,,,,
bank_0,1,1804,C_1804,SAV,,,,,,US,,,,,,
bank_0,1,1805,C_1805,SAV,,,,,,US,,,,,,
bank_0,1,1806,C_1806,SAV,,,,,,US,,,,,,
bank_0,1,1807,C_1807,SAV,,,,,,US,,,,,,
bank_0,1,1808,C_1808,SAV,,,,,,US,,,,,,
bank_0,1,1809,C_1809,SAV,,,,,,US,,,,,,
bank_0,1,1810,C_1810,SAV,,,,,,US,,,,,,
bank_0,1,1811,C_1811,SAV,,,,,,US,,,,,,
bank_0,1,1812,C_1812,SAV,,,,,,US,,,,,,
bank_0,1,1813,C_1813,SAV,,,,,,US,,,,,,
bank_0,1,1814,C_1814,SAV,,,,,,US,,,,,,
bank_0,1,1815,C_1815,SAV,,,,,,US,,,,,,
bank_0,1,1816,C_1816,SAV,,,,,,US,,,,,,
bank_0,1,1817,C_1817,SAV,,,,,,US,,,,,,
bank_0,1,1818,C_1818,SAV,,,,,,US,,,,,,
bank_0,1,1819,C_1819,SAV,,,,,,US,,,,,,
bank_0,1,1820,C_1820,SAV,,,,,,US,,,,,,
bank_0,1,1821,C_1821,SAV,,,,,,US,,,,,,
bank_0,1,1822,C_1822,SAV,,,,,,US,,,,,,
bank_0,1,1823,C_1823,SAV,,,,,,US,,,,,,
bank_0,1,1824,C_1824,SAV,,,,,,US,,,,,,
bank_0,1,1825,C_1825,SAV,,,,,,US,,,,,,
bank_0,1,1826,C_1826,SAV,,,,,,US,,,,,,
bank_0,1,1827,C_1827,SAV,,,,,,US,,,,,,
bank_0,1,1828,C_1828,SAV,,,,,,US,,,,,,
bank_0,1,1829,C_1829,SAV,,,,,,US,,,,,,
bank_0,1,1830,C_1830,SAV,,,,,,US,,,,,,
bank_0,1,1831,C_1831,SAV,,,,,,US,,,,,,
bank_0,1,1832,C_1832,SAV,,,,,,US,,,,,,
bank_0,1,1833,C_1833,SAV,,,,,,US,,,,,,
bank_0,1,1834,C_1834,SAV,,,,,,US,,,,,,
bank_0,1,1835,C_1835,SAV,,,,,,US,,,,,,
bank_0,1,1836,C_1836,SAV,,,,,,US,,,,,,
bank_0,1,1837,C_1837,SAV,,,,,,US,,,,,,
bank_0,1,1838,C_1838,SAV,,,,,,US,,,,,,
bank_0,1,1839,C_1839,SAV,,,,,,US,,,,,,
bank_0,1,1840,C_1840,SAV,,,,,,US,,,,,,
bank_0,1,1841,C_1841,SAV,,,,,,US,,,,,,
bank_0,1,1842,C_1842,SAV,,,,,,US,,,,,,
bank_0,1,1843,C_1843,SAV,,,,,,US,,,,,,
bank_0,1,1844,C_1844,SAV,,,,,,US,,,,,,
bank_0,1,1845,C_1845,SAV,,,,,,US,,,,,,
bank_0,1,1846,C_1846,SAV,,,,,,US,,,,,,
bank_0,1,1847,C_1847,SAV,,,,,,US,,,,,,
bank_0,1,1848,C_1848,SAV,,,,,,US,,,,,,
bank_0,1,1849,C_1849,SAV,,,,,,US,,,,,,
bank_0,1,1850,C_1850,SAV,,,,,,US,,,,,,
bank_0,1,1851,C_1851,SAV,,,,,,US,,,,,,
bank_0,1,1852,C_1852,SAV,,,,,,US,,,,,,
bank_0,1,1853,C_1853,SAV,,,,,,US,,,,,,
bank_0,1,1854,C_1854,SAV,,,,,,US,,,,,,
bank_0,1,1855,C_1855,SAV,,,,,,US,,,,,,
bank_0,1,1856,C_1856,SAV,,,,,,US,,,,,,
bank_0,1,1857,C_1857,SAV,,,,,,US,,,,,,
bank_0,1,1858,C_1858,SAV,,,,,,US,,,,,,
bank_0,1,1859,C_1859,SAV,,,,,,US,,,,,,
bank_0,1,1860,C_1860,SAV,,,,,,US,,,,,,
bank_0,1,1861,C_1861,SAV,,,,,,US,,,,,,
bank_0,1,1862,C_1862,SAV,,,,,,US,,,,,,
bank_0,1,1863,C_1863,SAV,,,,,,US,,,,,,
bank_0,1,1864,C_1864,SAV,,,,,,US,,,,,,
bank_0,1,1865,C_1865,SAV,,,,,,US,,,,,,
bank_0,1,1866,C_1866,SAV,,,,,,US,,,,,,
bank_0,1,1867,C_1867,SAV,,,,,,US,,,,,,
bank_0,1,1868,C_1868,SAV,,,,,,US,,,,,,
bank_0,1,1869,C_1869,SAV,,,,,,US,,,,,,
bank_0,1,1870,C_1870,SAV,,,,,,US,,,,,,
bank_0,1,1871,C_1871,SAV,,,,,,US,,,,,,
bank_0,1,1872,C_1872,SAV,,,,,,US,,,,,,
bank_0,1,1873,C_1873,SAV,,,,,,US,,,,,,
bank_0,1,1874,C_1874,SAV,,,,,,US,,,,,,
bank_0,1,1875,C_1875,SAV,,,,,,US,,,,,,
bank_0,1,1876,C_1876,SAV,,,,,,US,,,,,,
bank_0,1,1877,C_1877,SAV,,,,,,US,,,,,,
bank_0,1,1878,C_1878,SAV,,,,,,US,,,,,,
bank_0,1,1879,C_1879,SAV,,,,,,US,,,,,,
bank_0,1,1880,C_1880,SAV,,,,,,US,,,,,,
bank_0,1,1881,C_1881,SAV,,,,,,US,,,,,,
bank_0,1,1882,C_1882,SAV,,,,,,US,,,,,,
bank_0,1,1883,C_1883,SAV,,,,,,US,,,,,,
bank_0,1,1884,C_1884,SAV,,,,,,US,,,,,,
bank_0,1,1885,C_1885,SAV,,,,,,US,,,,,,
bank_0,1,1886,C_1886,SAV,,,,,,US,,,,,,
bank_0,1,1887,C_1887,SAV,,,,,,US,,,,,,
bank_0,1,1888,C_1888,SAV,,,,,,US,,,,,,
bank_0,1,1889,C_1889,SAV,,,,,,US,,,,,,
bank_0,1,1890,C_1890,SAV,,,,,,US,,,,,,
bank_0,1,1891,C_1891,SAV,,,,,,US,,,,,,
bank_0,1,1892,C_1892,SAV,,,,,,US,,,,,,
bank_0,1,1893,C_1893,SAV,,,,,,US,,,,,,
bank_0,1,1894,C_1894,SAV,,,,,,US,,,,,,
bank_0,1,1895,C_1895,SAV,,,,,,US,,,,,,
bank_0,1,1896,C_1896,SAV,,,,,,US,,,,,,
bank_0,1,1897,C_1897,SAV,,,,,,US,,,,,,
bank_0,1,1898,C_1898,SAV,,,,,,US,,,,,,
bank_0,1,1899,C_1899,SAV,,,,,,US,,,,,,
bank_0,1,1900,C_1900,SAV,,,,,,US,,,,,,
bank_0,1,1901,C_1901,SAV,,,,,,US,,,,,,
bank_0,1,1902,C_1902,SAV,,,,,,US,,,,,,
bank_0,1,1903,C_1903,SAV,,,,,,US,,,,,,
bank_0,1,1904,C_1904,SAV,,,,,,US,,,,,,
bank_0,1,1905,C_1905,SAV,,,,,,US,,,,,,
bank_0,1,1906,C_1906,SAV,,,,,,US,,,,,,
bank_0,1,1907,C_1907,SAV,,,,,,US,,,,,,
bank_0,1,1908,C_1908,SAV,,,,,,US,,,,,,
bank_0,1,1909,C_1909,SAV,,,,,,US,,,,,,
bank_0,1,1910,C_1910,SAV,,,,,,US,,,,,,
bank_0,1,1911,C_1911,SAV,,,,,,US,,,,,,
bank_0,1,1912,C_1912,SAV,,,,,,US,,,,,,
bank_0,1,1913,C_1913,SAV,,,,,,US,,,,,,
bank_0,1,1914,C_1914,SAV,,,,,,US,,,,,,
bank_0,1,1915,C_1915,SAV,,,,,,US,,,,,,
bank_0,1,1916,C_1916,SAV,,,,,,US,,,,,,
bank_0,1,1917,C_1917,SAV,,,,,,US,,,,,,
bank_0,1,1918,C_1918,SAV,,,,,,US,,,,,,
bank_0,1,1919,C_1919,SAV,,,,,,US,,,,,,
bank_0,1,1920,C_1920,SAV,,,,,,US,,,,,,
bank_0,1,1921,C_1921,SAV,,,,,,US,,,,,,
bank_0,1,1922,C_1922,SAV,,,,,,US,,,,,,
bank_0,1,1923,C_1923,SAV,,,,,,US,,,,,,
bank_0,1,1924,C_1924,SAV,,,,,,US,,,,,,
bank_0,1,1925,C_1925,SAV,,,,,,US,,,,,,
bank_0,1,1926,C_1926,SAV,,,,,,US,,,,,,
bank_0,1,1927,C_1927,SAV,,,,,,US,,,,,,
bank_0,1,1928,C_1928,SAV,,,,,,US,,,,,,
bank_0,1,1929,C_1929,SAV,,,,,,US,,,,,,
bank_0,1,1930,C_1930,SAV,,,,,,US,,,,,,
bank_0,1,1931,C_1931,SAV,,,,,,US,,,,,,
bank_0,1,1932,C_1932,SAV,,,,,,US,,,,,,
bank_0,1,1933,C_1933,SAV,,,,,,US,,,,,,
bank_0,1,1934,C_1934,SAV,,,,,,US,,,,,,
bank_0,1,1935,C_1935,SAV,,,,,,US,,,,,,
bank_0,1,1936,C_1936,SAV,,,,,,US,,,,,,
bank_0,1,1937,C_1937,SAV,,,,,,US,,,,,,
bank_0,1,1938,C_1938,SAV,,,,,,US,,,,,,
bank_0,1,1939,C_1939,SAV,,,,,,US,,,,,,
bank_0,1,1940,C_1940,SAV,,,,,,US,,,,,,
bank_0,1,1941,C_1941,SAV,,,,,,US,,,,,,
bank_0,1,1942,C_1942,SAV,,,,,,US,,,,,,
bank_0,1,1943,C_1943,SAV,,,,,,US,,,,,,
bank_0,1,1944,C_1944,SAV,,,,,,US,,,,,,
bank_0,1,1945,C_1945,SAV,,,,,,US,,,,,,
bank_0,1,1946,C_1946,SAV,,,,,,US,,,,,,
bank_0,1,1947,C_1947,SAV,,,,,,US,,,,,,
bank_0,1,1948,C_1948,SAV,,,,,,US,,,,,,
bank_0,1,1949,C_1949,SAV,,,,,,US,,,,,,
bank_0,1,1950,C_1950,SAV,,,,,,US,,,,,,
bank_0,1,1951,C_1951,SAV,,,,,,US,,,,,,
bank_0,1,1952,C_1952,SAV,,,,,,US,,,,,,
bank_0,1,1953,C_1953,SAV,,,,,,US,,,,,,
bank_0,1,1954,C_1954,SAV,,,,,,US,,,,,,
bank_0,1,1955,C_1955,SAV,,,,,,US,,,,,,
bank_0,1,1956,C_1956,SAV,,,,,,US,,,,,,
bank_0,1,1957,C_1957,SAV,,,,,,US,,,,,,
bank_0,1,1958,C_1958,SAV,,,,,,US,,,,,,
bank_0,1,1959,C_1959,SAV,,,,,,US,,,,,,
bank_0,1,1960,C_1960,SAV,,,,,,US,,,,,,
bank_0,1,1961,C_1961,SAV,,,,,,US,,,,,,
bank_0,1,1962,C_1962,SAV,,,,,,US,,,,,,
bank_0,1,1963,C_1963,SAV,,,,,,US,,,,,,
bank_0,1,1964,C_1964,SAV,,,,,,US,,,,,,
bank_0,1,1965,C_1965,SAV,,,,,,US,,,,,,
bank_0,1,1966,C_1966,SAV,,,,,,US,,,,,,
bank_0,1,1967,C_1967,SAV,,,,,,US,,,,,,
bank_0,1,1968,C_1968,SAV,,,,,,US,,,,,,
bank_0,1,1969,C_1969,SAV,,,,,,US,,,,,,
bank_0,1,1970,C_1970,SAV,,,,,,US,,,,,,
bank_0,1,1971,C_1971,SAV,,,,,,US,,,,,,
bank_0,1,1972,C_1972,SAV,,,,,,US,,,,,,
bank_0,1,1973,C_1973,SAV,,,,,,US,,,,,,
bank_0,1,1974,C_1974,SAV,,,,,,US,,,,,,
bank_0,1,1975,C_1975,SAV,,,,,,US,,,,,,
bank_0,1,1976,C_1976,SAV,,,,,,US,,,,,,
bank_0,1,1977,C_1977,SAV,,,,,,US,,,,,,
bank_0,1,1978,C_1978,SAV,,,,,,US,,,,,,
bank_0,1,1979,C_1979,SAV,,,,,,US,,,,,,
bank_0,1,1980,C_1980,SAV,,,,,,US,,,,,,
bank_0,1,1981,C_1981,SAV,,,,,,US,,,,,,
bank_0,1,1982,C_1982,SAV,,,,,,US,,,,,,
bank_0,1,1983,C_1983,SAV,,,,,,US,,,,,,
bank_0,1,1984,C_1984,SAV,,,,,,US,,,,,,
bank_0,1,1985,C_1985,SAV,,,,,,US,,,,,,
bank_0,1,1986,C_1986,SAV,,,,,,US,,,,,,
bank_0,1,1987,C_1987,SAV,,,,,,US,,,,,,
bank_0,1,1988,C_1988,SAV,,,,,,US,,,,,,
bank_0,1,1989,C_1989,SAV,,,,,,US,,,,,,
bank_0,1,1990,C_1990,SAV,,,,,,US,,,,,,
bank_0,1,1991,C_1991,SAV,,,,,,US,,,,,,
bank_0,1,1992,C_1992,SAV,,,,,,US,,,,,,
bank_0,1,1993,C_1993,SAV,,,,,,US,,,,,,
bank_0,1,1994,C_1994,SAV,,,,,,US,,,,,,
bank_0,1,1995,C_1995,SAV,,,,,,US,,,,,,
bank_0,1,1996,C_1996,SAV,,,,,,US,,,,,,
bank_0,1,1997,C_1997,SAV,,,,,,US,,,,,,
bank_0,1,1998,C_1998,SAV,,,,,,US,,,,,,
bank_0,1,1999,C_1999,SAV,,,,,,US,,,,,,
