bank_id,branch_id,acct_id,city
bank_1,1,0,
bank_1,1,1,
bank_1,1,2,
bank_1,1,3,
bank_1,1,4,
bank_1,1,5,
bank_1,1,6,
bank_1,1,7,
bank_1,1,8,
bank_1,1,9,
bank_1,1,10,
bank_1,1,11,
bank_1,1,12,
bank_1,1,13,
bank_1,1,14,
bank_1,1,15,
bank_1,1,16,
bank_1,1,17,
bank_1,1,18,
bank_1,1,19,
bank_1,1,20,
bank_1,1,21,
bank_1,1,22,
bank_1,1,23,
bank_1,1,24,
bank_1,1,25,
bank_1,1,26,
bank_1,1,27,
bank_1,1,28,
bank_1,1,29,
bank_1,1,30,
bank_1,1,31,
bank_1,1,32,
bank_1,1,33,
bank_1,1,34,
bank_1,1,35,
bank_1,1,36,
bank_1,1,37,
bank_1,1,38,
bank_1,1,39,
bank_1,1,40,
bank_1,1,41,
bank_1,1,42,
bank_1,1,43,
bank_1,1,44,
bank_1,1,45,
bank_1,1,46,
bank_1,1,47,
bank_1,1,48,
bank_1,1,49,
bank_1,1,50,
bank_1,1,51,
bank_1,1,52,
bank_1,1,53,
bank_1,1,54,
bank_1,1,55,
bank_1,1,56,
bank_1,1,57,
bank_1,1,58,
bank_1,1,59,
bank_1,1,60,
bank_1,1,61,
bank_1,1,62,
bank_1,1,63,
bank_1,1,64,
bank_1,1,65,
bank_1,1,66,
bank_1,1,67,
bank_1,1,68,
bank_1,1,69,
bank_1,1,70,
bank_1,1,71,
bank_1,1,72,
bank_1,1,73,
bank_1,1,74,
bank_1,1,75,
bank_1,1,76,
bank_1,1,77,
bank_1,1,78,
bank_1,1,79,
bank_1,1,80,
bank_1,1,81,
bank_1,1,82,
bank_1,1,83,
bank_1,1,84,
bank_1,1,85,
bank_1,1,86,
bank_1,1,87,
bank_1,1,88,
bank_1,1,89,
bank_1,1,90,
bank_1,1,91,
bank_1,1,92,
bank_1,1,93,
bank_1,1,94,
bank_1,1,95,
bank_1,1,96,
bank_1,1,97,
bank_1,1,98,
bank_1,1,99,
bank_1,1,100,
bank_1,1,101,
bank_1,1,102,
bank_1,1,103,
bank_1,1,104,
bank_1,1,105,
bank_1,1,106,
bank_1,1,107,
bank_1,1,108,
bank_1,1,109,
bank_1,1,110,
bank_1,1,111,
bank_1,1,112,
bank_1,1,113,
bank_1,1,114,
bank_1,1,115,
bank_1,1,116,
bank_1,1,117,
bank_1,1,118,
bank_1,1,119,
bank_1,1,120,
bank_1,1,121,
bank_1,1,122,
bank_1,1,123,
bank_1,1,124,
bank_1,1,125,
bank_1,1,126,
bank_1,1,127,
bank_1,1,128,
bank_1,1,129,
bank_1,1,130,
bank_1,1,131,
bank_1,1,132,
bank_1,1,133,
bank_1,1,134,
bank_1,1,135,
bank_1,1,136,
bank_1,1,137,
bank_1,1,138,
bank_1,1,139,
bank_1,1,140,
bank_1,1,141,
bank_1,1,142,
bank_1,1,143,
bank_1,1,144,
bank_1,1,145,
bank_1,1,146,
bank_1,1,147,
bank_1,1,148,
bank_1,1,149,
bank_1,1,150,
bank_1,1,151,
bank_1,1,152,
bank_1,1,153,
bank_1,1,154,
bank_1,1,155,
bank_1,1,156,
bank_1,1,157,
bank_1,1,158,
bank_1,1,159,
bank_1,1,160,
bank_1,1,161,
bank_1,1,162,
bank_1,1,163,
bank_1,1,164,
bank_1,1,165,
bank_1,1,166,
bank_1,1,167,
bank_1,1,168,
bank_1,1,169,
bank_1,1,170,
bank_1,1,171,
bank_1,1,172,
bank_1,1,173,
bank_1,1,174,
bank_1,1,175,
bank_1,1,176,
bank_1,1,177,
bank_1,1,178,
bank_1,1,179,
bank_1,1,180,
bank_1,1,181,
bank_1,1,182,
bank_1,1,183,
bank_1,1,184,
bank_1,1,185,
bank_1,1,186,
bank_1,1,187,
bank_1,1,188,
bank_1,1,189,
bank_1,1,190,
bank_1,1,191,
bank_1,1,192,
bank_1,1,193,
bank_1,1,194,
bank_1,1,195,
bank_1,1,196,
bank_1,1,197,
bank_1,1,198,
bank_1,1,199,
bank_1,1,200,
bank_1,1,201,
bank_1,1,202,
bank_1,1,203,
bank_1,1,204,
bank_1,1,205,
bank_1,1,206,
bank_1,1,207,
bank_1,1,208,
bank_1,1,209,
bank_1,1,210,
bank_1,1,211,
bank_1,1,212,
bank_1,1,213,
bank_1,1,214,
bank_1,1,215,
bank_1,1,216,
bank_1,1,217,
bank_1,1,218,
bank_1,1,219,
bank_1,1,220,
bank_1,1,221,
bank_1,1,222,
bank_1,1,223,
bank_1,1,224,
bank_1,1,225,
bank_1,1,226,
bank_1,1,227,
bank_1,1,228,
bank_1,1,229,
bank_1,1,230,
bank_1,1,231,
bank_1,1,232,
bank_1,1,233,
bank_1,1,234,
bank_1,1,235,
bank_1,1,236,
bank_1,1,237,
bank_1,1,238,
bank_1,1,239,
bank_1,1,240,
bank_1,1,241,
bank_1,1,242,
bank_1,1,243,
bank_1,1,244,
bank_1,1,245,
bank_1,1,246,
bank_1,1,247,
bank_1,1,248,
bank_1,1,249,
bank_1,1,250,
bank_1,1,251,
bank_1,1,252,
bank_1,1,253,
bank_1,1,254,
bank_1,1,255,
bank_1,1,256,
bank_1,1,257,
bank_1,1,258,
bank_1,1,259,
bank_1,1,260,
bank_1,1,261,
bank_1,1,262,
bank_1,1,263,
bank_1,1,264,
bank_1,1,265,
bank_1,1,266,
bank_1,1,267,
bank_1,1,268,
bank_1,1,269,
bank_1,1,270,
bank_1,1,271,
bank_1,1,272,
bank_1,1,273,
bank_1,1,274,
bank_1,1,275,
bank_1,1,276,
bank_1,1,277,
bank_1,1,278,
bank_1,1,279,
bank_1,1,280,
bank_1,1,281,
bank_1,1,282,
bank_1,1,283,
bank_1,1,284,
bank_1,1,285,
bank_1,1,286,
bank_1,1,287,
bank_1,1,288,
bank_1,1,289,
bank_1,1,290,
bank_1,1,291,
bank_1,1,292,
bank_1,1,293,
bank_1,1,294,
bank_1,1,295,
bank_1,1,296,
bank_1,1,297,
bank_1,1,298,
bank_1,1,299,
bank_1,1,300,
bank_1,1,301,
bank_1,1,302,
bank_1,1,303,
bank_1,1,304,
bank_1,1,305,
bank_1,1,306,
bank_1,1,307,
bank_1,1,308,
bank_1,1,309,
bank_1,1,310,
bank_1,1,311,
bank_1,1,312,
bank_1,1,313,
bank_1,1,314,
bank_1,1,315,
bank_1,1,316,
bank_1,1,317,
bank_1,1,318,
bank_1,1,319,
bank_1,1,320,
bank_1,1,321,
bank_1,1,322,
bank_1,1,323,
bank_1,1,324,
bank_1,1,325,
bank_1,1,326,
bank_1,1,327,
bank_1,1,328,
bank_1,1,329,
bank_1,1,330,
bank_1,1,331,
bank_1,1,332,
bank_1,1,333,
bank_1,1,334,
bank_1,1,335,
bank_1,1,336,
bank_1,1,337,
bank_1,1,338,
bank_1,1,339,
bank_1,1,340,
bank_1,1,341,
bank_1,1,342,
bank_1,1,343,
bank_1,1,344,
bank_1,1,345,
bank_1,1,346,
bank_1,1,347,
bank_1,1,348,
bank_1,1,349,
bank_1,1,350,
bank_1,1,351,
bank_1,1,352,
bank_1,1,353,
bank_1,1,354,
bank_1,1,355,
bank_1,1,356,
bank_1,1,357,
bank_1,1,358,
bank_1,1,359,
bank_1,1,360,
bank_1,1,361,
bank_1,1,362,
bank_1,1,363,
bank_1,1,364,
bank_1,1,365,
bank_1,1,366,
bank_1,1,367,
bank_1,1,368,
bank_1,1,369,
bank_1,1,370,
bank_1,1,371,
bank_1,1,372,
bank_1,1,373,
bank_1,1,374,
bank_1,1,375,
bank_1,1,376,
bank_1,1,377,
bank_1,1,378,
bank_1,1,379,
bank_1,1,380,
bank_1,1,381,
bank_1,1,382,
bank_1,1,383,
bank_1,1,384,
bank_1,1,385,
bank_1,1,386,
bank_1,1,387,
bank_1,1,388,
bank_1,1,389,
bank_1,1,390,
bank_1,1,391,
bank_1,1,392,
bank_1,1,393,
bank_1,1,394,
bank_1,1,395,
bank_1,1,396,
bank_1,1,397,
bank_1,1,398,
bank_1,1,399,
bank_1,1,400,
bank_1,1,401,
bank_1,1,402,
bank_1,1,403,
bank_1,1,404,
bank_1,1,405,
bank_1,1,406,
bank_1,1,407,
bank_1,1,408,
bank_1,1,409,
bank_1,1,410,
bank_1,1,411,
bank_1,1,412,
bank_1,1,413,
bank_1,1,414,
bank_1,1,415,
bank_1,1,416,
bank_1,1,417,
bank_1,1,418,
bank_1,1,419,
bank_1,1,420,
bank_1,1,421,
bank_1,1,422,
bank_1,1,423,
bank_1,1,424,
bank_1,1,425,
bank_1,1,426,
bank_1,1,427,
bank_1,1,428,
bank_1,1,429,
bank_1,1,430,
bank_1,1,431,
bank_1,1,432,
bank_1,1,433,
bank_1,1,434,
bank_1,1,435,
bank_1,1,436,
bank_1,1,437,
bank_1,1,438,
bank_1,1,439,
bank_1,1,440,
bank_1,1,441,
bank_1,1,442,
bank_1,1,443,
bank_1,1,444,
bank_1,1,445,
bank_1,1,446,
bank_1,1,447,
bank_1,1,448,
bank_1,1,449,
bank_1,1,450,
bank_1,1,451,
bank_1,1,452,
bank_1,1,453,
bank_1,1,454,
bank_1,1,455,
bank_1,1,456,
bank_1,1,457,
bank_1,1,458,
bank_1,1,459,
bank_1,1,460,
bank_1,1,461,
bank_1,1,462,
bank_1,1,463,
bank_1,1,464,
bank_1,1,465,
bank_1,1,466,
bank_1,1,467,
bank_1,1,468,
bank_1,1,469,
bank_1,1,470,
bank_1,1,471,
bank_1,1,472,
bank_1,1,473,
bank_1,1,474,
bank_1,1,475,
bank_1,1,476,
bank_1,1,477,
bank_1,1,478,
bank_1,1,479,
bank_1,1,480,
bank_1,1,481,
bank_1,1,482,
bank_1,1,483,
bank_1,1,484,
bank_1,1,485,
bank_1,1,486,
bank_1,1,487,
bank_1,1,488,
bank_1,1,489,
bank_1,1,490,
bank_1,1,491,
bank_1,1,492,
bank_1,1,493,
bank_1,1,494,
bank_1,1,495,
bank_1,1,496,
bank_1,1,497,
bank_1,1,498,
bank_1,1,499,
bank_1,1,500,
bank_1,1,501,
bank_1,1,502,
bank_1,1,503,
bank_1,1,504,
bank_1,1,505,
bank_1,1,506,
bank_1,1,507,
bank_1,1,508,
bank_1,1,509,
bank_1,1,510,
bank_1,1,511,
bank_1,1,512,
bank_1,1,513,
bank_1,1,514,
bank_1,1,515,
bank_1,1,516,
bank_1,1,517,
bank_1,1,518,
bank_1,1,519,
bank_1,1,520,
bank_1,1,521,
bank_1,1,522,
bank_1,1,523,
bank_1,1,524,
bank_1,1,525,
bank_1,1,526,
bank_1,1,527,
bank_1,1,528,
bank_1,1,529,
bank_1,1,530,
bank_1,1,531,
bank_1,1,532,
bank_1,1,533,
bank_1,1,534,
bank_1,1,535,
bank_1,1,536,
bank_1,1,537,
bank_1,1,538,
bank_1,1,539,
bank_1,1,540,
bank_1,1,541,
bank_1,1,542,
bank_1,1,543,
bank_1,1,544,
bank_1,1,545,
bank_1,1,546,
bank_1,1,547,
bank_1,1,548,
bank_1,1,549,
bank_1,1,550,
bank_1,1,551,
bank_1,1,552,
bank_1,1,553,
bank_1,1,554,
bank_1,1,555,
bank_1,1,556,
bank_1,1,557,
bank_1,1,558,
bank_1,1,559,
bank_1,1,560,
bank_1,1,561,
bank_1,1,562,
bank_1,1,563,
bank_1,1,564,
bank_1,1,565,
bank_1,1,566,
bank_1,1,567,
bank_1,1,568,
bank_1,1,569,
bank_1,1,570,
bank_1,1,571,
bank_1,1,572,
bank_1,1,573,
bank_1,1,574,
bank_1,1,575,
bank_1,1,576,
bank_1,1,577,
bank_1,1,578,
bank_1,1,579,
bank_1,1,580,
bank_1,1,581,
bank_1,1,582,
bank_1,1,583,
bank_1,1,584,
bank_1,1,585,
bank_1,1,586,
bank_1,1,587,
bank_1,1,588,
bank_1,1,589,
bank_1,1,590,
bank_1,1,591,
bank_1,1,592,
bank_1,1,593,
bank_1,1,594,
bank_1,1,595,
bank_1,1,596,
bank_1,1,597,
bank_1,1,598,
bank_1,1,599,
bank_1,1,600,
bank_1,1,601,
bank_1,1,602,
bank_1,1,603,
bank_1,1,604,
bank_1,1,605,
bank_1,1,606,
bank_1,1,607,
bank_1,1,608,
bank_1,1,609,
bank_1,1,610,
bank_1,1,611,
bank_1,1,612,
bank_1,1,613,
bank_1,1,614,
bank_1,1,615,
bank_1,1,616,
bank_1,1,617,
bank_1,1,618,
bank_1,1,619,
bank_1,1,620,
bank_1,1,621,
bank_1,1,622,
bank_1,1,623,
bank_1,1,624,
bank_1,1,625,
bank_1,1,626,
bank_1,1,627,
bank_1,1,628,
bank_1,1,629,
bank_1,1,630,
bank_1,1,631,
bank_1,1,632,
bank_1,1,633,
bank_1,1,634,
bank_1,1,635,
bank_1,1,636,
bank_1,1,637,
bank_1,1,638,
bank_1,1,639,
bank_1,1,640,
bank_1,1,641,
bank_1,1,642,
bank_1,1,643,
bank_1,1,644,
bank_1,1,645,
bank_1,1,646,
bank_1,1,647,
bank_1,1,648,
bank_1,1,649,
bank_1,1,650,
bank_1,1,651,
bank_1,1,652,
bank_1,1,653,
bank_1,1,654,
bank_1,1,655,
bank_1,1,656,
bank_1,1,657,
bank_1,1,658,
bank_1,1,659,
bank_1,1,660,
bank_1,1,661,
bank_1,1,662,
bank_1,1,663,
bank_1,1,664,
bank_1,1,665,
bank_1,1,666,
bank_1,1,667,
bank_1,1,668,
bank_1,1,669,
bank_1,1,670,
bank_1,1,671,
bank_1,1,672,
bank_1,1,673,
bank_1,1,674,
bank_1,1,675,
bank_1,1,676,
bank_1,1,677,
bank_1,1,678,
bank_1,1,679,
bank_1,1,680,
bank_1,1,681,
bank_1,1,682,
bank_1,1,683,
bank_1,1,684,
bank_1,1,685,
bank_1,1,686,
bank_1,1,687,
bank_1,1,688,
bank_1,1,689,
bank_1,1,690,
bank_1,1,691,
bank_1,1,692,
bank_1,1,693,
bank_1,1,694,
bank_1,1,695,
bank_1,1,696,
bank_1,1,697,
bank_1,1,698,
bank_1,1,699,
bank_1,1,700,
bank_1,1,701,
bank_1,1,702,
bank_1,1,703,
bank_1,1,704,
bank_1,1,705,
bank_1,1,706,
bank_1,1,707,
bank_1,1,708,
bank_1,1,709,
bank_1,1,710,
bank_1,1,711,
bank_1,1,712,
bank_1,1,713,
bank_1,1,714,
bank_1,1,715,
bank_1,1,716,
bank_1,1,717,
bank_1,1,718,
bank_1,1,719,
bank_1,1,720,
bank_1,1,721,
bank_1,1,722,
bank_1,1,723,
bank_1,1,724,
bank_1,1,725,
bank_1,1,726,
bank_1,1,727,
bank_1,1,728,
bank_1,1,729,
bank_1,1,730,
bank_1,1,731,
bank_1,1,732,
bank_1,1,733,
bank_1,1,734,
bank_1,1,735,
bank_1,1,736,
bank_1,1,737,
bank_1,1,738,
bank_1,1,739,
bank_1,1,740,
bank_1,1,741,
bank_1,1,742,
bank_1,1,743,
bank_1,1,744,
bank_1,1,745,
bank_1,1,746,
bank_1,1,747,
bank_1,1,748,
bank_1,1,749,
bank_1,1,750,
bank_1,1,751,
bank_1,1,752,
bank_1,1,753,
bank_1,1,754,
bank_1,1,755,
bank_1,1,756,
bank_1,1,757,
bank_1,1,758,
bank_1,1,759,
bank_1,1,760,
bank_1,1,761,
bank_1,1,762,
bank_1,1,763,
bank_1,1,764,
bank_1,1,765,
bank_1,1,766,
bank_1,1,767,
bank_1,1,768,
bank_1,1,769,
bank_1,1,770,
bank_1,1,771,
bank_1,1,772,
bank_1,1,773,
bank_1,1,774,
bank_1,1,775,
bank_1,1,776,
bank_1,1,777,
bank_1,1,778,
bank_1,1,779,
bank_1,1,780,
bank_1,1,781,
bank_1,1,782,
bank_1,1,783,
bank_1,1,784,
bank_1,1,785,
bank_1,1,786,
bank_1,1,787,
bank_1,1,788,
bank_1,1,789,
bank_1,1,790,
bank_1,1,791,
bank_1,1,792,
bank_1,1,793,
bank_1,1,794,
bank_1,1,795,
bank_1,1,796,
bank_1,1,797,
bank_1,1,798,
bank_1,1,799,
bank_1,1,800,
bank_1,1,801,
bank_1,1,802,
bank_1,1,803,
bank_1,1,804,
bank_1,1,805,
bank_1,1,806,
bank_1,1,807,
bank_1,1,808,
bank_1,1,809,
bank_1,1,810,
bank_1,1,811,
bank_1,1,812,
bank_1,1,813,
bank_1,1,814,
bank_1,1,815,
bank_1,1,816,
bank_1,1,817,
bank_1,1,818,
bank_1,1,819,
bank_1,1,820,
bank_1,1,821,
bank_1,1,822,
bank_1,1,823,
bank_1,1,824,
bank_1,1,825,
bank_1,1,826,
bank_1,1,827,
bank_1,1,828,
bank_1,1,829,
bank_1,1,830,
bank_1,1,831,
bank_1,1,832,
bank_1,1,833,
bank_1,1,834,
bank_1,1,835,
bank_1,1,836,
bank_1,1,837,
bank_1,1,838,
bank_1,1,839,
bank_1,1,840,
bank_1,1,841,
bank_1,1,842,
bank_1,1,843,
bank_1,1,844,
bank_1,1,845,
bank_1,1,846,
bank_1,1,847,
bank_1,1,848,
bank_1,1,849,
bank_1,1,850,
bank_1,1,851,
bank_1,1,852,
bank_1,1,853,
bank_1,1,854,
bank_1,1,855,
bank_1,1,856,
bank_1,1,857,
bank_1,1,858,
bank_1,1,859,
bank_1,1,860,
bank_1,1,861,
bank_1,1,862,
bank_1,1,863,
bank_1,1,864,
bank_1,1,865,
bank_1,1,866,
bank_1,1,867,
bank_1,1,868,
bank_1,1,869,
bank_1,1,870,
bank_1,1,871,
bank_1,1,872,
bank_1,1,873,
bank_1,1,874,
bank_1,1,875,
bank_1,1,876,
bank_1,1,877,
bank_1,1,878,
bank_1,1,879,
bank_1,1,880,
bank_1,1,881,
bank_1,1,882,
bank_1,1,883,
bank_1,1,884,
bank_1,1,885,
bank_1,1,886,
bank_1,1,887,
bank_1,1,888,
bank_1,1,889,
bank_1,1,890,
bank_1,1,891,
bank_1,1,892,
bank_1,1,893,
bank_1,1,894,
bank_1,1,895,
bank_1,1,896,
bank_1,1,897,
bank_1,1,898,
bank_1,1,899,
bank_1,1,900,
bank_1,1,901,
bank_1,1,902,
bank_1,1,903,
bank_1,1,904,
bank_1,1,905,
bank_1,1,906,
bank_1,1,907,
bank_1,1,908,
bank_1,1,909,
bank_1,1,910,
bank_1,1,911,
bank_1,1,912,
bank_1,1,913,
bank_1,1,914,
bank_1,1,915,
bank_1,1,916,
bank_1,1,917,
bank_1,1,918,
bank_1,1,919,
bank_1,1,920,
bank_1,1,921,
bank_1,1,922,
bank_1,1,923,
bank_1,1,924,
bank_1,1,925,
bank_1,1,926,
bank_1,1,927,
bank_1,1,928,
bank_1,1,929,
bank_1,1,930,
bank_1,1,931,
bank_1,1,932,
bank_1,1,933,
bank_1,1,934,
bank_1,1,935,
bank_1,1,936,
bank_1,1,937,
bank_1,1,938,
bank_1,1,939,
bank_1,1,940,
bank_1,1,941,
bank_1,1,942,
bank_1,1,943,
bank_1,1,944,
bank_1,1,945,
bank_1,1,946,
bank_1,1,947,
bank_1,1,948,
bank_1,1,949,
bank_1,1,950,
bank_1,1,951,
bank_1,1,952,
bank_1,1,953,
bank_1,1,954,
bank_1,1,955,
bank_1,1,956,
bank_1,1,957,
bank_1,1,958,
bank_1,1,959,
bank_1,1,960,
bank_1,1,961,
bank_1,1,962,
bank_1,1,963,
bank_1,1,964,
bank_1,1,965,
bank_1,1,966,
bank_1,1,967,
bank_1,1,968,
bank_1,1,969,
bank_1,1,970,
bank_1,1,971,
bank_1,1,972,
bank_1,1,973,
bank_1,1,974,
bank_1,1,975,
bank_1,1,976,
bank_1,1,977,
bank_1,1,978,
bank_1,1,979,
bank_1,1,980,
bank_1,1,981,
bank_1,1,982,
bank_1,1,983,
bank_1,1,984,
bank_1,1,985,
bank_1,1,986,
bank_1,1,987,
bank_1,1,988,
bank_1,1,989,
bank_1,1,990,
bank_1,1,991,
bank_1,1,992,
bank_1,1,993,
bank_1,1,994,
bank_1,1,995,
bank_1,1,996,
bank_1,1,997,
bank_1,1,998,
bank_1,1,999,
bank_1,1,1000,
bank_1,1,1001,
bank_1,1,1002,
bank_1,1,1003,
bank_1,1,1004,
bank_1,1,1005,
bank_1,1,1006,
bank_1,1,1007,
bank_1,1,1008,
bank_1,1,1009,
bank_1,1,1010,
bank_1,1,1011,
bank_1,1,1012,
bank_1,1,1013,
bank_1,1,1014,
bank_1,1,1015,
bank_1,1,1016,
bank_1,1,1017,
bank_1,1,1018,
bank_1,1,1019,
bank_1,1,1020,
bank_1,1,1021,
bank_1,1,1022,
bank_1,1,1023,
bank_1,1,1024,
bank_1,1,1025,
bank_1,1,1026,
bank_1,1,1027,
bank_1,1,1028,
bank_1,1,1029,
bank_1,1,1030,
bank_1,1,1031,
bank_1,1,1032,
bank_1,1,1033,
bank_1,1,1034,
bank_1,1,1035,
bank_1,1,1036,
bank_1,1,1037,
bank_1,1,1038,
bank_1,1,1039,
bank_1,1,1040,
bank_1,1,1041,
bank_1,1,1042,
bank_1,1,1043,
bank_1,1,1044,
bank_1,1,1045,
bank_1,1,1046,
bank_1,1,1047,
bank_1,1,1048,
bank_1,1,1049,
bank_1,1,1050,
bank_1,1,1051,
bank_1,1,1052,
bank_1,1,1053,
bank_1,1,1054,
bank_1,1,1055,
bank_1,1,1056,
bank_1,1,1057,
bank_1,1,1058,
bank_1,1,1059,
bank_1,1,1060,
bank_1,1,1061,
bank_1,1,1062,
bank_1,1,1063,
bank_1,1,1064,
bank_1,1,1065,
bank_1,1,1066,
bank_1,1,1067,
bank_1,1,1068,
bank_1,1,1069,
bank_1,1,1070,
bank_1,1,1071,
bank_1,1,1072,
bank_1,1,1073,
bank_1,1,1074,
bank_1,1,1075,
bank_1,1,1076,
bank_1,1,1077,
bank_1,1,1078,
bank_1,1,1079,
bank_1,1,1080,
bank_1,1,1081,
bank_1,1,1082,
bank_1,1,1083,
bank_1,1,1084,
bank_1,1,1085,
bank_1,1,1086,
bank_1,1,1087,
bank_1,1,1088,
bank_1,1,1089,
bank_1,1,1090,
bank_1,1,1091,
bank_1,1,1092,
bank_1,1,1093,
bank_1,1,1094,
bank_1,1,1095,
bank_1,1,1096,
bank_1,1,1097,
bank_1,1,1098,
bank_1,1,1099,
bank_1,1,1100,
bank_1,1,1101,
bank_1,1,1102,
bank_1,1,1103,
bank_1,1,1104,
bank_1,1,1105,
bank_1,1,1106,
bank_1,1,1107,
bank_1,1,1108,
bank_1,1,1109,
bank_1,1,1110,
bank_1,1,1111,
bank_1,1,1112,
bank_1,1,1113,
bank_1,1,1114,
bank_1,1,1115,
bank_1,1,1116,
bank_1,1,1117,
bank_1,1,1118,
bank_1,1,1119,
bank_1,1,1120,
bank_1,1,1121,
bank_1,1,1122,
bank_1,1,1123,
bank_1,1,1124,
bank_1,1,1125,
bank_1,1,1126,
bank_1,1,1127,
bank_1,1,1128,
bank_1,1,1129,
bank_1,1,1130,
bank_1,1,1131,
bank_1,1,1132,
bank_1,1,1133,
bank_1,1,1134,
bank_1,1,1135,
bank_1,1,1136,
bank_1,1,1137,
bank_1,1,1138,
bank_1,1,1139,
bank_1,1,1140,
bank_1,1,1141,
bank_1,1,1142,
bank_1,1,1143,
bank_1,1,1144,
bank_1,1,1145,
bank_1,1,1146,
bank_1,1,1147,
bank_1,1,1148,
bank_1,1,1149,
bank_1,1,1150,
bank_1,1,1151,
bank_1,1,1152,
bank_1,1,1153,
bank_1,1,1154,
bank_1,1,1155,
bank_1,1,1156,
bank_1,1,1157,
bank_1,1,1158,
bank_1,1,1159,
bank_1,1,1160,
bank_1,1,1161,
bank_1,1,1162,
bank_1,1,1163,
bank_1,1,1164,
bank_1,1,1165,
bank_1,1,1166,
bank_1,1,1167,
bank_1,1,1168,
bank_1,1,1169,
bank_1,1,1170,
bank_1,1,1171,
bank_1,1,1172,
bank_1,1,1173,
bank_1,1,1174,
bank_1,1,1175,
bank_1,1,1176,
bank_1,1,1177,
bank_1,1,1178,
bank_1,1,1179,
bank_1,1,1180,
bank_1,1,1181,
bank_1,1,1182,
bank_1,1,1183,
bank_1,1,1184,
bank_1,1,1185,
bank_1,1,1186,
bank_1,1,1187,
bank_1,1,1188,
bank_1,1,1189,
bank_1,1,1190,
bank_1,1,1191,
bank_1,1,1192,
bank_1,1,1193,
bank_1,1,1194,
bank_1,1,1195,
bank_1,1,1196,
bank_1,1,1197,
bank_1,1,1198,
bank_1,1,1199,
bank_1,1,1200,
bank_1,1,1201,
bank_1,1,1202,
bank_1,1,1203,
bank_1,1,1204,
bank_1,1,1205,
bank_1,1,1206,
bank_1,1,1207,
bank_1,1,1208,
bank_1,1,1209,
bank_1,1,1210,
bank_1,1,1211,
bank_1,1,1212,
bank_1,1,1213,
bank_1,1,1214,
bank_1,1,1215,
bank_1,1,1216,
bank_1,1,1217,
bank_1,1,1218,
bank_1,1,1219,
bank_1,1,1220,
bank_1,1,1221,
bank_1,1,1222,
bank_1,1,1223,
bank_1,1,1224,
bank_1,1,1225,
bank_1,1,1226,
bank_1,1,1227,
bank_1,1,1228,
bank_1,1,1229,
bank_1,1,1230,
bank_1,1,1231,
bank_1,1,1232,
bank_1,1,1233,
bank_1,1,1234,
bank_1,1,1235,
bank_1,1,1236,
bank_1,1,1237,
bank_1,1,1238,
bank_1,1,1239,
bank_1,1,1240,
bank_1,1,1241,
bank_1,1,1242,
bank_1,1,1243,
bank_1,1,1244,
bank_1,1,1245,
bank_1,1,1246,
bank_1,1,1247,
bank_1,1,1248,
bank_1,1,1249,
bank_1,1,1250,
bank_1,1,1251,
bank_1,1,1252,
bank_1,1,1253,
bank_1,1,1254,
bank_1,1,1255,
bank_1,1,1256,
bank_1,1,1257,
bank_1,1,1258,
bank_1,1,1259,
bank_1,1,1260,
bank_1,1,1261,
bank_1,1,1262,
bank_1,1,1263,
bank_1,1,1264,
bank_1,1,1265,
bank_1,1,1266,
bank_1,1,1267,
bank_1,1,1268,
bank_1,1,1269,
bank_1,1,1270,
bank_1,1,1271,
bank_1,1,1272,
bank_1,1,1273,
bank_1,1,1274,
bank_1,1,1275,
bank_1,1,1276,
bank_1,1,1277,
bank_1,1,1278,
bank_1,1,1279,
bank_1,1,1280,
bank_1,1,1281,
bank_1,1,1282,
bank_1,1,1283,
bank_1,1,1284,
bank_1,1,1285,
bank_1,1,1286,
bank_1,1,1287,
bank_1,1,1288,
bank_1,1,1289,
bank_1,1,1290,
bank_1,1,1291,
bank_1,1,1292,
bank_1,1,1293,
bank_1,1,1294,
bank_1,1,1295,
bank_1,1,1296,
bank_1,1,1297,
bank_1,1,1298,
bank_1,1,1299,
bank_1,1,1300,
bank_1,1,1301,
bank_1,1,1302,
bank_1,1,1303,
bank_1,1,1304,
bank_1,1,1305,
bank_1,1,1306,
bank_1,1,1307,
bank_1,1,1308,
bank_1,1,1309,
bank_1,1,1310,
bank_1,1,1311,
bank_1,1,1312,
bank_1,1,1313,
bank_1,1,1314,
bank_1,1,1315,
bank_1,1,1316,
bank_1,1,1317,
bank_1,1,1318,
bank_1,1,1319,
bank_1,1,1320,
bank_1,1,1321,
bank_1,1,1322,
bank_1,1,1323,
bank_1,1,1324,
bank_1,1,1325,
bank_1,1,1326,
bank_1,1,1327,
bank_1,1,1328,
bank_1,1,1329,
bank_1,1,1330,
bank_1,1,1331,
bank_1,1,1332,
bank_1,1,1333,
bank_1,1,1334,
bank_1,1,1335,
bank_1,1,1336,
bank_1,1,1337,
bank_1,1,1338,
bank_1,1,1339,
bank_1,1,1340,
bank_1,1,1341,
bank_1,1,1342,
bank_1,1,1343,
bank_1,1,1344,
bank_1,1,1345,
bank_1,1,1346,
bank_1,1,1347,
bank_1,1,1348,
bank_1,1,1349,
bank_1,1,1350,
bank_1,1,1351,
bank_1,1,1352,
bank_1,1,1353,
bank_1,1,1354,
bank_1,1,1355,
bank_1,1,1356,
bank_1,1,1357,
bank_1,1,1358,
bank_1,1,1359,
bank_1,1,1360,
bank_1,1,1361,
bank_1,1,1362,
bank_1,1,1363,
bank_1,1,1364,
bank_1,1,1365,
bank_1,1,1366,
bank_1,1,1367,
bank_1,1,1368,
bank_1,1,1369,
bank_1,1,1370,
bank_1,1,1371,
bank_1,1,1372,
bank_1,1,1373,
bank_1,1,1374,
bank_1,1,1375,
bank_1,1,1376,
bank_1,1,1377,
bank_1,1,1378,
bank_1,1,1379,
bank_1,1,1380,
bank_1,1,1381,
bank_1,1,1382,
bank_1,1,1383,
bank_1,1,1384,
bank_1,1,1385,
bank_1,1,1386,
bank_1,1,1387,
bank_1,1,1388,
bank_1,1,1389,
bank_1,1,1390,
bank_1,1,1391,
bank_1,1,1392,
bank_1,1,1393,
bank_1,1,1394,
bank_1,1,1395,
bank_1,1,1396,
bank_1,1,1397,
bank_1,1,1398,
bank_1,1,1399,
bank_1,1,1400,
bank_1,1,1401,
bank_1,1,1402,
bank_1,1,1403,
bank_1,1,1404,
bank_1,1,1405,
bank_1,1,1406,
bank_1,1,1407,
bank_1,1,1408,
bank_1,1,1409,
bank_1,1,1410,
bank_1,1,1411,
bank_1,1,1412,
bank_1,1,1413,
bank_1,1,1414,
bank_1,1,1415,
bank_1,1,1416,
bank_1,1,1417,
bank_1,1,1418,
bank_1,1,1419,
bank_1,1,1420,
bank_1,1,1421,
bank_1,1,1422,
bank_1,1,1423,
bank_1,1,1424,
bank_1,1,1425,
bank_1,1,1426,
bank_1,1,1427,
bank_1,1,1428,
bank_1,1,1429,
bank_1,1,1430,
bank_1,1,1431,
bank_1,1,1432,
bank_1,1,1433,
bank_1,1,1434,
bank_1,1,1435,
bank_1,1,1436,
bank_1,1,1437,
bank_1,1,1438,
bank_1,1,1439,
bank_1,1,1440,
bank_1,1,1441,
bank_1,1,1442,
bank_1,1,1443,
bank_1,1,1444,
bank_1,1,1445,
bank_1,1,1446,
bank_1,1,1447,
bank_1,1,1448,
bank_1,1,1449,
bank_1,1,1450,
bank_1,1,1451,
bank_1,1,1452,
bank_1,1,1453,
bank_1,1,1454,
bank_1,1,1455,
bank_1,1,1456,
bank_1,1,1457,
bank_1,1,1458,
bank_1,1,1459,
bank_1,1,1460,
bank_1,1,1461,
bank_1,1,1462,
bank_1,1,1463,
bank_1,1,1464,
bank_1,1,1465,
bank_1,1,1466,
bank_1,1,1467,
bank_1,1,1468,
bank_1,1,1469,
bank_1,1,1470,
bank_1,1,1471,
bank_1,1,1472,
bank_1,1,1473,
bank_1,1,1474,
bank_1,1,1475,
bank_1,1,1476,
bank_1,1,1477,
bank_1,1,1478,
bank_1,1,1479,
bank_1,1,1480,
bank_1,1,1481,
bank_1,1,1482,
bank_1,1,1483,
bank_1,1,1484,
bank_1,1,1485,
bank_1,1,1486,
bank_1,1,1487,
bank_1,1,1488,
bank_1,1,1489,
bank_1,1,1490,
bank_1,1,1491,
bank_1,1,1492,
bank_1,1,1493,
bank_1,1,1494,
bank_1,1,1495,
bank_1,1,1496,
bank_1,1,1497,
bank_1,1,1498,
bank_1,1,1499,
bank_1,1,1500,
bank_1,1,1501,
bank_1,1,1502,
bank_1,1,1503,
bank_1,1,1504,
bank_1,1,1505,
bank_1,1,1506,
bank_1,1,1507,
bank_1,1,1508,
bank_1,1,1509,
bank_1,1,1510,
bank_1,1,1511,
bank_1,1,1512,
bank_1,1,1513,
bank_1,1,1514,
bank_1,1,1515,
bank_1,1,1516,
bank_1,1,1517,
bank_1,1,1518,
bank_1,1,1519,
bank_1,1,1520,
bank_1,1,1521,
bank_1,1,1522,
bank_1,1,1523,
bank_1,1,1524,
bank_1,1,1525,
bank_1,1,1526,
bank_1,1,1527,
bank_1,1,1528,
bank_1,1,1529,
bank_1,1,1530,
bank_1,1,1531,
bank_1,1,1532,
bank_1,1,1533,
bank_1,1,1534,
bank_1,1,1535,
bank_1,1,1536,
bank_1,1,1537,
bank_1,1,1538,
bank_1,1,1539,
bank_1,1,1540,
bank_1,1,1541,
bank_1,1,1542,
bank_1,1,1543,
bank_1,1,1544,
bank_1,1,1545,
bank_1,1,1546,
bank_1,1,1547,
bank_1,1,1548,
bank_1,1,1549,
bank_1,1,1550,
bank_1,1,1551,
bank_1,1,1552,
bank_1,1,1553,
bank_1,1,1554,
bank_1,1,1555,
bank_1,1,1556,
bank_1,1,1557,
bank_1,1,1558,
bank_1,1,1559,
bank_1,1,1560,
bank_1,1,1561,
bank_1,1,1562,
bank_1,1,1563,
bank_1,1,1564,
bank_1,1,1565,
bank_1,1,1566,
bank_1,1,1567,
bank_1,1,1568,
bank_1,1,1569,
bank_1,1,1570,
bank_1,1,1571,
bank_1,1,1572,
bank_1,1,1573,
bank_1,1,1574,
bank_1,1,1575,
bank_1,1,1576,
bank_1,1,1577,
bank_1,1,1578,
bank_1,1,1579,
bank_1,1,1580,
bank_1,1,1581,
bank_1,1,1582,
bank_1,1,1583,
bank_1,1,1584,
bank_1,1,1585,
bank_1,1,1586,
bank_1,1,1587,
bank_1,1,1588,
bank_1,1,1589,
bank_1,1,1590,
bank_1,1,1591,
bank_1,1,1592,
bank_1,1,1593,
bank_1,1,1594,
bank_1,1,1595,
bank_1,1,1596,
bank_1,1,1597,
bank_1,1,1598,
bank_1,1,1599,
bank_1,1,1600,
bank_1,1,1601,
bank_1,1,1602,
bank_1,1,1603,
bank_1,1,1604,
bank_1,1,1605,
bank_1,1,1606,
bank_1,1,1607,
bank_1,1,1608,
bank_1,1,1609,
bank_1,1,1610,
bank_1,1,1611,
bank_1,1,1612,
bank_1,1,1613,
bank_1,1,1614,
bank_1,1,1615,
bank_1,1,1616,
bank_1,1,1617,
bank_1,1,1618,
bank_1,1,1619,
bank_1,1,1620,
bank_1,1,1621,
bank_1,1,1622,
bank_1,1,1623,
bank_1,1,1624,
bank_1,1,1625,
bank_1,1,1626,
bank_1,1,1627,
bank_1,1,1628,
bank_1,1,1629,
bank_1,1,1630,
bank_1,1,1631,
bank_1,1,1632,
bank_1,1,1633,
bank_1,1,1634,
bank_1,1,1635,
bank_1,1,1636,
bank_1,1,1637,
bank_1,1,1638,
bank_1,1,1639,
bank_1,1,1640,
bank_1,1,1641,
bank_1,1,1642,
bank_1,1,1643,
bank_1,1,1644,
bank_1,1,1645,
bank_1,1,1646,
bank_1,1,1647,
bank_1,1,1648,
bank_1,1,1649,
bank_1,1,1650,
bank_1,1,1651,
bank_1,1,1652,
bank_1,1,1653,
bank_1,1,1654,
bank_1,1,1655,
bank_1,1,1656,
bank_1,1,1657,
bank_1,1,1658,
bank_1,1,1659,
bank_1,1,1660,
bank_1,1,1661,
bank_1,1,1662,
bank_1,1,1663,
bank_1,1,1664,
bank_1,1,1665,
bank_1,1,1666,
bank_1,1,1667,
bank_1,1,1668,
bank_1,1,1669,
bank_1,1,1670,
bank_1,1,1671,
bank_1,1,1672,
bank_1,1,1673,
bank_1,1,1674,
bank_1,1,1675,
bank_1,1,1676,
bank_1,1,1677,
bank_1,1,1678,
bank_1,1,1679,
bank_1,1,1680,
bank_1,1,1681,
bank_1,1,1682,
bank_1,1,1683,
bank_1,1,1684,
bank_1,1,1685,
bank_1,1,1686,
bank_1,1,1687,
bank_1,1,1688,
bank_1,1,1689,
bank_1,1,1690,
bank_1,1,1691,
bank_1,1,1692,
bank_1,1,1693,
bank_1,1,1694,
bank_1,1,1695,
bank_1,1,1696,
bank_1,1,1697,
bank_1,1,1698,
bank_1,1,1699,
bank_1,1,1700,
bank_1,1,1701,
bank_1,1,1702,
bank_1,1,1703,
bank_1,1,1704,
bank_1,1,1705,
bank_1,1,1706,
bank_1,1,1707,
bank_1,1,1708,
bank_1,1,1709,
bank_1,1,1710,
bank_1,1,1711,
bank_1,1,1712,
bank_1,1,1713,
bank_1,1,1714,
bank_1,1,1715,
bank_1,1,1716,
bank_1,1,1717,
bank_1,1,1718,
bank_1,1,1719,
bank_1,1,1720,
bank_1,1,1721,
bank_1,1,1722,
bank_1,1,1723,
bank_1,1,1724,
bank_1,1,1725,
bank_1,1,1726,
bank_1,1,1727,
bank_1,1,1728,
bank_1,1,1729,
bank_1,1,1730,
bank_1,1,1731,
bank_1,1,1732,
bank_1,1,1733,
bank_1,1,1734,
bank_1,1,1735,
bank_1,1,1736,
bank_1,1,1737,
bank_1,1,1738,
bank_1,1,1739,
bank_1,1,1740,
bank_1,1,1741,
bank_1,1,1742,
bank_1,1,1743,
bank_1,1,1744,
bank_1,1,1745,
bank_1,1,1746,
bank_1,1,1747,
bank_1,1,1748,
bank_1,1,1749,
bank_1,1,1750,
bank_1,1,1751,
bank_1,1,1752,
bank_1,1,1753,
bank_1,1,1754,
bank_1,1,1755,
bank_1,1,1756,
bank_1,1,1757,
bank_1,1,1758,
bank_1,1,1759,
bank_1,1,1760,
bank_1,1,1761,
bank_1,1,1762,
bank_1,1,1763,
bank_1,1,1764,
bank_1,1,1765,
bank_1,1,1766,
bank_1,1,1767,
bank_1,1,1768,
bank_1,1,1769,
bank_1,1,1770,
bank_1,1,1771,
bank_1,1,1772,
bank_1,1,1773,
bank_1,1,1774,
bank_1,1,1775,
bank_1,1,1776,
bank_1,1,1777,
bank_1,1,1778,
bank_1,1,1779,
bank_1,1,1780,
bank_1,1,1781,
bank_1,1,1782,
bank_1,1,1783,
bank_1,1,1784,
bank_1,1,1785,
bank_1,1,1786,
bank_1,1,1787,
bank_1,1,1788,
bank_1,1,1789,
bank_1,1,1790,
bank_1,1,1791,
bank_1,1,1792,
bank_1,1,1793,
bank_1,1,1794,
bank_1,1,1795,
bank_1,1,1796,
bank_1,1,1797,
bank_1,1,1798,
bank_1,1,1799,
bank_1,1,1800,
bank_1,1,1801,
bank_1,1,1802,
bank_1,1,1803,
bank_1,1,1804,
bank_1,1,1805,
bank_1,1,1806,
bank_1,1,1807,
bank_1,1,1808,
bank_1,1,1809,
bank_1,1,1810,
bank_1,1,1811,
bank_1,1,1812,
bank_1,1,1813,
bank_1,1,1814,
bank_1,1,1815,
bank_1,1,1816,
bank_1,1,1817,
bank_1,1,1818,
bank_1,1,1819,
bank_1,1,1820,
bank_1,1,1821,
bank_1,1,1822,
bank_1,1,1823,
bank_1,1,1824,
bank_1,1,1825,
bank_1,1,1826,
bank_1,1,1827,
bank_1,1,1828,
bank_1,1,1829,
bank_1,1,1830,
bank_1,1,1831,
bank_1,1,1832,
bank_1,1,1833,
bank_1,1,1834,
bank_1,1,1835,
bank_1,1,1836,
bank_1,1,1837,
bank_1,1,1838,
bank_1,1,1839,
bank_1,1,1840,
bank_1,1,1841,
bank_1,1,1842,
bank_1,1,1843,
bank_1,1,1844,
bank_1,1,1845,
bank_1,1,1846,
bank_1,1,1847,
bank_1,1,1848,
bank_1,1,1849,
bank_1,1,1850,
bank_1,1,1851,
bank_1,1,1852,
bank_1,1,1853,
bank_1,1,1854,
bank_1,1,1855,
bank_1,1,1856,
bank_1,1,1857,
bank_1,1,1858,
bank_1,1,1859,
bank_1,1,1860,
bank_1,1,1861,
bank_1,1,1862,
bank_1,1,1863,
bank_1,1,1864,
bank_1,1,1865,
bank_1,1,1866,
bank_1,1,1867,
bank_1,1,1868,
bank_1,1,1869,
bank_1,1,1870,
bank_1,1,1871,
bank_1,1,1872,
bank_1,1,1873,
bank_1,1,1874,
bank_1,1,1875,
bank_1,1,1876,
bank_1,1,1877,
bank_1,1,1878,
bank_1,1,1879,
bank_1,1,1880,
bank_1,1,1881,
bank_1,1,1882,
bank_1,1,1883,
bank_1,1,1884,
bank_1,1,1885,
bank_1,1,1886,
bank_1,1,1887,
bank_1,1,1888,
bank_1,1,1889,
bank_1,1,1890,
bank_1,1,1891,
bank_1,1,1892,
bank_1,1,1893,
bank_1,1,1894,
bank_1,1,1895,
bank_1,1,1896,
bank_1,1,1897,
bank_1,1,1898,
bank_1,1,1899,
bank_1,1,1900,
bank_1,1,1901,
bank_1,1,1902,
bank_1,1,1903,
bank_1,1,1904,
bank_1,1,1905,
bank_1,1,1906,
bank_1,1,1907,
bank_1,1,1908,
bank_1,1,1909,
bank_1,1,1910,
bank_1,1,1911,
bank_1,1,1912,
bank_1,1,1913,
bank_1,1,1914,
bank_1,1,1915,
bank_1,1,1916,
bank_1,1,1917,
bank_1,1,1918,
bank_1,1,1919,
bank_1,1,1920,
bank_1,1,1921,
bank_1,1,1922,
bank_1,1,1923,
bank_1,1,1924,
bank_1,1,1925,
bank_1,1,1926,
bank_1,1,1927,
bank_1,1,1928,
bank_1,1,1929,
bank_1,1,1930,
bank_1,1,1931,
bank_1,1,1932,
bank_1,1,1933,
bank_1,1,1934,
bank_1,1,1935,
bank_1,1,1936,
bank_1,1,1937,
bank_1,1,1938,
bank_1,1,1939,
bank_1,1,1940,
bank_1,1,1941,
bank_1,1,1942,
bank_1,1,1943,
bank_1,1,1944,
bank_1,1,1945,
bank_1,1,1946,
bank_1,1,1947,
bank_1,1,1948,
bank_1,1,1949,
bank_1,1,1950,
bank_1,1,1951,
bank_1,1,1952,
bank_1,1,1953,
bank_1,1,1954,
bank_1,1,1955,
bank_1,1,1956,
bank_1,1,1957,
bank_1,1,1958,
bank_1,1,1959,
bank_1,1,1960,
bank_1,1,1961,
bank_1,1,1962,
bank_1,1,1963,
bank_1,1,1964,
bank_1,1,1965,
bank_1,1,1966,
bank_1,1,1967,
bank_1,1,1968,
bank_1,1,1969,
bank_1,1,1970,
bank_1,1,1971,
bank_1,1,1972,
bank_1,1,1973,
bank_1,1,1974,
bank_1,1,1975,
bank_1,1,1976,
bank_1,1,1977,
bank_1,1,1978,
bank_1,1,1979,
bank_1,1,1980,
bank_1,1,1981,
bank_1,1,1982,
bank_1,1,1983,
bank_1,1,1984,
bank_1,1,1985,
bank_1,1,1986,
bank_1,1,1987,
bank_1,1,1988,
bank_1,1,1989,
bank_1,1,1990,
bank_1,1,1991,
bank_1,1,1992,
bank_1,1,1993,
bank_1,1,1994,
bank_1,1,1995,
bank_1,1,1996,
bank_1,1,1997,
bank_1,1,1998,
bank_1,1,1999,
