bank_id,branch_id,acct_id,country
bank_1,1,0,US
bank_1,1,1,US
bank_1,1,2,US
bank_1,1,3,US
bank_1,1,4,US
bank_1,1,5,US
bank_1,1,6,US
bank_1,1,7,US
bank_1,1,8,US
bank_1,1,9,US
bank_1,1,10,US
bank_1,1,11,US
bank_1,1,12,US
bank_1,1,13,US
bank_1,1,14,US
bank_1,1,15,US
bank_1,1,16,US
bank_1,1,17,US
bank_1,1,18,US
bank_1,1,19,US
bank_1,1,20,US
bank_1,1,21,US
bank_1,1,22,US
bank_1,1,23,US
bank_1,1,24,US
bank_1,1,25,US
bank_1,1,26,US
bank_1,1,27,US
bank_1,1,28,US
bank_1,1,29,US
bank_1,1,30,US
bank_1,1,31,US
bank_1,1,32,US
bank_1,1,33,US
bank_1,1,34,US
bank_1,1,35,US
bank_1,1,36,US
bank_1,1,37,US
bank_1,1,38,US
bank_1,1,39,US
bank_1,1,40,US
bank_1,1,41,US
bank_1,1,42,US
bank_1,1,43,US
bank_1,1,44,US
bank_1,1,45,US
bank_1,1,46,US
bank_1,1,47,US
bank_1,1,48,US
bank_1,1,49,US
bank_1,1,50,US
bank_1,1,51,US
bank_1,1,52,US
bank_1,1,53,US
bank_1,1,54,US
bank_1,1,55,US
bank_1,1,56,US
bank_1,1,57,US
bank_1,1,58,US
bank_1,1,59,US
bank_1,1,60,US
bank_1,1,61,US
bank_1,1,62,US
bank_1,1,63,US
bank_1,1,64,US
bank_1,1,65,US
bank_1,1,66,US
bank_1,1,67,US
bank_1,1,68,US
bank_1,1,69,US
bank_1,1,70,US
bank_1,1,71,US
bank_1,1,72,US
bank_1,1,73,US
bank_1,1,74,US
bank_1,1,75,US
bank_1,1,76,US
bank_1,1,77,US
bank_1,1,78,US
bank_1,1,79,US
bank_1,1,80,US
bank_1,1,81,US
bank_1,1,82,US
bank_1,1,83,US
bank_1,1,84,US
bank_1,1,85,US
bank_1,1,86,US
bank_1,1,87,US
bank_1,1,88,US
bank_1,1,89,US
bank_1,1,90,US
bank_1,1,91,US
bank_1,1,92,US
bank_1,1,93,US
bank_1,1,94,US
bank_1,1,95,US
bank_1,1,96,US
bank_1,1,97,US
bank_1,1,98,US
bank_1,1,99,US
bank_1,1,100,US
bank_1,1,101,US
bank_1,1,102,US
bank_1,1,103,US
bank_1,1,104,US
bank_1,1,105,US
bank_1,1,106,US
bank_1,1,107,US
bank_1,1,108,US
bank_1,1,109,US
bank_1,1,110,US
bank_1,1,111,US
bank_1,1,112,US
bank_1,1,113,US
bank_1,1,114,US
bank_1,1,115,US
bank_1,1,116,US
bank_1,1,117,US
bank_1,1,118,US
bank_1,1,119,US
bank_1,1,120,US
bank_1,1,121,US
bank_1,1,122,US
bank_1,1,123,US
bank_1,1,124,US
bank_1,1,125,US
bank_1,1,126,US
bank_1,1,127,US
bank_1,1,128,US
bank_1,1,129,US
bank_1,1,130,US
bank_1,1,131,US
bank_1,1,132,US
bank_1,1,133,US
bank_1,1,134,US
bank_1,1,135,US
bank_1,1,136,US
bank_1,1,137,US
bank_1,1,138,US
bank_1,1,139,US
bank_1,1,140,US
bank_1,1,141,US
bank_1,1,142,US
bank_1,1,143,US
bank_1,1,144,US
bank_1,1,145,US
bank_1,1,146,US
bank_1,1,147,US
bank_1,1,148,US
bank_1,1,149,US
bank_1,1,150,US
bank_1,1,151,US
bank_1,1,152,US
bank_1,1,153,US
bank_1,1,154,US
bank_1,1,155,US
bank_1,1,156,US
bank_1,1,157,US
bank_1,1,158,US
bank_1,1,159,US
bank_1,1,160,US
bank_1,1,161,US
bank_1,1,162,US
bank_1,1,163,US
bank_1,1,164,US
bank_1,1,165,US
bank_1,1,166,US
bank_1,1,167,US
bank_1,1,168,US
bank_1,1,169,US
bank_1,1,170,US
bank_1,1,171,US
bank_1,1,172,US
bank_1,1,173,US
bank_1,1,174,US
bank_1,1,175,US
bank_1,1,176,US
bank_1,1,177,US
bank_1,1,178,US
bank_1,1,179,US
bank_1,1,180,US
bank_1,1,181,US
bank_1,1,182,US
bank_1,1,183,US
bank_1,1,184,US
bank_1,1,185,US
bank_1,1,186,US
bank_1,1,187,US
bank_1,1,188,US
bank_1,1,189,US
bank_1,1,190,US
bank_1,1,191,US
bank_1,1,192,US
bank_1,1,193,US
bank_1,1,194,US
bank_1,1,195,US
bank_1,1,196,US
bank_1,1,197,US
bank_1,1,198,US
bank_1,1,199,US
bank_1,1,200,US
bank_1,1,201,US
bank_1,1,202,US
bank_1,1,203,US
bank_1,1,204,US
bank_1,1,205,US
bank_1,1,206,US
bank_1,1,207,US
bank_1,1,208,US
bank_1,1,209,US
bank_1,1,210,US
bank_1,1,211,US
bank_1,1,212,US
bank_1,1,213,US
bank_1,1,214,US
bank_1,1,215,US
bank_1,1,216,US
bank_1,1,217,US
bank_1,1,218,US
bank_1,1,219,US
bank_1,1,220,US
bank_1,1,221,US
bank_1,1,222,US
bank_1,1,223,US
bank_1,1,224,US
bank_1,1,225,US
bank_1,1,226,US
bank_1,1,227,US
bank_1,1,228,US
bank_1,1,229,US
bank_1,1,230,US
bank_1,1,231,US
bank_1,1,232,US
bank_1,1,233,US
bank_1,1,234,US
bank_1,1,235,US
bank_1,1,236,US
bank_1,1,237,US
bank_1,1,238,US
bank_1,1,239,US
bank_1,1,240,US
bank_1,1,241,US
bank_1,1,242,US
bank_1,1,243,US
bank_1,1,244,US
bank_1,1,245,US
bank_1,1,246,US
bank_1,1,247,US
bank_1,1,248,US
bank_1,1,249,US
bank_1,1,250,US
bank_1,1,251,US
bank_1,1,252,US
bank_1,1,253,US
bank_1,1,254,US
bank_1,1,255,US
bank_1,1,256,US
bank_1,1,257,US
bank_1,1,258,US
bank_1,1,259,US
bank_1,1,260,US
bank_1,1,261,US
bank_1,1,262,US
bank_1,1,263,US
bank_1,1,264,US
bank_1,1,265,US
bank_1,1,266,US
bank_1,1,267,US
bank_1,1,268,US
bank_1,1,269,US
bank_1,1,270,US
bank_1,1,271,US
bank_1,1,272,US
bank_1,1,273,US
bank_1,1,274,US
bank_1,1,275,US
bank_1,1,276,US
bank_1,1,277,US
bank_1,1,278,US
bank_1,1,279,US
bank_1,1,280,US
bank_1,1,281,US
bank_1,1,282,US
bank_1,1,283,US
bank_1,1,284,US
bank_1,1,285,US
bank_1,1,286,US
bank_1,1,287,US
bank_1,1,288,US
bank_1,1,289,US
bank_1,1,290,US
bank_1,1,291,US
bank_1,1,292,US
bank_1,1,293,US
bank_1,1,294,US
bank_1,1,295,US
bank_1,1,296,US
bank_1,1,297,US
bank_1,1,298,US
bank_1,1,299,US
bank_1,1,300,US
bank_1,1,301,US
bank_1,1,302,US
bank_1,1,303,US
bank_1,1,304,US
bank_1,1,305,US
bank_1,1,306,US
bank_1,1,307,US
bank_1,1,308,US
bank_1,1,309,US
bank_1,1,310,US
bank_1,1,311,US
bank_1,1,312,US
bank_1,1,313,US
bank_1,1,314,US
bank_1,1,315,US
bank_1,1,316,US
bank_1,1,317,US
bank_1,1,318,US
bank_1,1,319,US
bank_1,1,320,US
bank_1,1,321,US
bank_1,1,322,US
bank_1,1,323,US
bank_1,1,324,US
bank_1,1,325,US
bank_1,1,326,US
bank_1,1,327,US
bank_1,1,328,US
bank_1,1,329,US
bank_1,1,330,US
bank_1,1,331,US
bank_1,1,332,US
bank_1,1,333,US
bank_1,1,334,US
bank_1,1,335,US
bank_1,1,336,US
bank_1,1,337,US
bank_1,1,338,US
bank_1,1,339,US
bank_1,1,340,US
bank_1,1,341,US
bank_1,1,342,US
bank_1,1,343,US
bank_1,1,344,US
bank_1,1,345,US
bank_1,1,346,US
bank_1,1,347,US
bank_1,1,348,US
bank_1,1,349,US
bank_1,1,350,US
bank_1,1,351,US
bank_1,1,352,US
bank_1,1,353,US
bank_1,1,354,US
bank_1,1,355,US
bank_1,1,356,US
bank_1,1,357,US
bank_1,1,358,US
bank_1,1,359,US
bank_1,1,360,US
bank_1,1,361,US
bank_1,1,362,US
bank_1,1,363,US
bank_1,1,364,US
bank_1,1,365,US
bank_1,1,366,US
bank_1,1,367,US
bank_1,1,368,US
bank_1,1,369,US
bank_1,1,370,US
bank_1,1,371,US
bank_1,1,372,US
bank_1,1,373,US
bank_1,1,374,US
bank_1,1,375,US
bank_1,1,376,US
bank_1,1,377,US
bank_1,1,378,US
bank_1,1,379,US
bank_1,1,380,US
bank_1,1,381,US
bank_1,1,382,US
bank_1,1,383,US
bank_1,1,384,US
bank_1,1,385,US
bank_1,1,386,US
bank_1,1,387,US
bank_1,1,388,US
bank_1,1,389,US
bank_1,1,390,US
bank_1,1,391,US
bank_1,1,392,US
bank_1,1,393,US
bank_1,1,394,US
bank_1,1,395,US
bank_1,1,396,US
bank_1,1,397,US
bank_1,1,398,US
bank_1,1,399,US
bank_1,1,400,US
bank_1,1,401,US
bank_1,1,402,US
bank_1,1,403,US
bank_1,1,404,US
bank_1,1,405,US
bank_1,1,406,US
bank_1,1,407,US
bank_1,1,408,US
bank_1,1,409,US
bank_1,1,410,US
bank_1,1,411,US
bank_1,1,412,US
bank_1,1,413,US
bank_1,1,414,US
bank_1,1,415,US
bank_1,1,416,US
bank_1,1,417,US
bank_1,1,418,US
bank_1,1,419,US
bank_1,1,420,US
bank_1,1,421,US
bank_1,1,422,US
bank_1,1,423,US
bank_1,1,424,US
bank_1,1,425,US
bank_1,1,426,US
bank_1,1,427,US
bank_1,1,428,US
bank_1,1,429,US
bank_1,1,430,US
bank_1,1,431,US
bank_1,1,432,US
bank_1,1,433,US
bank_1,1,434,US
bank_1,1,435,US
bank_1,1,436,US
bank_1,1,437,US
bank_1,1,438,US
bank_1,1,439,US
bank_1,1,440,US
bank_1,1,441,US
bank_1,1,442,US
bank_1,1,443,US
bank_1,1,444,US
bank_1,1,445,US
bank_1,1,446,US
bank_1,1,447,US
bank_1,1,448,US
bank_1,1,449,US
bank_1,1,450,US
bank_1,1,451,US
bank_1,1,452,US
bank_1,1,453,US
bank_1,1,454,US
bank_1,1,455,US
bank_1,1,456,US
bank_1,1,457,US
bank_1,1,458,US
bank_1,1,459,US
bank_1,1,460,US
bank_1,1,461,US
bank_1,1,462,US
bank_1,1,463,US
bank_1,1,464,US
bank_1,1,465,US
bank_1,1,466,US
bank_1,1,467,US
bank_1,1,468,US
bank_1,1,469,US
bank_1,1,470,US
bank_1,1,471,US
bank_1,1,472,US
bank_1,1,473,US
bank_1,1,474,US
bank_1,1,475,US
bank_1,1,476,US
bank_1,1,477,US
bank_1,1,478,US
bank_1,1,479,US
bank_1,1,480,US
bank_1,1,481,US
bank_1,1,482,US
bank_1,1,483,US
bank_1,1,484,US
bank_1,1,485,US
bank_1,1,486,US
bank_1,1,487,US
bank_1,1,488,US
bank_1,1,489,US
bank_1,1,490,US
bank_1,1,491,US
bank_1,1,492,US
bank_1,1,493,US
bank_1,1,494,US
bank_1,1,495,US
bank_1,1,496,US
bank_1,1,497,US
bank_1,1,498,US
bank_1,1,499,US
bank_1,1,500,US
bank_1,1,501,US
bank_1,1,502,US
bank_1,1,503,US
bank_1,1,504,US
bank_1,1,505,US
bank_1,1,506,US
bank_1,1,507,US
bank_1,1,508,US
bank_1,1,509,US
bank_1,1,510,US
bank_1,1,511,US
bank_1,1,512,US
bank_1,1,513,US
bank_1,1,514,US
bank_1,1,515,US
bank_1,1,516,US
bank_1,1,517,US
bank_1,1,518,US
bank_1,1,519,US
bank_1,1,520,US
bank_1,1,521,US
bank_1,1,522,US
bank_1,1,523,US
bank_1,1,524,US
bank_1,1,525,US
bank_1,1,526,US
bank_1,1,527,US
bank_1,1,528,US
bank_1,1,529,US
bank_1,1,530,US
bank_1,1,531,US
bank_1,1,532,US
bank_1,1,533,US
bank_1,1,534,US
bank_1,1,535,US
bank_1,1,536,US
bank_1,1,537,US
bank_1,1,538,US
bank_1,1,539,US
bank_1,1,540,US
bank_1,1,541,US
bank_1,1,542,US
bank_1,1,543,US
bank_1,1,544,US
bank_1,1,545,US
bank_1,1,546,US
bank_1,1,547,US
bank_1,1,548,US
bank_1,1,549,US
bank_1,1,550,US
bank_1,1,551,US
bank_1,1,552,US
bank_1,1,553,US
bank_1,1,554,US
bank_1,1,555,US
bank_1,1,556,US
bank_1,1,557,US
bank_1,1,558,US
bank_1,1,559,US
bank_1,1,560,US
bank_1,1,561,US
bank_1,1,562,US
bank_1,1,563,US
bank_1,1,564,US
bank_1,1,565,US
bank_1,1,566,US
bank_1,1,567,US
bank_1,1,568,US
bank_1,1,569,US
bank_1,1,570,US
bank_1,1,571,US
bank_1,1,572,US
bank_1,1,573,US
bank_1,1,574,US
bank_1,1,575,US
bank_1,1,576,US
bank_1,1,577,US
bank_1,1,578,US
bank_1,1,579,US
bank_1,1,580,US
bank_1,1,581,US
bank_1,1,582,US
bank_1,1,583,US
bank_1,1,584,US
bank_1,1,585,US
bank_1,1,586,US
bank_1,1,587,US
bank_1,1,588,US
bank_1,1,589,US
bank_1,1,590,US
bank_1,1,591,US
bank_1,1,592,US
bank_1,1,593,US
bank_1,1,594,US
bank_1,1,595,US
bank_1,1,596,US
bank_1,1,597,US
bank_1,1,598,US
bank_1,1,599,US
bank_1,1,600,US
bank_1,1,601,US
bank_1,1,602,US
bank_1,1,603,US
bank_1,1,604,US
bank_1,1,605,US
bank_1,1,606,US
bank_1,1,607,US
bank_1,1,608,US
bank_1,1,609,US
bank_1,1,610,US
bank_1,1,611,US
bank_1,1,612,US
bank_1,1,613,US
bank_1,1,614,US
bank_1,1,615,US
bank_1,1,616,US
bank_1,1,617,US
bank_1,1,618,US
bank_1,1,619,US
bank_1,1,620,US
bank_1,1,621,US
bank_1,1,622,US
bank_1,1,623,US
bank_1,1,624,US
bank_1,1,625,US
bank_1,1,626,US
bank_1,1,627,US
bank_1,1,628,US
bank_1,1,629,US
bank_1,1,630,US
bank_1,1,631,US
bank_1,1,632,US
bank_1,1,633,US
bank_1,1,634,US
bank_1,1,635,US
bank_1,1,636,US
bank_1,1,637,US
bank_1,1,638,US
bank_1,1,639,US
bank_1,1,640,US
bank_1,1,641,US
bank_1,1,642,US
bank_1,1,643,US
bank_1,1,644,US
bank_1,1,645,US
bank_1,1,646,US
bank_1,1,647,US
bank_1,1,648,US
bank_1,1,649,US
bank_1,1,650,US
bank_1,1,651,US
bank_1,1,652,US
bank_1,1,653,US
bank_1,1,654,US
bank_1,1,655,US
bank_1,1,656,US
bank_1,1,657,US
bank_1,1,658,US
bank_1,1,659,US
bank_1,1,660,US
bank_1,1,661,US
bank_1,1,662,US
bank_1,1,663,US
bank_1,1,664,US
bank_1,1,665,US
bank_1,1,666,US
bank_1,1,667,US
bank_1,1,668,US
bank_1,1,669,US
bank_1,1,670,US
bank_1,1,671,US
bank_1,1,672,US
bank_1,1,673,US
bank_1,1,674,US
bank_1,1,675,US
bank_1,1,676,US
bank_1,1,677,US
bank_1,1,678,US
bank_1,1,679,US
bank_1,1,680,US
bank_1,1,681,US
bank_1,1,682,US
bank_1,1,683,US
bank_1,1,684,US
bank_1,1,685,US
bank_1,1,686,US
bank_1,1,687,US
bank_1,1,688,US
bank_1,1,689,US
bank_1,1,690,US
bank_1,1,691,US
bank_1,1,692,US
bank_1,1,693,US
bank_1,1,694,US
bank_1,1,695,US
bank_1,1,696,US
bank_1,1,697,US
bank_1,1,698,US
bank_1,1,699,US
bank_1,1,700,US
bank_1,1,701,US
bank_1,1,702,US
bank_1,1,703,US
bank_1,1,704,US
bank_1,1,705,US
bank_1,1,706,US
bank_1,1,707,US
bank_1,1,708,US
bank_1,1,709,US
bank_1,1,710,US
bank_1,1,711,US
bank_1,1,712,US
bank_1,1,713,US
bank_1,1,714,US
bank_1,1,715,US
bank_1,1,716,US
bank_1,1,717,US
bank_1,1,718,US
bank_1,1,719,US
bank_1,1,720,US
bank_1,1,721,US
bank_1,1,722,US
bank_1,1,723,US
bank_1,1,724,US
bank_1,1,725,US
bank_1,1,726,US
bank_1,1,727,US
bank_1,1,728,US
bank_1,1,729,US
bank_1,1,730,US
bank_1,1,731,US
bank_1,1,732,US
bank_1,1,733,US
bank_1,1,734,US
bank_1,1,735,US
bank_1,1,736,US
bank_1,1,737,US
bank_1,1,738,US
bank_1,1,739,US
bank_1,1,740,US
bank_1,1,741,US
bank_1,1,742,US
bank_1,1,743,US
bank_1,1,744,US
bank_1,1,745,US
bank_1,1,746,US
bank_1,1,747,US
bank_1,1,748,US
bank_1,1,749,US
bank_1,1,750,US
bank_1,1,751,US
bank_1,1,752,US
bank_1,1,753,US
bank_1,1,754,US
bank_1,1,755,US
bank_1,1,756,US
bank_1,1,757,US
bank_1,1,758,US
bank_1,1,759,US
bank_1,1,760,US
bank_1,1,761,US
bank_1,1,762,US
bank_1,1,763,US
bank_1,1,764,US
bank_1,1,765,US
bank_1,1,766,US
bank_1,1,767,US
bank_1,1,768,US
bank_1,1,769,US
bank_1,1,770,US
bank_1,1,771,US
bank_1,1,772,US
bank_1,1,773,US
bank_1,1,774,US
bank_1,1,775,US
bank_1,1,776,US
bank_1,1,777,US
bank_1,1,778,US
bank_1,1,779,US
bank_1,1,780,US
bank_1,1,781,US
bank_1,1,782,US
bank_1,1,783,US
bank_1,1,784,US
bank_1,1,785,US
bank_1,1,786,US
bank_1,1,787,US
bank_1,1,788,US
bank_1,1,789,US
bank_1,1,790,US
bank_1,1,791,US
bank_1,1,792,US
bank_1,1,793,US
bank_1,1,794,US
bank_1,1,795,US
bank_1,1,796,US
bank_1,1,797,US
bank_1,1,798,US
bank_1,1,799,US
bank_1,1,800,US
bank_1,1,801,US
bank_1,1,802,US
bank_1,1,803,US
bank_1,1,804,US
bank_1,1,805,US
bank_1,1,806,US
bank_1,1,807,US
bank_1,1,808,US
bank_1,1,809,US
bank_1,1,810,US
bank_1,1,811,US
bank_1,1,812,US
bank_1,1,813,US
bank_1,1,814,US
bank_1,1,815,US
bank_1,1,816,US
bank_1,1,817,US
bank_1,1,818,US
bank_1,1,819,US
bank_1,1,820,US
bank_1,1,821,US
bank_1,1,822,US
bank_1,1,823,US
bank_1,1,824,US
bank_1,1,825,US
bank_1,1,826,US
bank_1,1,827,US
bank_1,1,828,US
bank_1,1,829,US
bank_1,1,830,US
bank_1,1,831,US
bank_1,1,832,US
bank_1,1,833,US
bank_1,1,834,US
bank_1,1,835,US
bank_1,1,836,US
bank_1,1,837,US
bank_1,1,838,US
bank_1,1,839,US
bank_1,1,840,US
bank_1,1,841,US
bank_1,1,842,US
bank_1,1,843,US
bank_1,1,844,US
bank_1,1,845,US
bank_1,1,846,US
bank_1,1,847,US
bank_1,1,848,US
bank_1,1,849,US
bank_1,1,850,US
bank_1,1,851,US
bank_1,1,852,US
bank_1,1,853,US
bank_1,1,854,US
bank_1,1,855,US
bank_1,1,856,US
bank_1,1,857,US
bank_1,1,858,US
bank_1,1,859,US
bank_1,1,860,US
bank_1,1,861,US
bank_1,1,862,US
bank_1,1,863,US
bank_1,1,864,US
bank_1,1,865,US
bank_1,1,866,US
bank_1,1,867,US
bank_1,1,868,US
bank_1,1,869,US
bank_1,1,870,US
bank_1,1,871,US
bank_1,1,872,US
bank_1,1,873,US
bank_1,1,874,US
bank_1,1,875,US
bank_1,1,876,US
bank_1,1,877,US
bank_1,1,878,US
bank_1,1,879,US
bank_1,1,880,US
bank_1,1,881,US
bank_1,1,882,US
bank_1,1,883,US
bank_1,1,884,US
bank_1,1,885,US
bank_1,1,886,US
bank_1,1,887,US
bank_1,1,888,US
bank_1,1,889,US
bank_1,1,890,US
bank_1,1,891,US
bank_1,1,892,US
bank_1,1,893,US
bank_1,1,894,US
bank_1,1,895,US
bank_1,1,896,US
bank_1,1,897,US
bank_1,1,898,US
bank_1,1,899,US
bank_1,1,900,US
bank_1,1,901,US
bank_1,1,902,US
bank_1,1,903,US
bank_1,1,904,US
bank_1,1,905,US
bank_1,1,906,US
bank_1,1,907,US
bank_1,1,908,US
bank_1,1,909,US
bank_1,1,910,US
bank_1,1,911,US
bank_1,1,912,US
bank_1,1,913,US
bank_1,1,914,US
bank_1,1,915,US
bank_1,1,916,US
bank_1,1,917,US
bank_1,1,918,US
bank_1,1,919,US
bank_1,1,920,US
bank_1,1,921,US
bank_1,1,922,US
bank_1,1,923,US
bank_1,1,924,US
bank_1,1,925,US
bank_1,1,926,US
bank_1,1,927,US
bank_1,1,928,US
bank_1,1,929,US
bank_1,1,930,US
bank_1,1,931,US
bank_1,1,932,US
bank_1,1,933,US
bank_1,1,934,US
bank_1,1,935,US
bank_1,1,936,US
bank_1,1,937,US
bank_1,1,938,US
bank_1,1,939,US
bank_1,1,940,US
bank_1,1,941,US
bank_1,1,942,US
bank_1,1,943,US
bank_1,1,944,US
bank_1,1,945,US
bank_1,1,946,US
bank_1,1,947,US
bank_1,1,948,US
bank_1,1,949,US
bank_1,1,950,US
bank_1,1,951,US
bank_1,1,952,US
bank_1,1,953,US
bank_1,1,954,US
bank_1,1,955,US
bank_1,1,956,US
bank_1,1,957,US
bank_1,1,958,US
bank_1,1,959,US
bank_1,1,960,US
bank_1,1,961,US
bank_1,1,962,US
bank_1,1,963,US
bank_1,1,964,US
bank_1,1,965,US
bank_1,1,966,US
bank_1,1,967,US
bank_1,1,968,US
bank_1,1,969,US
bank_1,1,970,US
bank_1,1,971,US
bank_1,1,972,US
bank_1,1,973,US
bank_1,1,974,US
bank_1,1,975,US
bank_1,1,976,US
bank_1,1,977,US
bank_1,1,978,US
bank_1,1,979,US
bank_1,1,980,US
bank_1,1,981,US
bank_1,1,982,US
bank_1,1,983,US
bank_1,1,984,US
bank_1,1,985,US
bank_1,1,986,US
bank_1,1,987,US
bank_1,1,988,US
bank_1,1,989,US
bank_1,1,990,US
bank_1,1,991,US
bank_1,1,992,US
bank_1,1,993,US
bank_1,1,994,US
bank_1,1,995,US
bank_1,1,996,US
bank_1,1,997,US
bank_1,1,998,US
bank_1,1,999,US
bank_1,1,1000,US
bank_1,1,1001,US
bank_1,1,1002,US
bank_1,1,1003,US
bank_1,1,1004,US
bank_1,1,1005,US
bank_1,1,1006,US
bank_1,1,1007,US
bank_1,1,1008,US
bank_1,1,1009,US
bank_1,1,1010,US
bank_1,1,1011,US
bank_1,1,1012,US
bank_1,1,1013,US
bank_1,1,1014,US
bank_1,1,1015,US
bank_1,1,1016,US
bank_1,1,1017,US
bank_1,1,1018,US
bank_1,1,1019,US
bank_1,1,1020,US
bank_1,1,1021,US
bank_1,1,1022,US
bank_1,1,1023,US
bank_1,1,1024,US
bank_1,1,1025,US
bank_1,1,1026,US
bank_1,1,1027,US
bank_1,1,1028,US
bank_1,1,1029,US
bank_1,1,1030,US
bank_1,1,1031,US
bank_1,1,1032,US
bank_1,1,1033,US
bank_1,1,1034,US
bank_1,1,1035,US
bank_1,1,1036,US
bank_1,1,1037,US
bank_1,1,1038,US
bank_1,1,1039,US
bank_1,1,1040,US
bank_1,1,1041,US
bank_1,1,1042,US
bank_1,1,1043,US
bank_1,1,1044,US
bank_1,1,1045,US
bank_1,1,1046,US
bank_1,1,1047,US
bank_1,1,1048,US
bank_1,1,1049,US
bank_1,1,1050,US
bank_1,1,1051,US
bank_1,1,1052,US
bank_1,1,1053,US
bank_1,1,1054,US
bank_1,1,1055,US
bank_1,1,1056,US
bank_1,1,1057,US
bank_1,1,1058,US
bank_1,1,1059,US
bank_1,1,1060,US
bank_1,1,1061,US
bank_1,1,1062,US
bank_1,1,1063,US
bank_1,1,1064,US
bank_1,1,1065,US
bank_1,1,1066,US
bank_1,1,1067,US
bank_1,1,1068,US
bank_1,1,1069,US
bank_1,1,1070,US
bank_1,1,1071,US
bank_1,1,1072,US
bank_1,1,1073,US
bank_1,1,1074,US
bank_1,1,1075,US
bank_1,1,1076,US
bank_1,1,1077,US
bank_1,1,1078,US
bank_1,1,1079,US
bank_1,1,1080,US
bank_1,1,1081,US
bank_1,1,1082,US
bank_1,1,1083,US
bank_1,1,1084,US
bank_1,1,1085,US
bank_1,1,1086,US
bank_1,1,1087,US
bank_1,1,1088,US
bank_1,1,1089,US
bank_1,1,1090,US
bank_1,1,1091,US
bank_1,1,1092,US
bank_1,1,1093,US
bank_1,1,1094,US
bank_1,1,1095,US
bank_1,1,1096,US
bank_1,1,1097,US
bank_1,1,1098,US
bank_1,1,1099,US
bank_1,1,1100,US
bank_1,1,1101,US
bank_1,1,1102,US
bank_1,1,1103,US
bank_1,1,1104,US
bank_1,1,1105,US
bank_1,1,1106,US
bank_1,1,1107,US
bank_1,1,1108,US
bank_1,1,1109,US
bank_1,1,1110,US
bank_1,1,1111,US
bank_1,1,1112,US
bank_1,1,1113,US
bank_1,1,1114,US
bank_1,1,1115,US
bank_1,1,1116,US
bank_1,1,1117,US
bank_1,1,1118,US
bank_1,1,1119,US
bank_1,1,1120,US
bank_1,1,1121,US
bank_1,1,1122,US
bank_1,1,1123,US
bank_1,1,1124,US
bank_1,1,1125,US
bank_1,1,1126,US
bank_1,1,1127,US
bank_1,1,1128,US
bank_1,1,1129,US
bank_1,1,1130,US
bank_1,1,1131,US
bank_1,1,1132,US
bank_1,1,1133,US
bank_1,1,1134,US
bank_1,1,1135,US
bank_1,1,1136,US
bank_1,1,1137,US
bank_1,1,1138,US
bank_1,1,1139,US
bank_1,1,1140,US
bank_1,1,1141,US
bank_1,1,1142,US
bank_1,1,1143,US
bank_1,1,1144,US
bank_1,1,1145,US
bank_1,1,1146,US
bank_1,1,1147,US
bank_1,1,1148,US
bank_1,1,1149,US
bank_1,1,1150,US
bank_1,1,1151,US
bank_1,1,1152,US
bank_1,1,1153,US
bank_1,1,1154,US
bank_1,1,1155,US
bank_1,1,1156,US
bank_1,1,1157,US
bank_1,1,1158,US
bank_1,1,1159,US
bank_1,1,1160,US
bank_1,1,1161,US
bank_1,1,1162,US
bank_1,1,1163,US
bank_1,1,1164,US
bank_1,1,1165,US
bank_1,1,1166,US
bank_1,1,1167,US
bank_1,1,1168,US
bank_1,1,1169,US
bank_1,1,1170,US
bank_1,1,1171,US
bank_1,1,1172,US
bank_1,1,1173,US
bank_1,1,1174,US
bank_1,1,1175,US
bank_1,1,1176,US
bank_1,1,1177,US
bank_1,1,1178,US
bank_1,1,1179,US
bank_1,1,1180,US
bank_1,1,1181,US
bank_1,1,1182,US
bank_1,1,1183,US
bank_1,1,1184,US
bank_1,1,1185,US
bank_1,1,1186,US
bank_1,1,1187,US
bank_1,1,1188,US
bank_1,1,1189,US
bank_1,1,1190,US
bank_1,1,1191,US
bank_1,1,1192,US
bank_1,1,1193,US
bank_1,1,1194,US
bank_1,1,1195,US
bank_1,1,1196,US
bank_1,1,1197,US
bank_1,1,1198,US
bank_1,1,1199,US
bank_1,1,1200,US
bank_1,1,1201,US
bank_1,1,1202,US
bank_1,1,1203,US
bank_1,1,1204,US
bank_1,1,1205,US
bank_1,1,1206,US
bank_1,1,1207,US
bank_1,1,1208,US
bank_1,1,1209,US
bank_1,1,1210,US
bank_1,1,1211,US
bank_1,1,1212,US
bank_1,1,1213,US
bank_1,1,1214,US
bank_1,1,1215,US
bank_1,1,1216,US
bank_1,1,1217,US
bank_1,1,1218,US
bank_1,1,1219,US
bank_1,1,1220,US
bank_1,1,1221,US
bank_1,1,1222,US
bank_1,1,1223,US
bank_1,1,1224,US
bank_1,1,1225,US
bank_1,1,1226,US
bank_1,1,1227,US
bank_1,1,1228,US
bank_1,1,1229,US
bank_1,1,1230,US
bank_1,1,1231,US
bank_1,1,1232,US
bank_1,1,1233,US
bank_1,1,1234,US
bank_1,1,1235,US
bank_1,1,1236,US
bank_1,1,1237,US
bank_1,1,1238,US
bank_1,1,1239,US
bank_1,1,1240,US
bank_1,1,1241,US
bank_1,1,1242,US
bank_1,1,1243,US
bank_1,1,1244,US
bank_1,1,1245,US
bank_1,1,1246,US
bank_1,1,1247,US
bank_1,1,1248,US
bank_1,1,1249,US
bank_1,1,1250,US
bank_1,1,1251,US
bank_1,1,1252,US
bank_1,1,1253,US
bank_1,1,1254,US
bank_1,1,1255,US
bank_1,1,1256,US
bank_1,1,1257,US
bank_1,1,1258,US
bank_1,1,1259,US
bank_1,1,1260,US
bank_1,1,1261,US
bank_1,1,1262,US
bank_1,1,1263,US
bank_1,1,1264,US
bank_1,1,1265,US
bank_1,1,1266,US
bank_1,1,1267,US
bank_1,1,1268,US
bank_1,1,1269,US
bank_1,1,1270,US
bank_1,1,1271,US
bank_1,1,1272,US
bank_1,1,1273,US
bank_1,1,1274,US
bank_1,1,1275,US
bank_1,1,1276,US
bank_1,1,1277,US
bank_1,1,1278,US
bank_1,1,1279,US
bank_1,1,1280,US
bank_1,1,1281,US
bank_1,1,1282,US
bank_1,1,1283,US
bank_1,1,1284,US
bank_1,1,1285,US
bank_1,1,1286,US
bank_1,1,1287,US
bank_1,1,1288,US
bank_1,1,1289,US
bank_1,1,1290,US
bank_1,1,1291,US
bank_1,1,1292,US
bank_1,1,1293,US
bank_1,1,1294,US
bank_1,1,1295,US
bank_1,1,1296,US
bank_1,1,1297,US
bank_1,1,1298,US
bank_1,1,1299,US
bank_1,1,1300,US
bank_1,1,1301,US
bank_1,1,1302,US
bank_1,1,1303,US
bank_1,1,1304,US
bank_1,1,1305,US
bank_1,1,1306,US
bank_1,1,1307,US
bank_1,1,1308,US
bank_1,1,1309,US
bank_1,1,1310,US
bank_1,1,1311,US
bank_1,1,1312,US
bank_1,1,1313,US
bank_1,1,1314,US
bank_1,1,1315,US
bank_1,1,1316,US
bank_1,1,1317,US
bank_1,1,1318,US
bank_1,1,1319,US
bank_1,1,1320,US
bank_1,1,1321,US
bank_1,1,1322,US
bank_1,1,1323,US
bank_1,1,1324,US
bank_1,1,1325,US
bank_1,1,1326,US
bank_1,1,1327,US
bank_1,1,1328,US
bank_1,1,1329,US
bank_1,1,1330,US
bank_1,1,1331,US
bank_1,1,1332,US
bank_1,1,1333,US
bank_1,1,1334,US
bank_1,1,1335,US
bank_1,1,1336,US
bank_1,1,1337,US
bank_1,1,1338,US
bank_1,1,1339,US
bank_1,1,1340,US
bank_1,1,1341,US
bank_1,1,1342,US
bank_1,1,1343,US
bank_1,1,1344,US
bank_1,1,1345,US
bank_1,1,1346,US
bank_1,1,1347,US
bank_1,1,1348,US
bank_1,1,1349,US
bank_1,1,1350,US
bank_1,1,1351,US
bank_1,1,1352,US
bank_1,1,1353,US
bank_1,1,1354,US
bank_1,1,1355,US
bank_1,1,1356,US
bank_1,1,1357,US
bank_1,1,1358,US
bank_1,1,1359,US
bank_1,1,1360,US
bank_1,1,1361,US
bank_1,1,1362,US
bank_1,1,1363,US
bank_1,1,1364,US
bank_1,1,1365,US
bank_1,1,1366,US
bank_1,1,1367,US
bank_1,1,1368,US
bank_1,1,1369,US
bank_1,1,1370,US
bank_1,1,1371,US
bank_1,1,1372,US
bank_1,1,1373,US
bank_1,1,1374,US
bank_1,1,1375,US
bank_1,1,1376,US
bank_1,1,1377,US
bank_1,1,1378,US
bank_1,1,1379,US
bank_1,1,1380,US
bank_1,1,1381,US
bank_1,1,1382,US
bank_1,1,1383,US
bank_1,1,1384,US
bank_1,1,1385,US
bank_1,1,1386,US
bank_1,1,1387,US
bank_1,1,1388,US
bank_1,1,1389,US
bank_1,1,1390,US
bank_1,1,1391,US
bank_1,1,1392,US
bank_1,1,1393,US
bank_1,1,1394,US
bank_1,1,1395,US
bank_1,1,1396,US
bank_1,1,1397,US
bank_1,1,1398,US
bank_1,1,1399,US
bank_1,1,1400,US
bank_1,1,1401,US
bank_1,1,1402,US
bank_1,1,1403,US
bank_1,1,1404,US
bank_1,1,1405,US
bank_1,1,1406,US
bank_1,1,1407,US
bank_1,1,1408,US
bank_1,1,1409,US
bank_1,1,1410,US
bank_1,1,1411,US
bank_1,1,1412,US
bank_1,1,1413,US
bank_1,1,1414,US
bank_1,1,1415,US
bank_1,1,1416,US
bank_1,1,1417,US
bank_1,1,1418,US
bank_1,1,1419,US
bank_1,1,1420,US
bank_1,1,1421,US
bank_1,1,1422,US
bank_1,1,1423,US
bank_1,1,1424,US
bank_1,1,1425,US
bank_1,1,1426,US
bank_1,1,1427,US
bank_1,1,1428,US
bank_1,1,1429,US
bank_1,1,1430,US
bank_1,1,1431,US
bank_1,1,1432,US
bank_1,1,1433,US
bank_1,1,1434,US
bank_1,1,1435,US
bank_1,1,1436,US
bank_1,1,1437,US
bank_1,1,1438,US
bank_1,1,1439,US
bank_1,1,1440,US
bank_1,1,1441,US
bank_1,1,1442,US
bank_1,1,1443,US
bank_1,1,1444,US
bank_1,1,1445,US
bank_1,1,1446,US
bank_1,1,1447,US
bank_1,1,1448,US
bank_1,1,1449,US
bank_1,1,1450,US
bank_1,1,1451,US
bank_1,1,1452,US
bank_1,1,1453,US
bank_1,1,1454,US
bank_1,1,1455,US
bank_1,1,1456,US
bank_1,1,1457,US
bank_1,1,1458,US
bank_1,1,1459,US
bank_1,1,1460,US
bank_1,1,1461,US
bank_1,1,1462,US
bank_1,1,1463,US
bank_1,1,1464,US
bank_1,1,1465,US
bank_1,1,1466,US
bank_1,1,1467,US
bank_1,1,1468,US
bank_1,1,1469,US
bank_1,1,1470,US
bank_1,1,1471,US
bank_1,1,1472,US
bank_1,1,1473,US
bank_1,1,1474,US
bank_1,1,1475,US
bank_1,1,1476,US
bank_1,1,1477,US
bank_1,1,1478,US
bank_1,1,1479,US
bank_1,1,1480,US
bank_1,1,1481,US
bank_1,1,1482,US
bank_1,1,1483,US
bank_1,1,1484,US
bank_1,1,1485,US
bank_1,1,1486,US
bank_1,1,1487,US
bank_1,1,1488,US
bank_1,1,1489,US
bank_1,1,1490,US
bank_1,1,1491,US
bank_1,1,1492,US
bank_1,1,1493,US
bank_1,1,1494,US
bank_1,1,1495,US
bank_1,1,1496,US
bank_1,1,1497,US
bank_1,1,1498,US
bank_1,1,1499,US
bank_1,1,1500,US
bank_1,1,1501,US
bank_1,1,1502,US
bank_1,1,1503,US
bank_1,1,1504,US
bank_1,1,1505,US
bank_1,1,1506,US
bank_1,1,1507,US
bank_1,1,1508,US
bank_1,1,1509,US
bank_1,1,1510,US
bank_1,1,1511,US
bank_1,1,1512,US
bank_1,1,1513,US
bank_1,1,1514,US
bank_1,1,1515,US
bank_1,1,1516,US
bank_1,1,1517,US
bank_1,1,1518,US
bank_1,1,1519,US
bank_1,1,1520,US
bank_1,1,1521,US
bank_1,1,1522,US
bank_1,1,1523,US
bank_1,1,1524,US
bank_1,1,1525,US
bank_1,1,1526,US
bank_1,1,1527,US
bank_1,1,1528,US
bank_1,1,1529,US
bank_1,1,1530,US
bank_1,1,1531,US
bank_1,1,1532,US
bank_1,1,1533,US
bank_1,1,1534,US
bank_1,1,1535,US
bank_1,1,1536,US
bank_1,1,1537,US
bank_1,1,1538,US
bank_1,1,1539,US
bank_1,1,1540,US
bank_1,1,1541,US
bank_1,1,1542,US
bank_1,1,1543,US
bank_1,1,1544,US
bank_1,1,1545,US
bank_1,1,1546,US
bank_1,1,1547,US
bank_1,1,1548,US
bank_1,1,1549,US
bank_1,1,1550,US
bank_1,1,1551,US
bank_1,1,1552,US
bank_1,1,1553,US
bank_1,1,1554,US
bank_1,1,1555,US
bank_1,1,1556,US
bank_1,1,1557,US
bank_1,1,1558,US
bank_1,1,1559,US
bank_1,1,1560,US
bank_1,1,1561,US
bank_1,1,1562,US
bank_1,1,1563,US
bank_1,1,1564,US
bank_1,1,1565,US
bank_1,1,1566,US
bank_1,1,1567,US
bank_1,1,1568,US
bank_1,1,1569,US
bank_1,1,1570,US
bank_1,1,1571,US
bank_1,1,1572,US
bank_1,1,1573,US
bank_1,1,1574,US
bank_1,1,1575,US
bank_1,1,1576,US
bank_1,1,1577,US
bank_1,1,1578,US
bank_1,1,1579,US
bank_1,1,1580,US
bank_1,1,1581,US
bank_1,1,1582,US
bank_1,1,1583,US
bank_1,1,1584,US
bank_1,1,1585,US
bank_1,1,1586,US
bank_1,1,1587,US
bank_1,1,1588,US
bank_1,1,1589,US
bank_1,1,1590,US
bank_1,1,1591,US
bank_1,1,1592,US
bank_1,1,1593,US
bank_1,1,1594,US
bank_1,1,1595,US
bank_1,1,1596,US
bank_1,1,1597,US
bank_1,1,1598,US
bank_1,1,1599,US
bank_1,1,1600,US
bank_1,1,1601,US
bank_1,1,1602,US
bank_1,1,1603,US
bank_1,1,1604,US
bank_1,1,1605,US
bank_1,1,1606,US
bank_1,1,1607,US
bank_1,1,1608,US
bank_1,1,1609,US
bank_1,1,1610,US
bank_1,1,1611,US
bank_1,1,1612,US
bank_1,1,1613,US
bank_1,1,1614,US
bank_1,1,1615,US
bank_1,1,1616,US
bank_1,1,1617,US
bank_1,1,1618,US
bank_1,1,1619,US
bank_1,1,1620,US
bank_1,1,1621,US
bank_1,1,1622,US
bank_1,1,1623,US
bank_1,1,1624,US
bank_1,1,1625,US
bank_1,1,1626,US
bank_1,1,1627,US
bank_1,1,1628,US
bank_1,1,1629,US
bank_1,1,1630,US
bank_1,1,1631,US
bank_1,1,1632,US
bank_1,1,1633,US
bank_1,1,1634,US
bank_1,1,1635,US
bank_1,1,1636,US
bank_1,1,1637,US
bank_1,1,1638,US
bank_1,1,1639,US
bank_1,1,1640,US
bank_1,1,1641,US
bank_1,1,1642,US
bank_1,1,1643,US
bank_1,1,1644,US
bank_1,1,1645,US
bank_1,1,1646,US
bank_1,1,1647,US
bank_1,1,1648,US
bank_1,1,1649,US
bank_1,1,1650,US
bank_1,1,1651,US
bank_1,1,1652,US
bank_1,1,1653,US
bank_1,1,1654,US
bank_1,1,1655,US
bank_1,1,1656,US
bank_1,1,1657,US
bank_1,1,1658,US
bank_1,1,1659,US
bank_1,1,1660,US
bank_1,1,1661,US
bank_1,1,1662,US
bank_1,1,1663,US
bank_1,1,1664,US
bank_1,1,1665,US
bank_1,1,1666,US
bank_1,1,1667,US
bank_1,1,1668,US
bank_1,1,1669,US
bank_1,1,1670,US
bank_1,1,1671,US
bank_1,1,1672,US
bank_1,1,1673,US
bank_1,1,1674,US
bank_1,1,1675,US
bank_1,1,1676,US
bank_1,1,1677,US
bank_1,1,1678,US
bank_1,1,1679,US
bank_1,1,1680,US
bank_1,1,1681,US
bank_1,1,1682,US
bank_1,1,1683,US
bank_1,1,1684,US
bank_1,1,1685,US
bank_1,1,1686,US
bank_1,1,1687,US
bank_1,1,1688,US
bank_1,1,1689,US
bank_1,1,1690,US
bank_1,1,1691,US
bank_1,1,1692,US
bank_1,1,1693,US
bank_1,1,1694,US
bank_1,1,1695,US
bank_1,1,1696,US
bank_1,1,1697,US
bank_1,1,1698,US
bank_1,1,1699,US
bank_1,1,1700,US
bank_1,1,1701,US
bank_1,1,1702,US
bank_1,1,1703,US
bank_1,1,1704,US
bank_1,1,1705,US
bank_1,1,1706,US
bank_1,1,1707,US
bank_1,1,1708,US
bank_1,1,1709,US
bank_1,1,1710,US
bank_1,1,1711,US
bank_1,1,1712,US
bank_1,1,1713,US
bank_1,1,1714,US
bank_1,1,1715,US
bank_1,1,1716,US
bank_1,1,1717,US
bank_1,1,1718,US
bank_1,1,1719,US
bank_1,1,1720,US
bank_1,1,1721,US
bank_1,1,1722,US
bank_1,1,1723,US
bank_1,1,1724,US
bank_1,1,1725,US
bank_1,1,1726,US
bank_1,1,1727,US
bank_1,1,1728,US
bank_1,1,1729,US
bank_1,1,1730,US
bank_1,1,1731,US
bank_1,1,1732,US
bank_1,1,1733,US
bank_1,1,1734,US
bank_1,1,1735,US
bank_1,1,1736,US
bank_1,1,1737,US
bank_1,1,1738,US
bank_1,1,1739,US
bank_1,1,1740,US
bank_1,1,1741,US
bank_1,1,1742,US
bank_1,1,1743,US
bank_1,1,1744,US
bank_1,1,1745,US
bank_1,1,1746,US
bank_1,1,1747,US
bank_1,1,1748,US
bank_1,1,1749,US
bank_1,1,1750,US
bank_1,1,1751,US
bank_1,1,1752,US
bank_1,1,1753,US
bank_1,1,1754,US
bank_1,1,1755,US
bank_1,1,1756,US
bank_1,1,1757,US
bank_1,1,1758,US
bank_1,1,1759,US
bank_1,1,1760,US
bank_1,1,1761,US
bank_1,1,1762,US
bank_1,1,1763,US
bank_1,1,1764,US
bank_1,1,1765,US
bank_1,1,1766,US
bank_1,1,1767,US
bank_1,1,1768,US
bank_1,1,1769,US
bank_1,1,1770,US
bank_1,1,1771,US
bank_1,1,1772,US
bank_1,1,1773,US
bank_1,1,1774,US
bank_1,1,1775,US
bank_1,1,1776,US
bank_1,1,1777,US
bank_1,1,1778,US
bank_1,1,1779,US
bank_1,1,1780,US
bank_1,1,1781,US
bank_1,1,1782,US
bank_1,1,1783,US
bank_1,1,1784,US
bank_1,1,1785,US
bank_1,1,1786,US
bank_1,1,1787,US
bank_1,1,1788,US
bank_1,1,1789,US
bank_1,1,1790,US
bank_1,1,1791,US
bank_1,1,1792,US
bank_1,1,1793,US
bank_1,1,1794,US
bank_1,1,1795,US
bank_1,1,1796,US
bank_1,1,1797,US
bank_1,1,1798,US
bank_1,1,1799,US
bank_1,1,1800,US
bank_1,1,1801,US
bank_1,1,1802,US
bank_1,1,1803,US
bank_1,1,1804,US
bank_1,1,1805,US
bank_1,1,1806,US
bank_1,1,1807,US
bank_1,1,1808,US
bank_1,1,1809,US
bank_1,1,1810,US
bank_1,1,1811,US
bank_1,1,1812,US
bank_1,1,1813,US
bank_1,1,1814,US
bank_1,1,1815,US
bank_1,1,1816,US
bank_1,1,1817,US
bank_1,1,1818,US
bank_1,1,1819,US
bank_1,1,1820,US
bank_1,1,1821,US
bank_1,1,1822,US
bank_1,1,1823,US
bank_1,1,1824,US
bank_1,1,1825,US
bank_1,1,1826,US
bank_1,1,1827,US
bank_1,1,1828,US
bank_1,1,1829,US
bank_1,1,1830,US
bank_1,1,1831,US
bank_1,1,1832,US
bank_1,1,1833,US
bank_1,1,1834,US
bank_1,1,1835,US
bank_1,1,1836,US
bank_1,1,1837,US
bank_1,1,1838,US
bank_1,1,1839,US
bank_1,1,1840,US
bank_1,1,1841,US
bank_1,1,1842,US
bank_1,1,1843,US
bank_1,1,1844,US
bank_1,1,1845,US
bank_1,1,1846,US
bank_1,1,1847,US
bank_1,1,1848,US
bank_1,1,1849,US
bank_1,1,1850,US
bank_1,1,1851,US
bank_1,1,1852,US
bank_1,1,1853,US
bank_1,1,1854,US
bank_1,1,1855,US
bank_1,1,1856,US
bank_1,1,1857,US
bank_1,1,1858,US
bank_1,1,1859,US
bank_1,1,1860,US
bank_1,1,1861,US
bank_1,1,1862,US
bank_1,1,1863,US
bank_1,1,1864,US
bank_1,1,1865,US
bank_1,1,1866,US
bank_1,1,1867,US
bank_1,1,1868,US
bank_1,1,1869,US
bank_1,1,1870,US
bank_1,1,1871,US
bank_1,1,1872,US
bank_1,1,1873,US
bank_1,1,1874,US
bank_1,1,1875,US
bank_1,1,1876,US
bank_1,1,1877,US
bank_1,1,1878,US
bank_1,1,1879,US
bank_1,1,1880,US
bank_1,1,1881,US
bank_1,1,1882,US
bank_1,1,1883,US
bank_1,1,1884,US
bank_1,1,1885,US
bank_1,1,1886,US
bank_1,1,1887,US
bank_1,1,1888,US
bank_1,1,1889,US
bank_1,1,1890,US
bank_1,1,1891,US
bank_1,1,1892,US
bank_1,1,1893,US
bank_1,1,1894,US
bank_1,1,1895,US
bank_1,1,1896,US
bank_1,1,1897,US
bank_1,1,1898,US
bank_1,1,1899,US
bank_1,1,1900,US
bank_1,1,1901,US
bank_1,1,1902,US
bank_1,1,1903,US
bank_1,1,1904,US
bank_1,1,1905,US
bank_1,1,1906,US
bank_1,1,1907,US
bank_1,1,1908,US
bank_1,1,1909,US
bank_1,1,1910,US
bank_1,1,1911,US
bank_1,1,1912,US
bank_1,1,1913,US
bank_1,1,1914,US
bank_1,1,1915,US
bank_1,1,1916,US
bank_1,1,1917,US
bank_1,1,1918,US
bank_1,1,1919,US
bank_1,1,1920,US
bank_1,1,1921,US
bank_1,1,1922,US
bank_1,1,1923,US
bank_1,1,1924,US
bank_1,1,1925,US
bank_1,1,1926,US
bank_1,1,1927,US
bank_1,1,1928,US
bank_1,1,1929,US
bank_1,1,1930,US
bank_1,1,1931,US
bank_1,1,1932,US
bank_1,1,1933,US
bank_1,1,1934,US
bank_1,1,1935,US
bank_1,1,1936,US
bank_1,1,1937,US
bank_1,1,1938,US
bank_1,1,1939,US
bank_1,1,1940,US
bank_1,1,1941,US
bank_1,1,1942,US
bank_1,1,1943,US
bank_1,1,1944,US
bank_1,1,1945,US
bank_1,1,1946,US
bank_1,1,1947,US
bank_1,1,1948,US
bank_1,1,1949,US
bank_1,1,1950,US
bank_1,1,1951,US
bank_1,1,1952,US
bank_1,1,1953,US
bank_1,1,1954,US
bank_1,1,1955,US
bank_1,1,1956,US
bank_1,1,1957,US
bank_1,1,1958,US
bank_1,1,1959,US
bank_1,1,1960,US
bank_1,1,1961,US
bank_1,1,1962,US
bank_1,1,1963,US
bank_1,1,1964,US
bank_1,1,1965,US
bank_1,1,1966,US
bank_1,1,1967,US
bank_1,1,1968,US
bank_1,1,1969,US
bank_1,1,1970,US
bank_1,1,1971,US
bank_1,1,1972,US
bank_1,1,1973,US
bank_1,1,1974,US
bank_1,1,1975,US
bank_1,1,1976,US
bank_1,1,1977,US
bank_1,1,1978,US
bank_1,1,1979,US
bank_1,1,1980,US
bank_1,1,1981,US
bank_1,1,1982,US
bank_1,1,1983,US
bank_1,1,1984,US
bank_1,1,1985,US
bank_1,1,1986,US
bank_1,1,1987,US
bank_1,1,1988,US
bank_1,1,1989,US
bank_1,1,1990,US
bank_1,1,1991,US
bank_1,1,1992,US
bank_1,1,1993,US
bank_1,1,1994,US
bank_1,1,1995,US
bank_1,1,1996,US
bank_1,1,1997,US
bank_1,1,1998,US
bank_1,1,1999,US
