bank_id,branch_id,acct_id,last_name
bank_3,1,0,Giles
bank_3,1,1,Moore
bank_3,1,2,White
bank_3,1,3,Lara
bank_3,1,4,Wright
bank_3,1,5,Brewer
bank_3,1,6,Alvarado
bank_3,1,7,Melton
bank_3,1,8,Rogers
bank_3,1,9,Rangel
bank_3,1,10,Salinas
bank_3,1,11,Yang
bank_3,1,12,Lee
bank_3,1,13,Suarez
bank_3,1,14,Miller
bank_3,1,15,Mitchell
bank_3,1,16,Harris
bank_3,1,17,Flores
bank_3,1,18,Duke
bank_3,1,19,Weber
bank_3,1,20,Kelley
bank_3,1,21,Smith
bank_3,1,22,Harris
bank_3,1,23,Jackson
bank_3,1,24,Morales
bank_3,1,25,Arroyo
bank_3,1,26,Bennett
bank_3,1,27,Washington
bank_3,1,28,Brown
bank_3,1,29,Martinez
bank_3,1,30,Larsen
bank_3,1,31,Rogers
bank_3,1,32,Eaton
bank_3,1,33,Meyer
bank_3,1,34,Allison
bank_3,1,35,Ortega
bank_3,1,36,Brown
bank_3,1,37,Young
bank_3,1,38,Wade
bank_3,1,39,Nunez
bank_3,1,40,Davidson
bank_3,1,41,Watts
bank_3,1,42,Davis
bank_3,1,43,Martin
bank_3,1,44,Smith
bank_3,1,45,Wilkins
bank_3,1,46,Kemp
bank_3,1,47,Mooney
bank_3,1,48,Mckee
bank_3,1,49,Berry
bank_3,1,50,Mathews
bank_3,1,51,Fuentes
bank_3,1,52,Clark
bank_3,1,53,Dunn
bank_3,1,54,Higgins
bank_3,1,55,Roberts
bank_3,1,56,Murphy
bank_3,1,57,Solomon
bank_3,1,58,Johnson
bank_3,1,59,Ramsey
bank_3,1,60,Sharp
bank_3,1,61,Mitchell
bank_3,1,62,Rodriguez
bank_3,1,63,Michael
bank_3,1,64,Allen
bank_3,1,65,Porter
bank_3,1,66,Flores
bank_3,1,67,Taylor
bank_3,1,68,Duncan
bank_3,1,69,Barnes
bank_3,1,70,Jones
bank_3,1,71,Miller
bank_3,1,72,Wells
bank_3,1,73,Tanner
bank_3,1,74,Smith
bank_3,1,75,Armstrong
bank_3,1,76,Baker
bank_3,1,77,Mitchell
bank_3,1,78,Porter
bank_3,1,79,Clark
bank_3,1,80,Davis
bank_3,1,81,Lopez
bank_3,1,82,Serrano
bank_3,1,83,Mccann
bank_3,1,84,Schneider
bank_3,1,85,Jacobs
bank_3,1,86,Walker
bank_3,1,87,Rivers
bank_3,1,88,Smith
bank_3,1,89,Davis
bank_3,1,90,Jefferson
bank_3,1,91,Floyd
bank_3,1,92,Morris
bank_3,1,93,Williams
bank_3,1,94,Cervantes
bank_3,1,95,Lewis
bank_3,1,96,Leon
bank_3,1,97,Marquez
bank_3,1,98,Fox
bank_3,1,99,Carey
bank_3,1,100,Rodriguez
bank_3,1,101,Weaver
bank_3,1,102,Goodwin
bank_3,1,103,Heath
bank_3,1,104,Allen
bank_3,1,105,Williams
bank_3,1,106,Berry
bank_3,1,107,Acevedo
bank_3,1,108,Reynolds
bank_3,1,109,Vega
bank_3,1,110,Mata
bank_3,1,111,Hanson
bank_3,1,112,Hughes
bank_3,1,113,Luna
bank_3,1,114,Bailey
bank_3,1,115,Terry
bank_3,1,116,Lewis
bank_3,1,117,Ortiz
bank_3,1,118,Foster
bank_3,1,119,Gonzalez
bank_3,1,120,Solomon
bank_3,1,121,Sparks
bank_3,1,122,Rodgers
bank_3,1,123,Howard
bank_3,1,124,Coleman
bank_3,1,125,Taylor
bank_3,1,126,Jones
bank_3,1,127,Gonzalez
bank_3,1,128,Stevens
bank_3,1,129,Woods
bank_3,1,130,Wilkerson
bank_3,1,131,Gutierrez
bank_3,1,132,White
bank_3,1,133,Ewing
bank_3,1,134,Rice
bank_3,1,135,Caldwell
bank_3,1,136,Lucas
bank_3,1,137,Booth
bank_3,1,138,French
bank_3,1,139,Hunt
bank_3,1,140,Crawford
bank_3,1,141,Cook
bank_3,1,142,Robinson
bank_3,1,143,Mays
bank_3,1,144,Moore
bank_3,1,145,Warren
bank_3,1,146,Peterson
bank_3,1,147,Calhoun
bank_3,1,148,Jackson
bank_3,1,149,Garcia
bank_3,1,150,Kelly
bank_3,1,151,Lee
bank_3,1,152,Rodriguez
bank_3,1,153,Foster
bank_3,1,154,Hudson
bank_3,1,155,West
bank_3,1,156,Gonzalez
bank_3,1,157,Johnson
bank_3,1,158,Lopez
bank_3,1,159,Wilkinson
bank_3,1,160,Jones
bank_3,1,161,Brown
bank_3,1,162,Banks
bank_3,1,163,Cruz
bank_3,1,164,Fleming
bank_3,1,165,Jackson
bank_3,1,166,Mcneil
bank_3,1,167,Turner
bank_3,1,168,Gutierrez
bank_3,1,169,Walters
bank_3,1,170,Scott
bank_3,1,171,Clark
bank_3,1,172,Wilson
bank_3,1,173,Harvey
bank_3,1,174,Payne
bank_3,1,175,Juarez
bank_3,1,176,Ashley
bank_3,1,177,Elliott
bank_3,1,178,Hart
bank_3,1,179,Walsh
bank_3,1,180,Figueroa
bank_3,1,181,Torres
bank_3,1,182,Mendoza
bank_3,1,183,Atkins
bank_3,1,184,Bryant
bank_3,1,185,Mooney
bank_3,1,186,Sanders
bank_3,1,187,Miller
bank_3,1,188,Greer
bank_3,1,189,Bailey
bank_3,1,190,Goodwin
bank_3,1,191,Perry
bank_3,1,192,Jones
bank_3,1,193,Green
bank_3,1,194,Maldonado
bank_3,1,195,Terrell
bank_3,1,196,Stout
bank_3,1,197,Martin
bank_3,1,198,Cunningham
bank_3,1,199,Marshall
bank_3,1,200,Schmidt
bank_3,1,201,Williams
bank_3,1,202,Snyder
bank_3,1,203,Cunningham
bank_3,1,204,Diaz
bank_3,1,205,Morris
bank_3,1,206,Hall
bank_3,1,207,Horne
bank_3,1,208,Tucker
bank_3,1,209,Carey
bank_3,1,210,Bryant
bank_3,1,211,Murray
bank_3,1,212,Hayes
bank_3,1,213,Park
bank_3,1,214,Cole
bank_3,1,215,Jones
bank_3,1,216,Wallace
bank_3,1,217,Mercer
bank_3,1,218,Daniels
bank_3,1,219,Lopez
bank_3,1,220,Davis
bank_3,1,221,Roberts
bank_3,1,222,Zavala
bank_3,1,223,Baldwin
bank_3,1,224,Morales
bank_3,1,225,Evans
bank_3,1,226,Knight
bank_3,1,227,Foley
bank_3,1,228,Yang
bank_3,1,229,Hamilton
bank_3,1,230,Neal
bank_3,1,231,Ortega
bank_3,1,232,Martinez
bank_3,1,233,Miller
bank_3,1,234,Martin
bank_3,1,235,Evans
bank_3,1,236,Mcclure
bank_3,1,237,Wilson
bank_3,1,238,Underwood
bank_3,1,239,Gonzalez
bank_3,1,240,Christian
bank_3,1,241,Nelson
bank_3,1,242,Scott
bank_3,1,243,Lopez
bank_3,1,244,Alexander
bank_3,1,245,Cowan
bank_3,1,246,Calhoun
bank_3,1,247,Alexander
bank_3,1,248,Moore
bank_3,1,249,Wood
bank_3,1,250,Mathis
bank_3,1,251,Allen
bank_3,1,252,Lewis
bank_3,1,253,Anderson
bank_3,1,254,Thomas
bank_3,1,255,Ross
bank_3,1,256,Brown
bank_3,1,257,Harrington
bank_3,1,258,Taylor
bank_3,1,259,Diaz
bank_3,1,260,Montgomery
bank_3,1,261,Nielsen
bank_3,1,262,Costa
bank_3,1,263,Robinson
bank_3,1,264,Mcdonald
bank_3,1,265,Schroeder
bank_3,1,266,Vaughn
bank_3,1,267,Barnes
bank_3,1,268,Hodge
bank_3,1,269,Thompson
bank_3,1,270,Williams
bank_3,1,271,Kim
bank_3,1,272,Joseph
bank_3,1,273,Gardner
bank_3,1,274,Campbell
bank_3,1,275,Arellano
bank_3,1,276,Romero
bank_3,1,277,Schaefer
bank_3,1,278,Cuevas
bank_3,1,279,Wilson
bank_3,1,280,Perez
bank_3,1,281,Davidson
bank_3,1,282,Brown
bank_3,1,283,Day
bank_3,1,284,Rogers
bank_3,1,285,Horne
bank_3,1,286,Myers
bank_3,1,287,Marshall
bank_3,1,288,Davidson
bank_3,1,289,Allen
bank_3,1,290,Owens
bank_3,1,291,Blackburn
bank_3,1,292,Choi
bank_3,1,293,Lawson
bank_3,1,294,Wood
bank_3,1,295,Mccoy
bank_3,1,296,Mcdaniel
bank_3,1,297,Diaz
bank_3,1,298,Perkins
bank_3,1,299,Cannon
bank_3,1,300,Myers
bank_3,1,301,Jones
bank_3,1,302,Day
bank_3,1,303,Patel
bank_3,1,304,Thomas
bank_3,1,305,Case
bank_3,1,306,Smith
bank_3,1,307,Austin
bank_3,1,308,Keith
bank_3,1,309,Hickman
bank_3,1,310,Brown
bank_3,1,311,Martinez
bank_3,1,312,Hester
bank_3,1,313,Williams
bank_3,1,314,Hill
bank_3,1,315,Davis
bank_3,1,316,Howe
bank_3,1,317,Ibarra
bank_3,1,318,Stone
bank_3,1,319,Mann
bank_3,1,320,Wright
bank_3,1,321,Bell
bank_3,1,322,Henderson
bank_3,1,323,Smith
bank_3,1,324,Lewis
bank_3,1,325,Ballard
bank_3,1,326,Martinez
bank_3,1,327,Donovan
bank_3,1,328,Baker
bank_3,1,329,Jones
bank_3,1,330,Perry
bank_3,1,331,Wilson
bank_3,1,332,Casey
bank_3,1,333,Sutton
bank_3,1,334,Rivera
bank_3,1,335,Gibson
bank_3,1,336,Brown
bank_3,1,337,Matthews
bank_3,1,338,Castro
bank_3,1,339,Davis
bank_3,1,340,Leon
bank_3,1,341,Mcgrath
bank_3,1,342,Bridges
bank_3,1,343,Livingston
bank_3,1,344,Hood
bank_3,1,345,Lynn
bank_3,1,346,Miller
bank_3,1,347,Richardson
bank_3,1,348,Hooper
bank_3,1,349,Chen
bank_3,1,350,Gregory
bank_3,1,351,Hall
bank_3,1,352,Hull
bank_3,1,353,Small
bank_3,1,354,Martinez
bank_3,1,355,Salazar
bank_3,1,356,Jones
bank_3,1,357,Greer
bank_3,1,358,Fields
bank_3,1,359,Hendrix
bank_3,1,360,Miller
bank_3,1,361,Rice
bank_3,1,362,Espinoza
bank_3,1,363,Brewer
bank_3,1,364,Russell
bank_3,1,365,Sanders
bank_3,1,366,Day
bank_3,1,367,Ortiz
bank_3,1,368,Bennett
bank_3,1,369,Noble
bank_3,1,370,Cook
bank_3,1,371,Johnson
bank_3,1,372,Rocha
bank_3,1,373,Martin
bank_3,1,374,Palmer
bank_3,1,375,Andersen
bank_3,1,376,Schroeder
bank_3,1,377,Payne
bank_3,1,378,Fletcher
bank_3,1,379,Harris
bank_3,1,380,Thomas
bank_3,1,381,Hernandez
bank_3,1,382,Wilkinson
bank_3,1,383,Castaneda
bank_3,1,384,Davidson
bank_3,1,385,Stewart
bank_3,1,386,Alexander
bank_3,1,387,Frederick
bank_3,1,388,Moses
bank_3,1,389,Foster
bank_3,1,390,Ferguson
bank_3,1,391,Gaines
bank_3,1,392,Allen
bank_3,1,393,Johnson
bank_3,1,394,Mueller
bank_3,1,395,Ramirez
bank_3,1,396,Hudson
bank_3,1,397,Johnson
bank_3,1,398,Sanders
bank_3,1,399,Mcdonald
bank_3,1,400,Yu
bank_3,1,401,Marshall
bank_3,1,402,Howard
bank_3,1,403,Mayer
bank_3,1,404,Fernandez
bank_3,1,405,Romero
bank_3,1,406,Romero
bank_3,1,407,Harris
bank_3,1,408,Barnett
bank_3,1,409,Johnson
bank_3,1,410,Smith
bank_3,1,411,Salinas
bank_3,1,412,Fernandez
bank_3,1,413,Ho
bank_3,1,414,Miranda
bank_3,1,415,Fernandez
bank_3,1,416,Salazar
bank_3,1,417,Gray
bank_3,1,418,Nguyen
bank_3,1,419,Brown
bank_3,1,420,Castro
bank_3,1,421,Johnston
bank_3,1,422,Aguirre
bank_3,1,423,Lewis
bank_3,1,424,Buchanan
bank_3,1,425,Foley
bank_3,1,426,Stewart
bank_3,1,427,Murray
bank_3,1,428,Lowe
bank_3,1,429,Higgins
bank_3,1,430,Davidson
bank_3,1,431,Love
bank_3,1,432,Cervantes
bank_3,1,433,Dickerson
bank_3,1,434,Brown
bank_3,1,435,Herman
bank_3,1,436,Russo
bank_3,1,437,Wallace
bank_3,1,438,Page
bank_3,1,439,Phillips
bank_3,1,440,Mitchell
bank_3,1,441,Carter
bank_3,1,442,Clark
bank_3,1,443,Stevens
bank_3,1,444,Cannon
bank_3,1,445,Garza
bank_3,1,446,Jacobs
bank_3,1,447,Weber
bank_3,1,448,Giles
bank_3,1,449,Cummings
bank_3,1,450,Davis
bank_3,1,451,Chapman
bank_3,1,452,May
bank_3,1,453,Carpenter
bank_3,1,454,Carroll
bank_3,1,455,Lee
bank_3,1,456,Acevedo
bank_3,1,457,Cox
bank_3,1,458,Kemp
bank_3,1,459,Golden
bank_3,1,460,Roberts
bank_3,1,461,Adams
bank_3,1,462,Warren
bank_3,1,463,Ponce
bank_3,1,464,Adams
bank_3,1,465,Benson
bank_3,1,466,Morris
bank_3,1,467,Johnson
bank_3,1,468,Page
bank_3,1,469,Bell
bank_3,1,470,Bowman
bank_3,1,471,Mueller
bank_3,1,472,Dixon
bank_3,1,473,Cooley
bank_3,1,474,Kelly
bank_3,1,475,Mann
bank_3,1,476,Nguyen
bank_3,1,477,Moyer
bank_3,1,478,Perez
bank_3,1,479,Stephens
bank_3,1,480,Adams
bank_3,1,481,Baker
bank_3,1,482,Reid
bank_3,1,483,Mckenzie
bank_3,1,484,Bailey
bank_3,1,485,Fuller
bank_3,1,486,Hunt
bank_3,1,487,Hawkins
bank_3,1,488,Harper
bank_3,1,489,Davis
bank_3,1,490,Baker
bank_3,1,491,Gibson
bank_3,1,492,Austin
bank_3,1,493,Best
bank_3,1,494,Terry
bank_3,1,495,Morrow
bank_3,1,496,Kelly
bank_3,1,497,Hogan
bank_3,1,498,Alvarado
bank_3,1,499,Barker
bank_3,1,500,Scott
bank_3,1,501,Johns
bank_3,1,502,Gibson
bank_3,1,503,Baker
bank_3,1,504,Harris
bank_3,1,505,Cardenas
bank_3,1,506,Novak
bank_3,1,507,Vasquez
bank_3,1,508,Sherman
bank_3,1,509,Jones
bank_3,1,510,Rios
bank_3,1,511,Holland
bank_3,1,512,Williams
bank_3,1,513,Wise
bank_3,1,514,Hudson
bank_3,1,515,Johnson
bank_3,1,516,Griffith
bank_3,1,517,Kane
bank_3,1,518,Green
bank_3,1,519,Kent
bank_3,1,520,Simon
bank_3,1,521,Mccoy
bank_3,1,522,Martin
bank_3,1,523,Lester
bank_3,1,524,Ramos
bank_3,1,525,Kent
bank_3,1,526,Jarvis
bank_3,1,527,Wilcox
bank_3,1,528,Banks
bank_3,1,529,Powell
bank_3,1,530,Bishop
bank_3,1,531,Taylor
bank_3,1,532,Martinez
bank_3,1,533,Briggs
bank_3,1,534,Roberts
bank_3,1,535,Sexton
bank_3,1,536,Harvey
bank_3,1,537,Hogan
bank_3,1,538,Guerrero
bank_3,1,539,Schwartz
bank_3,1,540,Roman
bank_3,1,541,Benton
bank_3,1,542,Hoffman
bank_3,1,543,Smith
bank_3,1,544,Ayers
bank_3,1,545,Wilson
bank_3,1,546,Floyd
bank_3,1,547,Chang
bank_3,1,548,Andersen
bank_3,1,549,Green
bank_3,1,550,Burke
bank_3,1,551,Bailey
bank_3,1,552,Silva
bank_3,1,553,Jacobs
bank_3,1,554,Allen
bank_3,1,555,Anderson
bank_3,1,556,Cruz
bank_3,1,557,Patel
bank_3,1,558,Harris
bank_3,1,559,Jordan
bank_3,1,560,Hunt
bank_3,1,561,Holmes
bank_3,1,562,Holt
bank_3,1,563,Ross
bank_3,1,564,Martinez
bank_3,1,565,Anderson
bank_3,1,566,Rowe
bank_3,1,567,Page
bank_3,1,568,Ellis
bank_3,1,569,George
bank_3,1,570,Lewis
bank_3,1,571,Potts
bank_3,1,572,Sims
bank_3,1,573,Johnson
bank_3,1,574,Romero
bank_3,1,575,Sanchez
bank_3,1,576,Compton
bank_3,1,577,Wheeler
bank_3,1,578,Nelson
bank_3,1,579,Mcdaniel
bank_3,1,580,Ferguson
bank_3,1,581,Richards
bank_3,1,582,Burton
bank_3,1,583,Vargas
bank_3,1,584,Morgan
bank_3,1,585,Sloan
bank_3,1,586,Gray
bank_3,1,587,Floyd
bank_3,1,588,Davis
bank_3,1,589,Nguyen
bank_3,1,590,Mitchell
bank_3,1,591,Mccormick
bank_3,1,592,Miller
bank_3,1,593,Nguyen
bank_3,1,594,Bridges
bank_3,1,595,Daniels
bank_3,1,596,Shaw
bank_3,1,597,Hartman
bank_3,1,598,Navarro
bank_3,1,599,Simpson
bank_3,1,600,Potts
bank_3,1,601,Delgado
bank_3,1,602,Stout
bank_3,1,603,Johnson
bank_3,1,604,Herrera
bank_3,1,605,Brown
bank_3,1,606,Carrillo
bank_3,1,607,Smith
bank_3,1,608,Mitchell
bank_3,1,609,Reeves
bank_3,1,610,Hendrix
bank_3,1,611,Phillips
bank_3,1,612,Middleton
bank_3,1,613,Ramirez
bank_3,1,614,Martinez
bank_3,1,615,Smith
bank_3,1,616,Hopkins
bank_3,1,617,Duncan
bank_3,1,618,Arnold
bank_3,1,619,Liu
bank_3,1,620,Peterson
bank_3,1,621,Foster
bank_3,1,622,Swanson
bank_3,1,623,Melton
bank_3,1,624,Palmer
bank_3,1,625,Hernandez
bank_3,1,626,Shepherd
bank_3,1,627,Parker
bank_3,1,628,Taylor
bank_3,1,629,Miller
bank_3,1,630,Smith
bank_3,1,631,Murray
bank_3,1,632,Potts
bank_3,1,633,Bowman
bank_3,1,634,Martin
bank_3,1,635,Smith
bank_3,1,636,Williams
bank_3,1,637,Silva
bank_3,1,638,Walton
bank_3,1,639,Anderson
bank_3,1,640,Moss
bank_3,1,641,Estrada
bank_3,1,642,Cooper
bank_3,1,643,Gallegos
bank_3,1,644,Olson
bank_3,1,645,Rodgers
bank_3,1,646,Lutz
bank_3,1,647,Nelson
bank_3,1,648,Martinez
bank_3,1,649,Bates
bank_3,1,650,Williams
bank_3,1,651,Smith
bank_3,1,652,Rodriguez
bank_3,1,653,Rose
bank_3,1,654,Curtis
bank_3,1,655,Pham
bank_3,1,656,Smith
bank_3,1,657,Bell
bank_3,1,658,Wells
bank_3,1,659,Weaver
bank_3,1,660,Davis
bank_3,1,661,Stephens
bank_3,1,662,Williams
bank_3,1,663,Sullivan
bank_3,1,664,Adams
bank_3,1,665,Fernandez
bank_3,1,666,Green
bank_3,1,667,Lee
bank_3,1,668,Flores
bank_3,1,669,Martin
bank_3,1,670,Baker
bank_3,1,671,Gonzalez
bank_3,1,672,Brown
bank_3,1,673,Davis
bank_3,1,674,Burch
bank_3,1,675,Duffy
bank_3,1,676,Daniel
bank_3,1,677,Wilson
bank_3,1,678,Bailey
bank_3,1,679,Collins
bank_3,1,680,Matthews
bank_3,1,681,Mccarty
bank_3,1,682,Campbell
bank_3,1,683,Hart
bank_3,1,684,Wilson
bank_3,1,685,Hardy
bank_3,1,686,Gray
bank_3,1,687,Hernandez
bank_3,1,688,Frey
bank_3,1,689,Knight
bank_3,1,690,Johnson
bank_3,1,691,Stone
bank_3,1,692,Welch
bank_3,1,693,Walker
bank_3,1,694,West
bank_3,1,695,Hansen
bank_3,1,696,Newman
bank_3,1,697,Hernandez
bank_3,1,698,Harrison
bank_3,1,699,Smith
bank_3,1,700,Lopez
bank_3,1,701,Castro
bank_3,1,702,Padilla
bank_3,1,703,Lawrence
bank_3,1,704,Bowen
bank_3,1,705,Walton
bank_3,1,706,Ibarra
bank_3,1,707,Saunders
bank_3,1,708,Brown
bank_3,1,709,Kelly
bank_3,1,710,Brown
bank_3,1,711,Knight
bank_3,1,712,Nguyen
bank_3,1,713,Sloan
bank_3,1,714,Butler
bank_3,1,715,Davidson
bank_3,1,716,Shaw
bank_3,1,717,Cochran
bank_3,1,718,Randolph
bank_3,1,719,Reese
bank_3,1,720,Fitzpatrick
bank_3,1,721,Gentry
bank_3,1,722,Johnson
bank_3,1,723,Snyder
bank_3,1,724,Wall
bank_3,1,725,Wilson
bank_3,1,726,Boone
bank_3,1,727,Zimmerman
bank_3,1,728,Stewart
bank_3,1,729,Nguyen
bank_3,1,730,Levine
bank_3,1,731,Baker
bank_3,1,732,Riley
bank_3,1,733,Anderson
bank_3,1,734,Hughes
bank_3,1,735,Lee
bank_3,1,736,Ray
bank_3,1,737,Quinn
bank_3,1,738,Gilbert
bank_3,1,739,Jones
bank_3,1,740,Barr
bank_3,1,741,Norris
bank_3,1,742,Franco
bank_3,1,743,Murphy
bank_3,1,744,Sawyer
bank_3,1,745,Sullivan
bank_3,1,746,Cox
bank_3,1,747,Williams
bank_3,1,748,Nolan
bank_3,1,749,Dudley
bank_3,1,750,Meyer
bank_3,1,751,Clark
bank_3,1,752,Velasquez
bank_3,1,753,Morrison
bank_3,1,754,Munoz
bank_3,1,755,Cain
bank_3,1,756,Peterson
bank_3,1,757,Bond
bank_3,1,758,Wallace
bank_3,1,759,Mullins
bank_3,1,760,Harris
bank_3,1,761,Schaefer
bank_3,1,762,Stephenson
bank_3,1,763,Ho
bank_3,1,764,Wilson
bank_3,1,765,Armstrong
bank_3,1,766,Wall
bank_3,1,767,Brandt
bank_3,1,768,Scott
bank_3,1,769,Allen
bank_3,1,770,Stevens
bank_3,1,771,Humphrey
bank_3,1,772,Holmes
bank_3,1,773,Cruz
bank_3,1,774,Jimenez
bank_3,1,775,Cook
bank_3,1,776,Stevens
bank_3,1,777,Gordon
bank_3,1,778,Williams
bank_3,1,779,Olson
bank_3,1,780,Chang
bank_3,1,781,Colon
bank_3,1,782,Hensley
bank_3,1,783,Goodwin
bank_3,1,784,Garcia
bank_3,1,785,Mcdowell
bank_3,1,786,Ray
bank_3,1,787,Hodge
bank_3,1,788,Lewis
bank_3,1,789,Alexander
bank_3,1,790,Sanchez
bank_3,1,791,Monroe
bank_3,1,792,Esparza
bank_3,1,793,Martinez
bank_3,1,794,Schwartz
bank_3,1,795,Mason
bank_3,1,796,Jones
bank_3,1,797,Mendez
bank_3,1,798,Nelson
bank_3,1,799,Brown
bank_3,1,800,Howell
bank_3,1,801,Montgomery
bank_3,1,802,Young
bank_3,1,803,Fisher
bank_3,1,804,Henry
bank_3,1,805,Jenkins
bank_3,1,806,Mccann
bank_3,1,807,Walters
bank_3,1,808,Long
bank_3,1,809,White
bank_3,1,810,Simmons
bank_3,1,811,Schroeder
bank_3,1,812,Walters
bank_3,1,813,Miller
bank_3,1,814,Maynard
bank_3,1,815,Smith
bank_3,1,816,Baird
bank_3,1,817,Moore
bank_3,1,818,Davis
bank_3,1,819,Chavez
bank_3,1,820,Baxter
bank_3,1,821,Watson
bank_3,1,822,Floyd
bank_3,1,823,Fisher
bank_3,1,824,Casey
bank_3,1,825,Schneider
bank_3,1,826,Hull
bank_3,1,827,Blair
bank_3,1,828,Bailey
bank_3,1,829,Anderson
bank_3,1,830,Carpenter
bank_3,1,831,Pugh
bank_3,1,832,Torres
bank_3,1,833,Schroeder
bank_3,1,834,Koch
bank_3,1,835,Mcclure
bank_3,1,836,Swanson
bank_3,1,837,Riddle
bank_3,1,838,Vasquez
bank_3,1,839,Knight
bank_3,1,840,Snyder
bank_3,1,841,Conner
bank_3,1,842,Espinoza
bank_3,1,843,Kim
bank_3,1,844,Bowen
bank_3,1,845,Ryan
bank_3,1,846,Crane
bank_3,1,847,Anderson
bank_3,1,848,Jacobs
bank_3,1,849,Velazquez
bank_3,1,850,Murray
bank_3,1,851,Coleman
bank_3,1,852,Sims
bank_3,1,853,Atkinson
bank_3,1,854,Hayes
bank_3,1,855,Blake
bank_3,1,856,Bell
bank_3,1,857,Ellis
bank_3,1,858,Porter
bank_3,1,859,Richardson
bank_3,1,860,Carter
bank_3,1,861,Munoz
bank_3,1,862,Richards
bank_3,1,863,Reid
bank_3,1,864,Steele
bank_3,1,865,Obrien
bank_3,1,866,Ferrell
bank_3,1,867,Briggs
bank_3,1,868,Flynn
bank_3,1,869,Higgins
bank_3,1,870,Martinez
bank_3,1,871,Holt
bank_3,1,872,Nguyen
bank_3,1,873,Davenport
bank_3,1,874,Bowers
bank_3,1,875,Knight
bank_3,1,876,Smith
bank_3,1,877,Mitchell
bank_3,1,878,Sims
bank_3,1,879,Thomas
bank_3,1,880,Lopez
bank_3,1,881,Morris
bank_3,1,882,Peterson
bank_3,1,883,Bell
bank_3,1,884,Humphrey
bank_3,1,885,Martin
bank_3,1,886,Cook
bank_3,1,887,Clark
bank_3,1,888,Rice
bank_3,1,889,Allen
bank_3,1,890,Briggs
bank_3,1,891,Jimenez
bank_3,1,892,Williams
bank_3,1,893,Nelson
bank_3,1,894,Jackson
bank_3,1,895,White
bank_3,1,896,Hernandez
bank_3,1,897,Sanford
bank_3,1,898,Ortega
bank_3,1,899,King
bank_3,1,900,Mcdonald
bank_3,1,901,Mckinney
bank_3,1,902,Edwards
bank_3,1,903,Gibbs
bank_3,1,904,Hill
bank_3,1,905,Taylor
bank_3,1,906,Conner
bank_3,1,907,Stewart
bank_3,1,908,Holmes
bank_3,1,909,Keller
bank_3,1,910,Chavez
bank_3,1,911,Jensen
bank_3,1,912,Wood
bank_3,1,913,Lewis
bank_3,1,914,Williams
bank_3,1,915,Fisher
bank_3,1,916,Santiago
bank_3,1,917,Sandoval
bank_3,1,918,Horne
bank_3,1,919,Jones
bank_3,1,920,Sheppard
bank_3,1,921,Neal
bank_3,1,922,Curry
bank_3,1,923,Johnson
bank_3,1,924,Johnson
bank_3,1,925,Norton
bank_3,1,926,Martinez
bank_3,1,927,Kelly
bank_3,1,928,Contreras
bank_3,1,929,Wright
bank_3,1,930,Lopez
bank_3,1,931,Smith
bank_3,1,932,Mccoy
bank_3,1,933,Joyce
bank_3,1,934,Murray
bank_3,1,935,Brown
bank_3,1,936,Ingram
bank_3,1,937,Garza
bank_3,1,938,Peterson
bank_3,1,939,Arnold
bank_3,1,940,Morrison
bank_3,1,941,Simmons
bank_3,1,942,Moore
bank_3,1,943,Palmer
bank_3,1,944,Clark
bank_3,1,945,Evans
bank_3,1,946,Hunt
bank_3,1,947,Singh
bank_3,1,948,Hall
bank_3,1,949,Caldwell
bank_3,1,950,Ramos
bank_3,1,951,Pena
bank_3,1,952,Harding
bank_3,1,953,Summers
bank_3,1,954,Marsh
bank_3,1,955,Fleming
bank_3,1,956,Watson
bank_3,1,957,Murphy
bank_3,1,958,Cox
bank_3,1,959,Robinson
bank_3,1,960,Davis
bank_3,1,961,Thompson
bank_3,1,962,Vang
bank_3,1,963,Hill
bank_3,1,964,Hobbs
bank_3,1,965,Clark
bank_3,1,966,Rodriguez
bank_3,1,967,Ruiz
bank_3,1,968,Wood
bank_3,1,969,Pitts
bank_3,1,970,Johnson
bank_3,1,971,Peters
bank_3,1,972,Hunter
bank_3,1,973,Johnson
bank_3,1,974,Young
bank_3,1,975,Gonzales
bank_3,1,976,Perry
bank_3,1,977,Maddox
bank_3,1,978,Conley
bank_3,1,979,Carter
bank_3,1,980,Osborn
bank_3,1,981,Mata
bank_3,1,982,Sandoval
bank_3,1,983,Stone
bank_3,1,984,Perkins
bank_3,1,985,Simpson
bank_3,1,986,Dean
bank_3,1,987,Cantu
bank_3,1,988,Woods
bank_3,1,989,Johnson
bank_3,1,990,Cox
bank_3,1,991,Gonzales
bank_3,1,992,Bruce
bank_3,1,993,Hayes
bank_3,1,994,Rodriguez
bank_3,1,995,Butler
bank_3,1,996,Valencia
bank_3,1,997,Hubbard
bank_3,1,998,Adams
bank_3,1,999,Miller
bank_3,1,1000,Reilly
bank_3,1,1001,Medina
bank_3,1,1002,Long
bank_3,1,1003,Yoder
bank_3,1,1004,Lowe
bank_3,1,1005,Calderon
bank_3,1,1006,Rodriguez
bank_3,1,1007,Aguirre
bank_3,1,1008,Roth
bank_3,1,1009,Young
bank_3,1,1010,Bell
bank_3,1,1011,Parker
bank_3,1,1012,Thompson
bank_3,1,1013,Sullivan
bank_3,1,1014,Bell
bank_3,1,1015,Cooper
bank_3,1,1016,Weaver
bank_3,1,1017,Snyder
bank_3,1,1018,Byrd
bank_3,1,1019,Smith
bank_3,1,1020,Stone
bank_3,1,1021,Johnson
bank_3,1,1022,Edwards
bank_3,1,1023,Mcfarland
bank_3,1,1024,Ramsey
bank_3,1,1025,Meyer
bank_3,1,1026,Taylor
bank_3,1,1027,Ramos
bank_3,1,1028,Chavez
bank_3,1,1029,Williams
bank_3,1,1030,Hill
bank_3,1,1031,Reynolds
bank_3,1,1032,Sloan
bank_3,1,1033,Chambers
bank_3,1,1034,James
bank_3,1,1035,Wood
bank_3,1,1036,Chase
bank_3,1,1037,Castillo
bank_3,1,1038,Cox
bank_3,1,1039,Thompson
bank_3,1,1040,Rogers
bank_3,1,1041,Mckinney
bank_3,1,1042,Mayo
bank_3,1,1043,Villanueva
bank_3,1,1044,Allen
bank_3,1,1045,Mccarty
bank_3,1,1046,Guerrero
bank_3,1,1047,Garcia
bank_3,1,1048,Howell
bank_3,1,1049,Butler
bank_3,1,1050,Thomas
bank_3,1,1051,Garza
bank_3,1,1052,Lopez
bank_3,1,1053,Dunlap
bank_3,1,1054,Martinez
bank_3,1,1055,Singleton
bank_3,1,1056,Mcdonald
bank_3,1,1057,Porter
bank_3,1,1058,Doyle
bank_3,1,1059,Kelly
bank_3,1,1060,Jarvis
bank_3,1,1061,Kim
bank_3,1,1062,Ward
bank_3,1,1063,Key
bank_3,1,1064,Barry
bank_3,1,1065,Li
bank_3,1,1066,Mclean
bank_3,1,1067,Mitchell
bank_3,1,1068,Pope
bank_3,1,1069,Walker
bank_3,1,1070,Ruiz
bank_3,1,1071,Doyle
bank_3,1,1072,Mcdaniel
bank_3,1,1073,Lewis
bank_3,1,1074,Wilkerson
bank_3,1,1075,Stewart
bank_3,1,1076,Peterson
bank_3,1,1077,Gaines
bank_3,1,1078,Vargas
bank_3,1,1079,Mckenzie
bank_3,1,1080,Ford
bank_3,1,1081,Horton
bank_3,1,1082,Evans
bank_3,1,1083,Garcia
bank_3,1,1084,Prince
bank_3,1,1085,Simpson
bank_3,1,1086,Sherman
bank_3,1,1087,Taylor
bank_3,1,1088,Williams
bank_3,1,1089,Everett
bank_3,1,1090,Liu
bank_3,1,1091,Oconnor
bank_3,1,1092,Campbell
bank_3,1,1093,Martin
bank_3,1,1094,Miller
bank_3,1,1095,Woods
bank_3,1,1096,Cardenas
bank_3,1,1097,Silva
bank_3,1,1098,Campbell
bank_3,1,1099,Simmons
bank_3,1,1100,Thomas
bank_3,1,1101,Ortega
bank_3,1,1102,Lewis
bank_3,1,1103,Miller
bank_3,1,1104,Tanner
bank_3,1,1105,Lee
bank_3,1,1106,Perry
bank_3,1,1107,Henson
bank_3,1,1108,Nichols
bank_3,1,1109,Coleman
bank_3,1,1110,Nicholson
bank_3,1,1111,Evans
bank_3,1,1112,Smith
bank_3,1,1113,Avila
bank_3,1,1114,Davies
bank_3,1,1115,Oconnell
bank_3,1,1116,Young
bank_3,1,1117,James
bank_3,1,1118,Scott
bank_3,1,1119,Horne
bank_3,1,1120,Cole
bank_3,1,1121,Garrett
bank_3,1,1122,Smith
bank_3,1,1123,Lyons
bank_3,1,1124,Wu
bank_3,1,1125,Dorsey
bank_3,1,1126,Evans
bank_3,1,1127,Odom
bank_3,1,1128,Wright
bank_3,1,1129,Weeks
bank_3,1,1130,Quinn
bank_3,1,1131,Sutton
bank_3,1,1132,Garrison
bank_3,1,1133,Johnson
bank_3,1,1134,Flores
bank_3,1,1135,Simpson
bank_3,1,1136,Porter
bank_3,1,1137,Barron
bank_3,1,1138,Ortiz
bank_3,1,1139,Marshall
bank_3,1,1140,Henson
bank_3,1,1141,Williams
bank_3,1,1142,Mcgrath
bank_3,1,1143,Camacho
bank_3,1,1144,Thomas
bank_3,1,1145,Rivera
bank_3,1,1146,Mayo
bank_3,1,1147,Burns
bank_3,1,1148,Brown
bank_3,1,1149,Sandoval
bank_3,1,1150,Jackson
bank_3,1,1151,Rogers
bank_3,1,1152,Matthews
bank_3,1,1153,Cunningham
bank_3,1,1154,Thompson
bank_3,1,1155,Harris
bank_3,1,1156,Shields
bank_3,1,1157,Brady
bank_3,1,1158,Walker
bank_3,1,1159,Robinson
bank_3,1,1160,Collins
bank_3,1,1161,Johnson
bank_3,1,1162,Smith
bank_3,1,1163,Brooks
bank_3,1,1164,Fleming
bank_3,1,1165,Walker
bank_3,1,1166,Bryant
bank_3,1,1167,Thomas
bank_3,1,1168,Russell
bank_3,1,1169,Burton
bank_3,1,1170,Turner
bank_3,1,1171,Griffin
bank_3,1,1172,Carey
bank_3,1,1173,Ellis
bank_3,1,1174,Thompson
bank_3,1,1175,Gomez
bank_3,1,1176,Barajas
bank_3,1,1177,Young
bank_3,1,1178,Collins
bank_3,1,1179,Rocha
bank_3,1,1180,Rice
bank_3,1,1181,Williams
bank_3,1,1182,Williamson
bank_3,1,1183,Ortiz
bank_3,1,1184,Perez
bank_3,1,1185,Ferguson
bank_3,1,1186,Copeland
bank_3,1,1187,Carroll
bank_3,1,1188,Evans
bank_3,1,1189,Jones
bank_3,1,1190,Ramos
bank_3,1,1191,Johnson
bank_3,1,1192,White
bank_3,1,1193,Phelps
bank_3,1,1194,Campos
bank_3,1,1195,Villanueva
bank_3,1,1196,Carter
bank_3,1,1197,Stout
bank_3,1,1198,Williams
bank_3,1,1199,Martin
bank_3,1,1200,Osborne
bank_3,1,1201,Mcdonald
bank_3,1,1202,King
bank_3,1,1203,Hamilton
bank_3,1,1204,Hanson
bank_3,1,1205,Green
bank_3,1,1206,Price
bank_3,1,1207,Miller
bank_3,1,1208,Cummings
bank_3,1,1209,Anthony
bank_3,1,1210,Clayton
bank_3,1,1211,Young
bank_3,1,1212,Briggs
bank_3,1,1213,Gonzales
bank_3,1,1214,Moore
bank_3,1,1215,Anderson
bank_3,1,1216,Pena
bank_3,1,1217,Lewis
bank_3,1,1218,Burke
bank_3,1,1219,Yates
bank_3,1,1220,Flowers
bank_3,1,1221,Garcia
bank_3,1,1222,Shepherd
bank_3,1,1223,Pierce
bank_3,1,1224,Brown
bank_3,1,1225,Schroeder
bank_3,1,1226,Lawson
bank_3,1,1227,Stanley
bank_3,1,1228,Blair
bank_3,1,1229,Johnson
bank_3,1,1230,Stewart
bank_3,1,1231,Ward
bank_3,1,1232,Brown
bank_3,1,1233,Baker
bank_3,1,1234,Keith
bank_3,1,1235,Johnson
bank_3,1,1236,Walker
bank_3,1,1237,York
bank_3,1,1238,White
bank_3,1,1239,Jackson
bank_3,1,1240,Roberts
bank_3,1,1241,Lindsey
bank_3,1,1242,White
bank_3,1,1243,Burns
bank_3,1,1244,Moody
bank_3,1,1245,Mcdonald
bank_3,1,1246,Klein
bank_3,1,1247,Clark
bank_3,1,1248,Thomas
bank_3,1,1249,Gray
bank_3,1,1250,Munoz
bank_3,1,1251,Davis
bank_3,1,1252,Ramos
bank_3,1,1253,Brown
bank_3,1,1254,Liu
bank_3,1,1255,Smith
bank_3,1,1256,Wilson
bank_3,1,1257,Mason
bank_3,1,1258,Walters
bank_3,1,1259,Flores
bank_3,1,1260,Ford
bank_3,1,1261,Lucas
bank_3,1,1262,Carpenter
bank_3,1,1263,Allen
bank_3,1,1264,Martinez
bank_3,1,1265,Peters
bank_3,1,1266,Koch
bank_3,1,1267,Tran
bank_3,1,1268,Garrett
bank_3,1,1269,Klein
bank_3,1,1270,Rice
bank_3,1,1271,Smith
bank_3,1,1272,Sexton
bank_3,1,1273,Drake
bank_3,1,1274,Cherry
bank_3,1,1275,Mitchell
bank_3,1,1276,Ball
bank_3,1,1277,Dyer
bank_3,1,1278,Jordan
bank_3,1,1279,Morris
bank_3,1,1280,Sanchez
bank_3,1,1281,Jackson
bank_3,1,1282,Mclaughlin
bank_3,1,1283,Wells
bank_3,1,1284,Johnston
bank_3,1,1285,Brewer
bank_3,1,1286,Munoz
bank_3,1,1287,Ferguson
bank_3,1,1288,Adkins
bank_3,1,1289,Harrington
bank_3,1,1290,Burton
bank_3,1,1291,Fischer
bank_3,1,1292,Perez
bank_3,1,1293,Joseph
bank_3,1,1294,Jones
bank_3,1,1295,Baldwin
bank_3,1,1296,Moore
bank_3,1,1297,Bennett
bank_3,1,1298,Knight
bank_3,1,1299,Sullivan
bank_3,1,1300,Bryan
bank_3,1,1301,Bowman
bank_3,1,1302,Thomas
bank_3,1,1303,Wolfe
bank_3,1,1304,Thompson
bank_3,1,1305,Parks
bank_3,1,1306,Camacho
bank_3,1,1307,Townsend
bank_3,1,1308,Ray
bank_3,1,1309,Mccoy
bank_3,1,1310,Ho
bank_3,1,1311,Rivera
bank_3,1,1312,Clark
bank_3,1,1313,Reynolds
bank_3,1,1314,Gibson
bank_3,1,1315,Lynn
bank_3,1,1316,Lee
bank_3,1,1317,Thomas
bank_3,1,1318,Rodriguez
bank_3,1,1319,Brown
bank_3,1,1320,Lopez
bank_3,1,1321,Thompson
bank_3,1,1322,Smith
bank_3,1,1323,Parker
bank_3,1,1324,Floyd
bank_3,1,1325,Tucker
bank_3,1,1326,Ponce
bank_3,1,1327,Bennett
bank_3,1,1328,Gardner
bank_3,1,1329,Spencer
bank_3,1,1330,Cain
bank_3,1,1331,Rodriguez
bank_3,1,1332,Moore
bank_3,1,1333,Young
bank_3,1,1334,Nichols
bank_3,1,1335,Clark
bank_3,1,1336,Smith
bank_3,1,1337,Kelly
bank_3,1,1338,Michael
bank_3,1,1339,Jones
bank_3,1,1340,Aguilar
bank_3,1,1341,Dickerson
bank_3,1,1342,Hall
bank_3,1,1343,Lawson
bank_3,1,1344,Johnson
bank_3,1,1345,Castillo
bank_3,1,1346,Davis
bank_3,1,1347,Martin
bank_3,1,1348,Donovan
bank_3,1,1349,Davis
bank_3,1,1350,Taylor
bank_3,1,1351,Green
bank_3,1,1352,Moore
bank_3,1,1353,Wallace
bank_3,1,1354,Chase
bank_3,1,1355,Johnson
bank_3,1,1356,Thompson
bank_3,1,1357,Lam
bank_3,1,1358,Johnson
bank_3,1,1359,Parker
bank_3,1,1360,Lara
bank_3,1,1361,Nichols
bank_3,1,1362,Rojas
bank_3,1,1363,Miller
bank_3,1,1364,Moore
bank_3,1,1365,Anderson
bank_3,1,1366,Holloway
bank_3,1,1367,Austin
bank_3,1,1368,Jones
bank_3,1,1369,Donovan
bank_3,1,1370,Alexander
bank_3,1,1371,Mcbride
bank_3,1,1372,Saunders
bank_3,1,1373,Saunders
bank_3,1,1374,Frank
bank_3,1,1375,Flores
bank_3,1,1376,Callahan
bank_3,1,1377,White
bank_3,1,1378,Davis
bank_3,1,1379,Boyer
bank_3,1,1380,Leach
bank_3,1,1381,Miller
bank_3,1,1382,Lopez
bank_3,1,1383,Gregory
bank_3,1,1384,Curtis
bank_3,1,1385,Pratt
bank_3,1,1386,Jackson
bank_3,1,1387,Page
bank_3,1,1388,Welch
bank_3,1,1389,Moore
bank_3,1,1390,Lewis
bank_3,1,1391,Hall
bank_3,1,1392,Walter
bank_3,1,1393,Johnson
bank_3,1,1394,Mercado
bank_3,1,1395,Henry
bank_3,1,1396,Silva
bank_3,1,1397,Schultz
bank_3,1,1398,Ball
bank_3,1,1399,Shaw
bank_3,1,1400,Bradley
bank_3,1,1401,Garcia
bank_3,1,1402,Alexander
bank_3,1,1403,Lindsey
bank_3,1,1404,Fisher
bank_3,1,1405,Lara
bank_3,1,1406,Cummings
bank_3,1,1407,Johnson
bank_3,1,1408,Gross
bank_3,1,1409,Gregory
bank_3,1,1410,Gordon
bank_3,1,1411,Washington
bank_3,1,1412,Mcconnell
bank_3,1,1413,Jones
bank_3,1,1414,Zavala
bank_3,1,1415,Hunter
bank_3,1,1416,Oneal
bank_3,1,1417,Hester
bank_3,1,1418,Dodson
bank_3,1,1419,Harrington
bank_3,1,1420,Hernandez
bank_3,1,1421,Moyer
bank_3,1,1422,Stevens
bank_3,1,1423,Reyes
bank_3,1,1424,Velez
bank_3,1,1425,Walker
bank_3,1,1426,Valenzuela
bank_3,1,1427,Thomas
bank_3,1,1428,Clarke
bank_3,1,1429,James
bank_3,1,1430,Johnson
bank_3,1,1431,Wilson
bank_3,1,1432,Cohen
bank_3,1,1433,Williams
bank_3,1,1434,Velasquez
bank_3,1,1435,Collins
bank_3,1,1436,Thomas
bank_3,1,1437,Monroe
bank_3,1,1438,Cervantes
bank_3,1,1439,Jensen
bank_3,1,1440,Chandler
bank_3,1,1441,Higgins
bank_3,1,1442,Sullivan
bank_3,1,1443,Riddle
bank_3,1,1444,Mason
bank_3,1,1445,Miller
bank_3,1,1446,Lewis
bank_3,1,1447,White
bank_3,1,1448,Mills
bank_3,1,1449,Johnson
bank_3,1,1450,Gregory
bank_3,1,1451,Hill
bank_3,1,1452,Hernandez
bank_3,1,1453,Whitaker
bank_3,1,1454,Flores
bank_3,1,1455,Davis
bank_3,1,1456,Tucker
bank_3,1,1457,Martinez
bank_3,1,1458,Wyatt
bank_3,1,1459,Bell
bank_3,1,1460,Bryant
bank_3,1,1461,Harris
bank_3,1,1462,Medina
bank_3,1,1463,Quinn
bank_3,1,1464,Howard
bank_3,1,1465,Graham
bank_3,1,1466,Cox
bank_3,1,1467,Soto
bank_3,1,1468,Mckenzie
bank_3,1,1469,Rasmussen
bank_3,1,1470,Ingram
bank_3,1,1471,Burns
bank_3,1,1472,Lawson
bank_3,1,1473,Michael
bank_3,1,1474,Kemp
bank_3,1,1475,Hardy
bank_3,1,1476,Webb
bank_3,1,1477,Schmidt
bank_3,1,1478,Ball
bank_3,1,1479,Davis
bank_3,1,1480,Mcintosh
bank_3,1,1481,Smith
bank_3,1,1482,Thomas
bank_3,1,1483,Sanchez
bank_3,1,1484,Maddox
bank_3,1,1485,Daniel
bank_3,1,1486,Young
bank_3,1,1487,Ortiz
bank_3,1,1488,Patton
bank_3,1,1489,Chavez
bank_3,1,1490,Rogers
bank_3,1,1491,Lowery
bank_3,1,1492,Hawkins
bank_3,1,1493,Macdonald
bank_3,1,1494,Wiggins
bank_3,1,1495,Butler
bank_3,1,1496,Page
bank_3,1,1497,Becker
bank_3,1,1498,Williams
bank_3,1,1499,Delacruz
bank_3,1,1500,Singleton
bank_3,1,1501,Brown
bank_3,1,1502,Sampson
bank_3,1,1503,Campbell
bank_3,1,1504,Thomas
bank_3,1,1505,Bell
bank_3,1,1506,Hernandez
bank_3,1,1507,Pena
bank_3,1,1508,Santiago
bank_3,1,1509,Rice
bank_3,1,1510,Flowers
bank_3,1,1511,Wright
bank_3,1,1512,Collins
bank_3,1,1513,Carter
bank_3,1,1514,Long
bank_3,1,1515,Chang
bank_3,1,1516,Burton
bank_3,1,1517,Meza
bank_3,1,1518,Morris
bank_3,1,1519,Brooks
bank_3,1,1520,Tucker
bank_3,1,1521,Walton
bank_3,1,1522,Hubbard
bank_3,1,1523,Richardson
bank_3,1,1524,Stewart
bank_3,1,1525,Stuart
bank_3,1,1526,Hebert
bank_3,1,1527,Daniels
bank_3,1,1528,Smith
bank_3,1,1529,Freeman
bank_3,1,1530,Reynolds
bank_3,1,1531,Barber
bank_3,1,1532,Gray
bank_3,1,1533,Phillips
bank_3,1,1534,Moore
bank_3,1,1535,Park
bank_3,1,1536,White
bank_3,1,1537,Martin
bank_3,1,1538,Blair
bank_3,1,1539,French
bank_3,1,1540,Strong
bank_3,1,1541,Green
bank_3,1,1542,Anderson
bank_3,1,1543,Reed
bank_3,1,1544,Wilson
bank_3,1,1545,Hunter
bank_3,1,1546,Harper
bank_3,1,1547,Mcbride
bank_3,1,1548,Hebert
bank_3,1,1549,Salazar
bank_3,1,1550,Thompson
bank_3,1,1551,Watts
bank_3,1,1552,Young
bank_3,1,1553,Sanchez
bank_3,1,1554,Cook
bank_3,1,1555,Welch
bank_3,1,1556,Ford
bank_3,1,1557,Brown
bank_3,1,1558,Morris
bank_3,1,1559,Larson
bank_3,1,1560,Garza
bank_3,1,1561,Harrington
bank_3,1,1562,Murray
bank_3,1,1563,Brown
bank_3,1,1564,Glover
bank_3,1,1565,Watkins
bank_3,1,1566,Herrera
bank_3,1,1567,Lowery
bank_3,1,1568,Griffin
bank_3,1,1569,Allen
bank_3,1,1570,Rodriguez
bank_3,1,1571,Fuentes
bank_3,1,1572,Mercado
bank_3,1,1573,Roberts
bank_3,1,1574,Porter
bank_3,1,1575,Padilla
bank_3,1,1576,Rodriguez
bank_3,1,1577,Michael
bank_3,1,1578,Buck
bank_3,1,1579,Frost
bank_3,1,1580,Griffin
bank_3,1,1581,Jefferson
bank_3,1,1582,Grimes
bank_3,1,1583,Perkins
bank_3,1,1584,Christensen
bank_3,1,1585,Snyder
bank_3,1,1586,Nichols
bank_3,1,1587,Yates
bank_3,1,1588,Gibbs
bank_3,1,1589,Matthews
bank_3,1,1590,Walton
bank_3,1,1591,Carlson
bank_3,1,1592,Anderson
bank_3,1,1593,Hebert
bank_3,1,1594,Brown
bank_3,1,1595,Henderson
bank_3,1,1596,Rodriguez
bank_3,1,1597,Hughes
bank_3,1,1598,Mora
bank_3,1,1599,Bishop
bank_3,1,1600,Sullivan
bank_3,1,1601,Oliver
bank_3,1,1602,Escobar
bank_3,1,1603,Miller
bank_3,1,1604,Robinson
bank_3,1,1605,Villa
bank_3,1,1606,Rodriguez
bank_3,1,1607,Garrett
bank_3,1,1608,King
bank_3,1,1609,Marks
bank_3,1,1610,Mendoza
bank_3,1,1611,Pollard
bank_3,1,1612,Rodriguez
bank_3,1,1613,Diaz
bank_3,1,1614,Wilson
bank_3,1,1615,Hughes
bank_3,1,1616,Rodriguez
bank_3,1,1617,Hardy
bank_3,1,1618,Cantrell
bank_3,1,1619,Contreras
bank_3,1,1620,Bailey
bank_3,1,1621,Pineda
bank_3,1,1622,Gregory
bank_3,1,1623,Nelson
bank_3,1,1624,Lopez
bank_3,1,1625,Andersen
bank_3,1,1626,Hart
bank_3,1,1627,Marquez
bank_3,1,1628,Mack
bank_3,1,1629,Garcia
bank_3,1,1630,Gibson
bank_3,1,1631,Robinson
bank_3,1,1632,Mack
bank_3,1,1633,Carpenter
bank_3,1,1634,Davis
bank_3,1,1635,Beard
bank_3,1,1636,Johnston
bank_3,1,1637,Vang
bank_3,1,1638,Wilson
bank_3,1,1639,Riley
bank_3,1,1640,Barrett
bank_3,1,1641,White
bank_3,1,1642,Davis
bank_3,1,1643,Sherman
bank_3,1,1644,Robinson
bank_3,1,1645,Flores
bank_3,1,1646,Contreras
bank_3,1,1647,Acosta
bank_3,1,1648,Macdonald
bank_3,1,1649,Kelly
bank_3,1,1650,Lopez
bank_3,1,1651,Martin
bank_3,1,1652,Thompson
bank_3,1,1653,Franklin
bank_3,1,1654,Davis
bank_3,1,1655,Harrington
bank_3,1,1656,Hall
bank_3,1,1657,James
bank_3,1,1658,Hernandez
bank_3,1,1659,Thompson
bank_3,1,1660,Sweeney
bank_3,1,1661,King
bank_3,1,1662,Turner
bank_3,1,1663,Hunt
bank_3,1,1664,Schmidt
bank_3,1,1665,Reed
bank_3,1,1666,Chapman
bank_3,1,1667,Daniel
bank_3,1,1668,Brown
bank_3,1,1669,Harris
bank_3,1,1670,Gordon
bank_3,1,1671,Hansen
bank_3,1,1672,Pearson
bank_3,1,1673,Carter
bank_3,1,1674,Hunter
bank_3,1,1675,Harrington
bank_3,1,1676,Lindsey
bank_3,1,1677,Brown
bank_3,1,1678,Rose
bank_3,1,1679,Hall
bank_3,1,1680,Guerrero
bank_3,1,1681,Villarreal
bank_3,1,1682,Stark
bank_3,1,1683,Adams
bank_3,1,1684,Dixon
bank_3,1,1685,Cook
bank_3,1,1686,Harris
bank_3,1,1687,Little
bank_3,1,1688,Smith
bank_3,1,1689,Bird
bank_3,1,1690,Baker
bank_3,1,1691,Russell
bank_3,1,1692,Miller
bank_3,1,1693,Smith
bank_3,1,1694,Davis
bank_3,1,1695,Garrett
bank_3,1,1696,Valenzuela
bank_3,1,1697,Thompson
bank_3,1,1698,Gonzalez
bank_3,1,1699,Wiggins
bank_3,1,1700,Wallace
bank_3,1,1701,Fuller
bank_3,1,1702,Freeman
bank_3,1,1703,Shaffer
bank_3,1,1704,Rodriguez
bank_3,1,1705,Small
bank_3,1,1706,Young
bank_3,1,1707,Nelson
bank_3,1,1708,Stewart
bank_3,1,1709,Duffy
bank_3,1,1710,Mullins
bank_3,1,1711,Molina
bank_3,1,1712,Moore
bank_3,1,1713,Benjamin
bank_3,1,1714,Phillips
bank_3,1,1715,Fox
bank_3,1,1716,Jones
bank_3,1,1717,Garrison
bank_3,1,1718,Turner
bank_3,1,1719,Williams
bank_3,1,1720,Jenkins
bank_3,1,1721,Brown
bank_3,1,1722,Smith
bank_3,1,1723,Warren
bank_3,1,1724,Meyer
bank_3,1,1725,Middleton
bank_3,1,1726,Edwards
bank_3,1,1727,Frazier
bank_3,1,1728,Sanchez
bank_3,1,1729,Carey
bank_3,1,1730,Lawson
bank_3,1,1731,Harris
bank_3,1,1732,Brown
bank_3,1,1733,Guerra
bank_3,1,1734,Rodriguez
bank_3,1,1735,Diaz
bank_3,1,1736,Turner
bank_3,1,1737,Garrett
bank_3,1,1738,Gonzalez
bank_3,1,1739,Santiago
bank_3,1,1740,Moses
bank_3,1,1741,Burton
bank_3,1,1742,Reid
bank_3,1,1743,Owens
bank_3,1,1744,Randolph
bank_3,1,1745,Santana
bank_3,1,1746,Peterson
bank_3,1,1747,Fernandez
bank_3,1,1748,Murphy
bank_3,1,1749,Cross
bank_3,1,1750,Watson
bank_3,1,1751,Ellis
bank_3,1,1752,Mendez
bank_3,1,1753,Dawson
bank_3,1,1754,Mcmahon
bank_3,1,1755,Houston
bank_3,1,1756,Ford
bank_3,1,1757,Thomas
bank_3,1,1758,Martinez
bank_3,1,1759,Bradshaw
bank_3,1,1760,Franklin
bank_3,1,1761,Swanson
bank_3,1,1762,Jackson
bank_3,1,1763,Perez
bank_3,1,1764,Garcia
bank_3,1,1765,Lee
bank_3,1,1766,Todd
bank_3,1,1767,Haynes
bank_3,1,1768,Davis
bank_3,1,1769,Jackson
bank_3,1,1770,Johnson
bank_3,1,1771,Moore
bank_3,1,1772,Harrison
bank_3,1,1773,Cox
bank_3,1,1774,Castro
bank_3,1,1775,Trujillo
bank_3,1,1776,Guzman
bank_3,1,1777,Hughes
bank_3,1,1778,Rice
bank_3,1,1779,Rhodes
bank_3,1,1780,Morales
bank_3,1,1781,Bryant
bank_3,1,1782,Obrien
bank_3,1,1783,Moore
bank_3,1,1784,Hobbs
bank_3,1,1785,Matthews
bank_3,1,1786,Wilson
bank_3,1,1787,Bartlett
bank_3,1,1788,Hernandez
bank_3,1,1789,Saunders
bank_3,1,1790,Taylor
bank_3,1,1791,Barnes
bank_3,1,1792,Wilson
bank_3,1,1793,Knox
bank_3,1,1794,Thompson
bank_3,1,1795,Gross
bank_3,1,1796,Smith
bank_3,1,1797,Burke
bank_3,1,1798,Willis
bank_3,1,1799,Harris
bank_3,1,1800,Perez
bank_3,1,1801,Sellers
bank_3,1,1802,Thornton
bank_3,1,1803,Swanson
bank_3,1,1804,Gonzalez
bank_3,1,1805,Brown
bank_3,1,1806,Taylor
bank_3,1,1807,Duran
bank_3,1,1808,Austin
bank_3,1,1809,Cole
bank_3,1,1810,Ibarra
bank_3,1,1811,Jones
bank_3,1,1812,Arellano
bank_3,1,1813,Moore
bank_3,1,1814,Roberts
bank_3,1,1815,Garcia
bank_3,1,1816,Moreno
bank_3,1,1817,Sullivan
bank_3,1,1818,Montgomery
bank_3,1,1819,Schroeder
bank_3,1,1820,Olson
bank_3,1,1821,Berry
bank_3,1,1822,Smith
bank_3,1,1823,Carpenter
bank_3,1,1824,Weiss
bank_3,1,1825,Bennett
bank_3,1,1826,Gonzalez
bank_3,1,1827,Roberts
bank_3,1,1828,Bowen
bank_3,1,1829,Murphy
bank_3,1,1830,Henderson
bank_3,1,1831,Johnston
bank_3,1,1832,Rangel
bank_3,1,1833,Barr
bank_3,1,1834,Ramirez
bank_3,1,1835,Oconnor
bank_3,1,1836,Bryant
bank_3,1,1837,Wong
bank_3,1,1838,Wiley
bank_3,1,1839,Castillo
bank_3,1,1840,Hogan
bank_3,1,1841,Carter
bank_3,1,1842,Perez
bank_3,1,1843,Glass
bank_3,1,1844,Stevens
bank_3,1,1845,Perez
bank_3,1,1846,Moyer
bank_3,1,1847,Porter
bank_3,1,1848,Robertson
bank_3,1,1849,Estrada
bank_3,1,1850,Vega
bank_3,1,1851,Hardy
bank_3,1,1852,Lee
bank_3,1,1853,Ward
bank_3,1,1854,Mejia
bank_3,1,1855,Fletcher
bank_3,1,1856,Johnson
bank_3,1,1857,Martin
bank_3,1,1858,Nash
bank_3,1,1859,Kaufman
bank_3,1,1860,Obrien
bank_3,1,1861,Parker
bank_3,1,1862,Jacobson
bank_3,1,1863,Lamb
bank_3,1,1864,Chen
bank_3,1,1865,Rodriguez
bank_3,1,1866,Estrada
bank_3,1,1867,Smith
bank_3,1,1868,Johnson
bank_3,1,1869,Hernandez
bank_3,1,1870,Martinez
bank_3,1,1871,Hodges
bank_3,1,1872,King
bank_3,1,1873,Gilmore
bank_3,1,1874,Davis
bank_3,1,1875,Shah
bank_3,1,1876,Davidson
bank_3,1,1877,Tanner
bank_3,1,1878,Garcia
bank_3,1,1879,Martin
bank_3,1,1880,Diaz
bank_3,1,1881,Wilson
bank_3,1,1882,Jefferson
bank_3,1,1883,Smith
bank_3,1,1884,Nichols
bank_3,1,1885,Campbell
bank_3,1,1886,Ramsey
bank_3,1,1887,Macias
bank_3,1,1888,Guzman
bank_3,1,1889,Zhang
bank_3,1,1890,Duffy
bank_3,1,1891,Bryan
bank_3,1,1892,Ortega
bank_3,1,1893,Scott
bank_3,1,1894,Floyd
bank_3,1,1895,Love
bank_3,1,1896,White
bank_3,1,1897,Pennington
bank_3,1,1898,Wheeler
bank_3,1,1899,Garcia
bank_3,1,1900,Myers
bank_3,1,1901,Vargas
bank_3,1,1902,Chapman
bank_3,1,1903,Schmidt
bank_3,1,1904,Porter
bank_3,1,1905,Johnson
bank_3,1,1906,Anderson
bank_3,1,1907,Ward
bank_3,1,1908,Perkins
bank_3,1,1909,Landry
bank_3,1,1910,Moore
bank_3,1,1911,Tran
bank_3,1,1912,Williams
bank_3,1,1913,Berg
bank_3,1,1914,Barnes
bank_3,1,1915,Montoya
bank_3,1,1916,Cox
bank_3,1,1917,Nguyen
bank_3,1,1918,Richmond
bank_3,1,1919,Cameron
bank_3,1,1920,Jenkins
bank_3,1,1921,Yang
bank_3,1,1922,Lindsey
bank_3,1,1923,Johnson
bank_3,1,1924,Fuller
bank_3,1,1925,Knight
bank_3,1,1926,Guerrero
bank_3,1,1927,Lyons
bank_3,1,1928,Russell
bank_3,1,1929,Cooper
bank_3,1,1930,Cook
bank_3,1,1931,Martin
bank_3,1,1932,Ramirez
bank_3,1,1933,Wheeler
bank_3,1,1934,Parrish
bank_3,1,1935,Vasquez
bank_3,1,1936,Johnson
bank_3,1,1937,Riley
bank_3,1,1938,Walker
bank_3,1,1939,Madden
bank_3,1,1940,Green
bank_3,1,1941,Walker
bank_3,1,1942,Gibson
bank_3,1,1943,Christensen
bank_3,1,1944,Brown
bank_3,1,1945,Chaney
bank_3,1,1946,Mitchell
bank_3,1,1947,Johnson
bank_3,1,1948,Wyatt
bank_3,1,1949,Cruz
bank_3,1,1950,Walker
bank_3,1,1951,Campbell
bank_3,1,1952,Solis
bank_3,1,1953,Arnold
bank_3,1,1954,Dougherty
bank_3,1,1955,Ball
bank_3,1,1956,Espinoza
bank_3,1,1957,Daniel
bank_3,1,1958,Hale
bank_3,1,1959,Price
bank_3,1,1960,Ramirez
bank_3,1,1961,Morris
bank_3,1,1962,Barnes
bank_3,1,1963,Lutz
bank_3,1,1964,Liu
bank_3,1,1965,Alexander
bank_3,1,1966,Robinson
bank_3,1,1967,Flores
bank_3,1,1968,Knight
bank_3,1,1969,Mcconnell
bank_3,1,1970,Torres
bank_3,1,1971,Ferrell
bank_3,1,1972,Miller
bank_3,1,1973,Howell
bank_3,1,1974,Nguyen
bank_3,1,1975,Keller
bank_3,1,1976,Johnson
bank_3,1,1977,Long
bank_3,1,1978,Buck
bank_3,1,1979,Berry
bank_3,1,1980,Greene
bank_3,1,1981,Ferguson
bank_3,1,1982,Barnett
bank_3,1,1983,Hudson
bank_3,1,1984,Williamson
bank_3,1,1985,Morgan
bank_3,1,1986,Martinez
bank_3,1,1987,Aguilar
bank_3,1,1988,Hall
bank_3,1,1989,Sandoval
bank_3,1,1990,Mason
bank_3,1,1991,White
bank_3,1,1992,Mann
bank_3,1,1993,Moyer
bank_3,1,1994,Foster
bank_3,1,1995,Lawson
bank_3,1,1996,Crosby
bank_3,1,1997,Campbell
bank_3,1,1998,Gamble
bank_3,1,1999,Scott
