bank_id,branch_id,acct_id,state
bank_3,1,1600,NH
bank_3,1,1601,MD
bank_3,1,1602,ME
bank_3,1,1603,PA
bank_3,1,1604,NJ
bank_3,1,1605,AL
bank_3,1,1606,WY
bank_3,1,1607,CA
bank_3,1,1608,OK
bank_3,1,1609,CO
bank_3,1,1610,MI
bank_3,1,1611,CA
bank_3,1,1612,OK
bank_3,1,1613,ND
bank_3,1,1614,SD
bank_3,1,1615,MT
bank_3,1,1616,OH
bank_3,1,1617,SC
bank_3,1,1618,NE
bank_3,1,1619,CT
bank_3,1,1620,MN
bank_3,1,1621,SD
bank_3,1,1622,RI
bank_3,1,1623,OH
bank_3,1,1624,IL
bank_3,1,1625,ID
bank_3,1,1626,MO
bank_3,1,1627,SC
bank_3,1,1628,AZ
bank_3,1,1629,SD
bank_3,1,1630,RI
bank_3,1,1631,WV
bank_3,1,1632,NC
bank_3,1,1633,NH
bank_3,1,1634,NE
bank_3,1,1635,KY
bank_3,1,1636,CO
bank_3,1,1637,WI
bank_3,1,1638,DC
bank_3,1,1639,IL
bank_3,1,1640,HI
bank_3,1,1641,CO
bank_3,1,1642,SD
bank_3,1,1643,TN
bank_3,1,1644,CO
bank_3,1,1645,IA
bank_3,1,1646,AZ
bank_3,1,1647,WV
bank_3,1,1648,GA
bank_3,1,1649,UT
bank_3,1,1650,OR
bank_3,1,1651,FL
bank_3,1,1652,OH
bank_3,1,1653,HI
bank_3,1,1654,TN
bank_3,1,1655,NE
bank_3,1,1656,FL
bank_3,1,1657,NM
bank_3,1,1658,FL
bank_3,1,1659,AZ
bank_3,1,1660,GA
bank_3,1,1661,MI
bank_3,1,1662,NJ
bank_3,1,1663,SC
bank_3,1,1664,NY
bank_3,1,1665,WV
bank_3,1,1666,VT
bank_3,1,1667,MN
bank_3,1,1668,HI
bank_3,1,1669,CA
bank_3,1,1670,WI
bank_3,1,1671,WY
bank_3,1,1672,KS
bank_3,1,1673,IL
bank_3,1,1674,AR
bank_3,1,1675,CA
bank_3,1,1676,IN
bank_3,1,1677,AL
bank_3,1,1678,MS
bank_3,1,1679,TN
bank_3,1,1680,FL
bank_3,1,1681,GA
bank_3,1,1682,ID
bank_3,1,1683,DE
bank_3,1,1684,MN
bank_3,1,1685,HI
bank_3,1,1686,AR
bank_3,1,1687,AR
bank_3,1,1688,KY
bank_3,1,1689,VT
bank_3,1,1690,NV
bank_3,1,1691,SC
bank_3,1,1692,WA
bank_3,1,1693,SC
bank_3,1,1694,UT
bank_3,1,1695,AK
bank_3,1,1696,CO
bank_3,1,1697,WV
bank_3,1,1698,IA
bank_3,1,1699,ME
bank_3,1,1700,SD
bank_3,1,1701,VA
bank_3,1,1702,MN
bank_3,1,1703,AK
bank_3,1,1704,OH
bank_3,1,1705,AK
bank_3,1,1706,AR
bank_3,1,1707,CA
bank_3,1,1708,AK
bank_3,1,1709,MI
bank_3,1,1710,TX
bank_3,1,1711,TX
bank_3,1,1712,MT
bank_3,1,1713,GA
bank_3,1,1714,AK
bank_3,1,1715,CT
bank_3,1,1716,DC
bank_3,1,1717,MD
bank_3,1,1718,DC
bank_3,1,1719,ND
bank_3,1,1720,MT
bank_3,1,1721,GA
bank_3,1,1722,AZ
bank_3,1,1723,NC
bank_3,1,1724,GA
bank_3,1,1725,MD
bank_3,1,1726,OH
bank_3,1,1727,CA
bank_3,1,1728,HI
bank_3,1,1729,NC
bank_3,1,1730,MN
bank_3,1,1731,LA
bank_3,1,1732,AZ
bank_3,1,1733,TN
bank_3,1,1734,OH
bank_3,1,1735,OH
bank_3,1,1736,OR
bank_3,1,1737,HI
bank_3,1,1738,NE
bank_3,1,1739,VT
bank_3,1,1740,NH
bank_3,1,1741,ND
bank_3,1,1742,CA
bank_3,1,1743,LA
bank_3,1,1744,AZ
bank_3,1,1745,CA
bank_3,1,1746,MO
bank_3,1,1747,TN
bank_3,1,1748,MN
bank_3,1,1749,AZ
bank_3,1,1750,DC
bank_3,1,1751,RI
bank_3,1,1752,AL
bank_3,1,1753,NC
bank_3,1,1754,MA
bank_3,1,1755,NJ
bank_3,1,1756,SD
bank_3,1,1757,NY
bank_3,1,1758,AK
bank_3,1,1759,NM
bank_3,1,1760,VA
bank_3,1,1761,CT
bank_3,1,1762,VT
bank_3,1,1763,KS
bank_3,1,1764,DE
bank_3,1,1765,MI
bank_3,1,1766,MO
bank_3,1,1767,NV
bank_3,1,1768,MT
bank_3,1,1769,FL
bank_3,1,1770,MS
bank_3,1,1771,MN
bank_3,1,1772,SC
bank_3,1,1773,AZ
bank_3,1,1774,TX
bank_3,1,1775,NJ
bank_3,1,1776,AL
bank_3,1,1777,WY
bank_3,1,1778,MS
bank_3,1,1779,PA
bank_3,1,1780,OK
bank_3,1,1781,CO
bank_3,1,1782,ME
bank_3,1,1783,IL
bank_3,1,1784,RI
bank_3,1,1785,ME
bank_3,1,1786,DC
bank_3,1,1787,MT
bank_3,1,1788,MT
bank_3,1,1789,LA
bank_3,1,1790,HI
bank_3,1,1791,ID
bank_3,1,1792,WV
bank_3,1,1793,MT
bank_3,1,1794,LA
bank_3,1,1795,NM
bank_3,1,1796,HI
bank_3,1,1797,OH
bank_3,1,1798,PA
bank_3,1,1799,AL
bank_3,1,1800,OK
bank_3,1,1801,MO
bank_3,1,1802,MT
bank_3,1,1803,PA
bank_3,1,1804,AL
bank_3,1,1805,CT
bank_3,1,1806,CA
bank_3,1,1807,SD
bank_3,1,1808,FL
bank_3,1,1809,OH
bank_3,1,1810,IL
bank_3,1,1811,MS
bank_3,1,1812,DC
bank_3,1,1813,VT
bank_3,1,1814,SD
bank_3,1,1815,MI
bank_3,1,1816,PA
bank_3,1,1817,WA
bank_3,1,1818,DE
bank_3,1,1819,ID
bank_3,1,1820,NV
bank_3,1,1821,WY
bank_3,1,1822,PA
bank_3,1,1823,AL
bank_3,1,1824,CA
bank_3,1,1825,SC
bank_3,1,1826,NM
bank_3,1,1827,NM
bank_3,1,1828,MI
bank_3,1,1829,NH
bank_3,1,1830,MA
bank_3,1,1831,RI
bank_3,1,1832,SD
bank_3,1,1833,ND
bank_3,1,1834,NJ
bank_3,1,1835,ID
bank_3,1,1836,GA
bank_3,1,1837,NE
bank_3,1,1838,KY
bank_3,1,1839,FL
bank_3,1,1840,GA
bank_3,1,1841,TN
bank_3,1,1842,MS
bank_3,1,1843,DC
bank_3,1,1844,NM
bank_3,1,1845,MN
bank_3,1,1846,PA
bank_3,1,1847,RI
bank_3,1,1848,WY
bank_3,1,1849,FL
bank_3,1,1850,VT
bank_3,1,1851,MT
bank_3,1,1852,DC
bank_3,1,1853,IA
bank_3,1,1854,MN
bank_3,1,1855,RI
bank_3,1,1856,NE
bank_3,1,1857,ND
bank_3,1,1858,OH
bank_3,1,1859,SD
bank_3,1,1860,GA
bank_3,1,1861,ND
bank_3,1,1862,TX
bank_3,1,1863,MD
bank_3,1,1864,MI
bank_3,1,1865,NM
bank_3,1,1866,CA
bank_3,1,1867,LA
bank_3,1,1868,KY
bank_3,1,1869,ME
bank_3,1,1870,NC
bank_3,1,1871,VT
bank_3,1,1872,DE
bank_3,1,1873,PA
bank_3,1,1874,AR
bank_3,1,1875,ME
bank_3,1,1876,MI
bank_3,1,1877,WY
bank_3,1,1878,MO
bank_3,1,1879,NV
bank_3,1,1880,NY
bank_3,1,1881,VT
bank_3,1,1882,MA
bank_3,1,1883,MT
bank_3,1,1884,AR
bank_3,1,1885,IL
bank_3,1,1886,MI
bank_3,1,1887,VA
bank_3,1,1888,IN
bank_3,1,1889,CO
bank_3,1,1890,NE
bank_3,1,1891,DE
bank_3,1,1892,WY
bank_3,1,1893,AK
bank_3,1,1894,WI
bank_3,1,1895,WY
bank_3,1,1896,DC
bank_3,1,1897,SC
bank_3,1,1898,NV
bank_3,1,1899,GA
bank_3,1,1900,CO
bank_3,1,1901,MD
bank_3,1,1902,LA
bank_3,1,1903,OR
bank_3,1,1904,MN
bank_3,1,1905,WA
bank_3,1,1906,NV
bank_3,1,1907,MI
bank_3,1,1908,AL
bank_3,1,1909,MD
bank_3,1,1910,MI
bank_3,1,1911,CO
bank_3,1,1912,DE
bank_3,1,1913,AL
bank_3,1,1914,AL
bank_3,1,1915,MD
bank_3,1,1916,AL
bank_3,1,1917,OH
bank_3,1,1918,GA
bank_3,1,1919,NM
bank_3,1,1920,NM
bank_3,1,1921,MA
bank_3,1,1922,SC
bank_3,1,1923,SC
bank_3,1,1924,SD
bank_3,1,1925,NJ
bank_3,1,1926,HI
bank_3,1,1927,IA
bank_3,1,1928,MO
bank_3,1,1929,TN
bank_3,1,1930,MI
bank_3,1,1931,WA
bank_3,1,1932,KS
bank_3,1,1933,CA
bank_3,1,1934,MO
bank_3,1,1935,IA
bank_3,1,1936,TX
bank_3,1,1937,RI
bank_3,1,1938,NV
bank_3,1,1939,DC
bank_3,1,1940,AR
bank_3,1,1941,WV
bank_3,1,1942,WV
bank_3,1,1943,MN
bank_3,1,1944,ND
bank_3,1,1945,KY
bank_3,1,1946,MS
bank_3,1,1947,AL
bank_3,1,1948,ME
bank_3,1,1949,NM
bank_3,1,1950,AK
bank_3,1,1951,SC
bank_3,1,1952,CA
bank_3,1,1953,OR
bank_3,1,1954,MN
bank_3,1,1955,TN
bank_3,1,1956,MA
bank_3,1,1957,CT
bank_3,1,1958,MN
bank_3,1,1959,DC
bank_3,1,1960,ND
bank_3,1,1961,IN
bank_3,1,1962,OH
bank_3,1,1963,WI
bank_3,1,1964,NH
bank_3,1,1965,GA
bank_3,1,1966,DE
bank_3,1,1967,NC
bank_3,1,1968,IL
bank_3,1,1969,MN
bank_3,1,1970,TX
bank_3,1,1971,SD
bank_3,1,1972,TX
bank_3,1,1973,MT
bank_3,1,1974,CO
bank_3,1,1975,GA
bank_3,1,1976,SC
bank_3,1,1977,NH
bank_3,1,1978,WV
bank_3,1,1979,MA
bank_3,1,1980,NE
bank_3,1,1981,DE
bank_3,1,1982,NJ
bank_3,1,1983,AR
bank_3,1,1984,NH
bank_3,1,1985,FL
bank_3,1,1986,VT
bank_3,1,1987,LA
bank_3,1,1988,NE
bank_3,1,1989,CA
bank_3,1,1990,WA
bank_3,1,1991,GA
bank_3,1,1992,MD
bank_3,1,1993,OR
bank_3,1,1994,NV
bank_3,1,1995,MD
bank_3,1,1996,MI
bank_3,1,1997,CA
bank_3,1,1998,MD
bank_3,1,1999,KY
bank_3,1,0,TN
bank_3,1,1,PA
bank_3,1,2,WA
bank_3,1,3,ME
bank_3,1,4,OR
bank_3,1,5,MS
bank_3,1,6,OK
bank_3,1,7,NM
bank_3,1,8,DE
bank_3,1,9,AL
bank_3,1,10,NC
bank_3,1,11,MD
bank_3,1,12,HI
bank_3,1,13,UT
bank_3,1,14,CT
bank_3,1,15,NC
bank_3,1,16,AR
bank_3,1,17,NY
bank_3,1,18,KS
bank_3,1,19,NY
bank_3,1,20,ME
bank_3,1,21,NE
bank_3,1,22,AL
bank_3,1,23,IA
bank_3,1,24,OR
bank_3,1,25,NM
bank_3,1,26,ND
bank_3,1,27,OH
bank_3,1,28,NH
bank_3,1,29,IL
bank_3,1,30,AR
bank_3,1,31,KY
bank_3,1,32,MT
bank_3,1,33,AR
bank_3,1,34,KY
bank_3,1,35,RI
bank_3,1,36,NE
bank_3,1,37,KS
bank_3,1,38,HI
bank_3,1,39,NC
bank_3,1,40,NV
bank_3,1,41,WA
bank_3,1,42,NE
bank_3,1,43,IL
bank_3,1,44,MN
bank_3,1,45,UT
bank_3,1,46,CT
bank_3,1,47,WI
bank_3,1,48,ID
bank_3,1,49,CT
bank_3,1,50,SC
bank_3,1,51,GA
bank_3,1,52,MO
bank_3,1,53,MN
bank_3,1,54,AK
bank_3,1,55,OR
bank_3,1,56,AL
bank_3,1,57,NY
bank_3,1,58,ME
bank_3,1,59,MT
bank_3,1,60,ME
bank_3,1,61,PA
bank_3,1,62,LA
bank_3,1,63,LA
bank_3,1,64,MD
bank_3,1,65,MS
bank_3,1,66,NY
bank_3,1,67,FL
bank_3,1,68,WV
bank_3,1,69,AK
bank_3,1,70,GA
bank_3,1,71,DC
bank_3,1,72,ID
bank_3,1,73,WY
bank_3,1,74,RI
bank_3,1,75,KS
bank_3,1,76,UT
bank_3,1,77,UT
bank_3,1,78,MS
bank_3,1,79,ND
bank_3,1,80,MN
bank_3,1,81,RI
bank_3,1,82,NY
bank_3,1,83,CO
bank_3,1,84,HI
bank_3,1,85,WV
bank_3,1,86,OR
bank_3,1,87,NY
bank_3,1,88,WY
bank_3,1,89,ND
bank_3,1,90,TX
bank_3,1,91,LA
bank_3,1,92,NV
bank_3,1,93,FL
bank_3,1,94,MD
bank_3,1,95,ME
bank_3,1,96,WA
bank_3,1,97,AR
bank_3,1,98,VA
bank_3,1,99,KY
bank_3,1,100,IL
bank_3,1,101,LA
bank_3,1,102,WI
bank_3,1,103,WY
bank_3,1,104,NH
bank_3,1,105,NY
bank_3,1,106,NM
bank_3,1,107,ME
bank_3,1,108,SC
bank_3,1,109,DC
bank_3,1,110,VA
bank_3,1,111,WV
bank_3,1,112,MS
bank_3,1,113,AR
bank_3,1,114,VA
bank_3,1,115,ND
bank_3,1,116,TX
bank_3,1,117,CO
bank_3,1,118,WY
bank_3,1,119,WA
bank_3,1,120,TX
bank_3,1,121,MO
bank_3,1,122,TX
bank_3,1,123,UT
bank_3,1,124,AZ
bank_3,1,125,MD
bank_3,1,126,SD
bank_3,1,127,NJ
bank_3,1,128,AR
bank_3,1,129,TN
bank_3,1,130,TX
bank_3,1,131,LA
bank_3,1,132,WY
bank_3,1,133,WV
bank_3,1,134,WV
bank_3,1,135,MN
bank_3,1,136,NY
bank_3,1,137,AK
bank_3,1,138,IN
bank_3,1,139,MT
bank_3,1,140,NY
bank_3,1,141,WI
bank_3,1,142,KY
bank_3,1,143,NH
bank_3,1,144,PA
bank_3,1,145,MN
bank_3,1,146,NJ
bank_3,1,147,VT
bank_3,1,148,AR
bank_3,1,149,UT
bank_3,1,150,CA
bank_3,1,151,CT
bank_3,1,152,CA
bank_3,1,153,SC
bank_3,1,154,OK
bank_3,1,155,MA
bank_3,1,156,IL
bank_3,1,157,DC
bank_3,1,158,WY
bank_3,1,159,NC
bank_3,1,160,CT
bank_3,1,161,HI
bank_3,1,162,MI
bank_3,1,163,NE
bank_3,1,164,AZ
bank_3,1,165,TN
bank_3,1,166,IA
bank_3,1,167,CT
bank_3,1,168,MN
bank_3,1,169,FL
bank_3,1,170,CT
bank_3,1,171,RI
bank_3,1,172,MN
bank_3,1,173,DE
bank_3,1,174,TX
bank_3,1,175,AR
bank_3,1,176,RI
bank_3,1,177,AL
bank_3,1,178,LA
bank_3,1,179,NM
bank_3,1,180,AR
bank_3,1,181,VT
bank_3,1,182,IA
bank_3,1,183,VT
bank_3,1,184,DC
bank_3,1,185,WY
bank_3,1,186,CA
bank_3,1,187,WY
bank_3,1,188,TX
bank_3,1,189,AK
bank_3,1,190,FL
bank_3,1,191,MN
bank_3,1,192,VT
bank_3,1,193,OK
bank_3,1,194,OK
bank_3,1,195,IA
bank_3,1,196,UT
bank_3,1,197,DE
bank_3,1,198,MD
bank_3,1,199,DC
bank_3,1,200,KY
bank_3,1,201,NE
bank_3,1,202,AZ
bank_3,1,203,NV
bank_3,1,204,NM
bank_3,1,205,OK
bank_3,1,206,TX
bank_3,1,207,LA
bank_3,1,208,KY
bank_3,1,209,DE
bank_3,1,210,NJ
bank_3,1,211,IL
bank_3,1,212,MN
bank_3,1,213,MI
bank_3,1,214,AR
bank_3,1,215,GA
bank_3,1,216,TX
bank_3,1,217,PA
bank_3,1,218,MT
bank_3,1,219,AZ
bank_3,1,220,MT
bank_3,1,221,TX
bank_3,1,222,ME
bank_3,1,223,ID
bank_3,1,224,VT
bank_3,1,225,IA
bank_3,1,226,SD
bank_3,1,227,WA
bank_3,1,228,MS
bank_3,1,229,DC
bank_3,1,230,NJ
bank_3,1,231,NH
bank_3,1,232,OH
bank_3,1,233,DC
bank_3,1,234,NJ
bank_3,1,235,WA
bank_3,1,236,KY
bank_3,1,237,TX
bank_3,1,238,RI
bank_3,1,239,CO
bank_3,1,240,AL
bank_3,1,241,WV
bank_3,1,242,NH
bank_3,1,243,MI
bank_3,1,244,NY
bank_3,1,245,NY
bank_3,1,246,GA
bank_3,1,247,FL
bank_3,1,248,OR
bank_3,1,249,CT
bank_3,1,250,RI
bank_3,1,251,AR
bank_3,1,252,UT
bank_3,1,253,VT
bank_3,1,254,AR
bank_3,1,255,SC
bank_3,1,256,NH
bank_3,1,257,WY
bank_3,1,258,NC
bank_3,1,259,NJ
bank_3,1,260,NC
bank_3,1,261,MT
bank_3,1,262,MS
bank_3,1,263,PA
bank_3,1,264,SC
bank_3,1,265,DC
bank_3,1,266,CA
bank_3,1,267,VA
bank_3,1,268,VT
bank_3,1,269,NY
bank_3,1,270,ND
bank_3,1,271,VA
bank_3,1,272,CO
bank_3,1,273,OR
bank_3,1,274,NM
bank_3,1,275,SD
bank_3,1,276,AR
bank_3,1,277,WA
bank_3,1,278,PA
bank_3,1,279,AZ
bank_3,1,280,SC
bank_3,1,281,NC
bank_3,1,282,WI
bank_3,1,283,ID
bank_3,1,284,ND
bank_3,1,285,CO
bank_3,1,286,MS
bank_3,1,287,CA
bank_3,1,288,KS
bank_3,1,289,NM
bank_3,1,290,WA
bank_3,1,291,TN
bank_3,1,292,NC
bank_3,1,293,NY
bank_3,1,294,GA
bank_3,1,295,IA
bank_3,1,296,OK
bank_3,1,297,AK
bank_3,1,298,WI
bank_3,1,299,TN
bank_3,1,300,IN
bank_3,1,301,AL
bank_3,1,302,DC
bank_3,1,303,MN
bank_3,1,304,AL
bank_3,1,305,AZ
bank_3,1,306,MO
bank_3,1,307,ID
bank_3,1,308,MS
bank_3,1,309,NJ
bank_3,1,310,ID
bank_3,1,311,MO
bank_3,1,312,ME
bank_3,1,313,MT
bank_3,1,314,KS
bank_3,1,315,AZ
bank_3,1,316,MS
bank_3,1,317,MT
bank_3,1,318,MO
bank_3,1,319,CO
bank_3,1,320,SD
bank_3,1,321,TN
bank_3,1,322,NJ
bank_3,1,323,IN
bank_3,1,324,MA
bank_3,1,325,UT
bank_3,1,326,MA
bank_3,1,327,WY
bank_3,1,328,WA
bank_3,1,329,SD
bank_3,1,330,HI
bank_3,1,331,CT
bank_3,1,332,AZ
bank_3,1,333,MT
bank_3,1,334,OK
bank_3,1,335,MA
bank_3,1,336,DE
bank_3,1,337,KY
bank_3,1,338,CO
bank_3,1,339,NH
bank_3,1,340,NC
bank_3,1,341,MA
bank_3,1,342,DC
bank_3,1,343,KY
bank_3,1,344,NM
bank_3,1,345,IN
bank_3,1,346,AZ
bank_3,1,347,NV
bank_3,1,348,NE
bank_3,1,349,KY
bank_3,1,350,SD
bank_3,1,351,CT
bank_3,1,352,SD
bank_3,1,353,MS
bank_3,1,354,AZ
bank_3,1,355,IN
bank_3,1,356,ID
bank_3,1,357,UT
bank_3,1,358,WY
bank_3,1,359,ND
bank_3,1,360,LA
bank_3,1,361,MI
bank_3,1,362,ME
bank_3,1,363,MO
bank_3,1,364,AR
bank_3,1,365,GA
bank_3,1,366,TN
bank_3,1,367,ID
bank_3,1,368,NJ
bank_3,1,369,AL
bank_3,1,370,DE
bank_3,1,371,RI
bank_3,1,372,RI
bank_3,1,373,TN
bank_3,1,374,UT
bank_3,1,375,OK
bank_3,1,376,MO
bank_3,1,377,KS
bank_3,1,378,NJ
bank_3,1,379,ME
bank_3,1,380,MO
bank_3,1,381,AK
bank_3,1,382,OR
bank_3,1,383,TX
bank_3,1,384,AZ
bank_3,1,385,WV
bank_3,1,386,OH
bank_3,1,387,DC
bank_3,1,388,LA
bank_3,1,389,GA
bank_3,1,390,KS
bank_3,1,391,IL
bank_3,1,392,MI
bank_3,1,393,CO
bank_3,1,394,IN
bank_3,1,395,LA
bank_3,1,396,NE
bank_3,1,397,IN
bank_3,1,398,MI
bank_3,1,399,LA
bank_3,1,400,WA
bank_3,1,401,KY
bank_3,1,402,UT
bank_3,1,403,IA
bank_3,1,404,TN
bank_3,1,405,NV
bank_3,1,406,NV
bank_3,1,407,KY
bank_3,1,408,OR
bank_3,1,409,CA
bank_3,1,410,UT
bank_3,1,411,SD
bank_3,1,412,UT
bank_3,1,413,OK
bank_3,1,414,SC
bank_3,1,415,VA
bank_3,1,416,AL
bank_3,1,417,MN
bank_3,1,418,NE
bank_3,1,419,DC
bank_3,1,420,OR
bank_3,1,421,PA
bank_3,1,422,DE
bank_3,1,423,OH
bank_3,1,424,WI
bank_3,1,425,SD
bank_3,1,426,NJ
bank_3,1,427,MS
bank_3,1,428,VA
bank_3,1,429,AL
bank_3,1,430,UT
bank_3,1,431,CO
bank_3,1,432,NH
bank_3,1,433,IL
bank_3,1,434,CO
bank_3,1,435,CT
bank_3,1,436,SC
bank_3,1,437,IA
bank_3,1,438,MD
bank_3,1,439,NE
bank_3,1,440,IL
bank_3,1,441,MO
bank_3,1,442,FL
bank_3,1,443,OR
bank_3,1,444,UT
bank_3,1,445,ND
bank_3,1,446,VA
bank_3,1,447,AL
bank_3,1,448,MA
bank_3,1,449,UT
bank_3,1,450,WY
bank_3,1,451,IL
bank_3,1,452,VA
bank_3,1,453,IN
bank_3,1,454,TN
bank_3,1,455,CT
bank_3,1,456,IN
bank_3,1,457,ND
bank_3,1,458,KS
bank_3,1,459,WA
bank_3,1,460,AL
bank_3,1,461,IN
bank_3,1,462,OK
bank_3,1,463,NC
bank_3,1,464,WY
bank_3,1,465,UT
bank_3,1,466,GA
bank_3,1,467,AR
bank_3,1,468,SC
bank_3,1,469,AR
bank_3,1,470,NM
bank_3,1,471,MT
bank_3,1,472,NV
bank_3,1,473,HI
bank_3,1,474,ID
bank_3,1,475,MA
bank_3,1,476,AZ
bank_3,1,477,LA
bank_3,1,478,OK
bank_3,1,479,WI
bank_3,1,480,UT
bank_3,1,481,UT
bank_3,1,482,MD
bank_3,1,483,NH
bank_3,1,484,CA
bank_3,1,485,NM
bank_3,1,486,UT
bank_3,1,487,AL
bank_3,1,488,TN
bank_3,1,489,HI
bank_3,1,490,MD
bank_3,1,491,RI
bank_3,1,492,SC
bank_3,1,493,ND
bank_3,1,494,AR
bank_3,1,495,NC
bank_3,1,496,HI
bank_3,1,497,OH
bank_3,1,498,GA
bank_3,1,499,MA
bank_3,1,500,DC
bank_3,1,501,FL
bank_3,1,502,CA
bank_3,1,503,GA
bank_3,1,504,GA
bank_3,1,505,WI
bank_3,1,506,MI
bank_3,1,507,IN
bank_3,1,508,ME
bank_3,1,509,TN
bank_3,1,510,MD
bank_3,1,511,WV
bank_3,1,512,OR
bank_3,1,513,IN
bank_3,1,514,NM
bank_3,1,515,MD
bank_3,1,516,AR
bank_3,1,517,NM
bank_3,1,518,ID
bank_3,1,519,MD
bank_3,1,520,MS
bank_3,1,521,UT
bank_3,1,522,AZ
bank_3,1,523,MN
bank_3,1,524,AR
bank_3,1,525,LA
bank_3,1,526,IA
bank_3,1,527,UT
bank_3,1,528,NH
bank_3,1,529,KY
bank_3,1,530,NY
bank_3,1,531,OR
bank_3,1,532,NM
bank_3,1,533,PA
bank_3,1,534,VA
bank_3,1,535,AR
bank_3,1,536,RI
bank_3,1,537,NE
bank_3,1,538,PA
bank_3,1,539,OK
bank_3,1,540,NE
bank_3,1,541,MN
bank_3,1,542,DC
bank_3,1,543,LA
bank_3,1,544,LA
bank_3,1,545,KY
bank_3,1,546,CT
bank_3,1,547,CO
bank_3,1,548,TX
bank_3,1,549,PA
bank_3,1,550,WI
bank_3,1,551,OR
bank_3,1,552,TN
bank_3,1,553,NY
bank_3,1,554,OH
bank_3,1,555,IN
bank_3,1,556,ND
bank_3,1,557,MS
bank_3,1,558,MD
bank_3,1,559,DE
bank_3,1,560,AR
bank_3,1,561,MI
bank_3,1,562,MN
bank_3,1,563,NH
bank_3,1,564,VT
bank_3,1,565,NM
bank_3,1,566,WI
bank_3,1,567,KS
bank_3,1,568,KY
bank_3,1,569,MO
bank_3,1,570,TN
bank_3,1,571,GA
bank_3,1,572,MN
bank_3,1,573,UT
bank_3,1,574,AK
bank_3,1,575,WY
bank_3,1,576,KY
bank_3,1,577,IN
bank_3,1,578,VA
bank_3,1,579,NJ
bank_3,1,580,IN
bank_3,1,581,KS
bank_3,1,582,OK
bank_3,1,583,NC
bank_3,1,584,WV
bank_3,1,585,AL
bank_3,1,586,CA
bank_3,1,587,HI
bank_3,1,588,AK
bank_3,1,589,IL
bank_3,1,590,VT
bank_3,1,591,CT
bank_3,1,592,HI
bank_3,1,593,WV
bank_3,1,594,ND
bank_3,1,595,AK
bank_3,1,596,CA
bank_3,1,597,AK
bank_3,1,598,MD
bank_3,1,599,AL
bank_3,1,600,AL
bank_3,1,601,KS
bank_3,1,602,DE
bank_3,1,603,OK
bank_3,1,604,NE
bank_3,1,605,DC
bank_3,1,606,TX
bank_3,1,607,NC
bank_3,1,608,AR
bank_3,1,609,KY
bank_3,1,610,IA
bank_3,1,611,MN
bank_3,1,612,WV
bank_3,1,613,NV
bank_3,1,614,NC
bank_3,1,615,OH
bank_3,1,616,WY
bank_3,1,617,NC
bank_3,1,618,VA
bank_3,1,619,ME
bank_3,1,620,MO
bank_3,1,621,WV
bank_3,1,622,NY
bank_3,1,623,CA
bank_3,1,624,AR
bank_3,1,625,LA
bank_3,1,626,MA
bank_3,1,627,ID
bank_3,1,628,AK
bank_3,1,629,IL
bank_3,1,630,NH
bank_3,1,631,NM
bank_3,1,632,HI
bank_3,1,633,AL
bank_3,1,634,KY
bank_3,1,635,DE
bank_3,1,636,NM
bank_3,1,637,CO
bank_3,1,638,ID
bank_3,1,639,GA
bank_3,1,640,CT
bank_3,1,641,SC
bank_3,1,642,TX
bank_3,1,643,KS
bank_3,1,644,NC
bank_3,1,645,VA
bank_3,1,646,OH
bank_3,1,647,IN
bank_3,1,648,OH
bank_3,1,649,NJ
bank_3,1,650,TX
bank_3,1,651,WY
bank_3,1,652,NY
bank_3,1,653,ND
bank_3,1,654,AR
bank_3,1,655,SD
bank_3,1,656,NC
bank_3,1,657,MT
bank_3,1,658,IN
bank_3,1,659,GA
bank_3,1,660,MD
bank_3,1,661,AR
bank_3,1,662,NC
bank_3,1,663,ID
bank_3,1,664,ME
bank_3,1,665,WY
bank_3,1,666,CT
bank_3,1,667,OR
bank_3,1,668,DE
bank_3,1,669,MS
bank_3,1,670,IN
bank_3,1,671,ND
bank_3,1,672,NH
bank_3,1,673,WI
bank_3,1,674,FL
bank_3,1,675,NM
bank_3,1,676,WI
bank_3,1,677,AZ
bank_3,1,678,WV
bank_3,1,679,MT
bank_3,1,680,DE
bank_3,1,681,CO
bank_3,1,682,RI
bank_3,1,683,OK
bank_3,1,684,KS
bank_3,1,685,VT
bank_3,1,686,CO
bank_3,1,687,WV
bank_3,1,688,NC
bank_3,1,689,WY
bank_3,1,690,OK
bank_3,1,691,KY
bank_3,1,692,ME
bank_3,1,693,VA
bank_3,1,694,UT
bank_3,1,695,MT
bank_3,1,696,NV
bank_3,1,697,MN
bank_3,1,698,MT
bank_3,1,699,OK
bank_3,1,700,IN
bank_3,1,701,NJ
bank_3,1,702,IL
bank_3,1,703,OR
bank_3,1,704,KS
bank_3,1,705,OH
bank_3,1,706,CT
bank_3,1,707,ND
bank_3,1,708,PA
bank_3,1,709,IA
bank_3,1,710,NH
bank_3,1,711,WV
bank_3,1,712,DE
bank_3,1,713,CA
bank_3,1,714,FL
bank_3,1,715,NV
bank_3,1,716,MS
bank_3,1,717,AK
bank_3,1,718,AK
bank_3,1,719,GA
bank_3,1,720,NM
bank_3,1,721,NH
bank_3,1,722,NY
bank_3,1,723,KS
bank_3,1,724,NC
bank_3,1,725,KS
bank_3,1,726,MA
bank_3,1,727,FL
bank_3,1,728,WV
bank_3,1,729,VT
bank_3,1,730,FL
bank_3,1,731,MO
bank_3,1,732,SD
bank_3,1,733,AZ
bank_3,1,734,AK
bank_3,1,735,MS
bank_3,1,736,MI
bank_3,1,737,RI
bank_3,1,738,OK
bank_3,1,739,NY
bank_3,1,740,KY
bank_3,1,741,AZ
bank_3,1,742,WI
bank_3,1,743,AZ
bank_3,1,744,DE
bank_3,1,745,CT
bank_3,1,746,KY
bank_3,1,747,IL
bank_3,1,748,FL
bank_3,1,749,CO
bank_3,1,750,CA
bank_3,1,751,NC
bank_3,1,752,ME
bank_3,1,753,WI
bank_3,1,754,SC
bank_3,1,755,MS
bank_3,1,756,WI
bank_3,1,757,VA
bank_3,1,758,IL
bank_3,1,759,AL
bank_3,1,760,IL
bank_3,1,761,MS
bank_3,1,762,NH
bank_3,1,763,WY
bank_3,1,764,VT
bank_3,1,765,UT
bank_3,1,766,SC
bank_3,1,767,NJ
bank_3,1,768,MA
bank_3,1,769,CO
bank_3,1,770,NC
bank_3,1,771,CO
bank_3,1,772,MN
bank_3,1,773,RI
bank_3,1,774,TX
bank_3,1,775,MD
bank_3,1,776,AL
bank_3,1,777,IL
bank_3,1,778,CO
bank_3,1,779,WA
bank_3,1,780,SD
bank_3,1,781,TX
bank_3,1,782,MS
bank_3,1,783,AR
bank_3,1,784,MD
bank_3,1,785,MT
bank_3,1,786,VT
bank_3,1,787,WY
bank_3,1,788,GA
bank_3,1,789,NM
bank_3,1,790,AR
bank_3,1,791,SC
bank_3,1,792,AK
bank_3,1,793,NH
bank_3,1,794,KY
bank_3,1,795,WA
bank_3,1,796,MA
bank_3,1,797,CA
bank_3,1,798,VA
bank_3,1,799,MS
bank_3,1,800,TX
bank_3,1,801,AL
bank_3,1,802,MI
bank_3,1,803,MA
bank_3,1,804,AZ
bank_3,1,805,CA
bank_3,1,806,TX
bank_3,1,807,VA
bank_3,1,808,MO
bank_3,1,809,VA
bank_3,1,810,NJ
bank_3,1,811,WA
bank_3,1,812,NC
bank_3,1,813,LA
bank_3,1,814,MA
bank_3,1,815,CA
bank_3,1,816,CT
bank_3,1,817,NH
bank_3,1,818,CO
bank_3,1,819,GA
bank_3,1,820,SD
bank_3,1,821,OK
bank_3,1,822,CT
bank_3,1,823,ID
bank_3,1,824,AL
bank_3,1,825,DE
bank_3,1,826,AK
bank_3,1,827,UT
bank_3,1,828,WV
bank_3,1,829,IN
bank_3,1,830,IN
bank_3,1,831,MI
bank_3,1,832,ID
bank_3,1,833,NH
bank_3,1,834,LA
bank_3,1,835,OH
bank_3,1,836,KS
bank_3,1,837,NY
bank_3,1,838,IL
bank_3,1,839,MN
bank_3,1,840,WV
bank_3,1,841,IL
bank_3,1,842,MI
bank_3,1,843,IN
bank_3,1,844,DE
bank_3,1,845,ID
bank_3,1,846,NH
bank_3,1,847,OR
bank_3,1,848,OK
bank_3,1,849,VA
bank_3,1,850,NH
bank_3,1,851,IL
bank_3,1,852,SC
bank_3,1,853,WA
bank_3,1,854,CA
bank_3,1,855,VT
bank_3,1,856,PA
bank_3,1,857,CA
bank_3,1,858,WA
bank_3,1,859,WV
bank_3,1,860,IA
bank_3,1,861,MN
bank_3,1,862,NH
bank_3,1,863,HI
bank_3,1,864,WI
bank_3,1,865,ND
bank_3,1,866,NV
bank_3,1,867,VA
bank_3,1,868,MT
bank_3,1,869,KY
bank_3,1,870,MT
bank_3,1,871,OK
bank_3,1,872,AR
bank_3,1,873,WV
bank_3,1,874,MO
bank_3,1,875,CO
bank_3,1,876,NV
bank_3,1,877,CA
bank_3,1,878,ID
bank_3,1,879,DE
bank_3,1,880,IN
bank_3,1,881,CO
bank_3,1,882,FL
bank_3,1,883,CA
bank_3,1,884,AZ
bank_3,1,885,LA
bank_3,1,886,MO
bank_3,1,887,IN
bank_3,1,888,OH
bank_3,1,889,ND
bank_3,1,890,NV
bank_3,1,891,AR
bank_3,1,892,TN
bank_3,1,893,MN
bank_3,1,894,AL
bank_3,1,895,NY
bank_3,1,896,VA
bank_3,1,897,GA
bank_3,1,898,TN
bank_3,1,899,TN
bank_3,1,900,NH
bank_3,1,901,SC
bank_3,1,902,NC
bank_3,1,903,HI
bank_3,1,904,DE
bank_3,1,905,TX
bank_3,1,906,NH
bank_3,1,907,AL
bank_3,1,908,HI
bank_3,1,909,LA
bank_3,1,910,MO
bank_3,1,911,SD
bank_3,1,912,NJ
bank_3,1,913,VT
bank_3,1,914,HI
bank_3,1,915,NH
bank_3,1,916,CA
bank_3,1,917,MD
bank_3,1,918,ND
bank_3,1,919,OH
bank_3,1,920,MI
bank_3,1,921,OR
bank_3,1,922,UT
bank_3,1,923,SC
bank_3,1,924,UT
bank_3,1,925,DE
bank_3,1,926,NY
bank_3,1,927,MO
bank_3,1,928,PA
bank_3,1,929,MN
bank_3,1,930,NM
bank_3,1,931,IA
bank_3,1,932,WY
bank_3,1,933,DE
bank_3,1,934,AR
bank_3,1,935,AL
bank_3,1,936,WV
bank_3,1,937,MA
bank_3,1,938,ND
bank_3,1,939,MS
bank_3,1,940,AZ
bank_3,1,941,SC
bank_3,1,942,CO
bank_3,1,943,OR
bank_3,1,944,CT
bank_3,1,945,AK
bank_3,1,946,ME
bank_3,1,947,NJ
bank_3,1,948,IN
bank_3,1,949,CA
bank_3,1,950,NH
bank_3,1,951,AZ
bank_3,1,952,PA
bank_3,1,953,OH
bank_3,1,954,TX
bank_3,1,955,MO
bank_3,1,956,AK
bank_3,1,957,MD
bank_3,1,958,SD
bank_3,1,959,IL
bank_3,1,960,ID
bank_3,1,961,NY
bank_3,1,962,ID
bank_3,1,963,AR
bank_3,1,964,NE
bank_3,1,965,SD
bank_3,1,966,HI
bank_3,1,967,CT
bank_3,1,968,NH
bank_3,1,969,ID
bank_3,1,970,WI
bank_3,1,971,ND
bank_3,1,972,MN
bank_3,1,973,ME
bank_3,1,974,VA
bank_3,1,975,NV
bank_3,1,976,DE
bank_3,1,977,IN
bank_3,1,978,ME
bank_3,1,979,AK
bank_3,1,980,CO
bank_3,1,981,VT
bank_3,1,982,CA
bank_3,1,983,ND
bank_3,1,984,KY
bank_3,1,985,VT
bank_3,1,986,TX
bank_3,1,987,IN
bank_3,1,988,HI
bank_3,1,989,NV
bank_3,1,990,IA
bank_3,1,991,AR
bank_3,1,992,CA
bank_3,1,993,WA
bank_3,1,994,AZ
bank_3,1,995,OR
bank_3,1,996,VT
bank_3,1,997,NE
bank_3,1,998,MO
bank_3,1,999,ME
bank_3,1,1000,AK
bank_3,1,1001,UT
bank_3,1,1002,NH
bank_3,1,1003,ME
bank_3,1,1004,TN
bank_3,1,1005,ME
bank_3,1,1006,MT
bank_3,1,1007,PA
bank_3,1,1008,NH
bank_3,1,1009,MN
bank_3,1,1010,MI
bank_3,1,1011,MA
bank_3,1,1012,NV
bank_3,1,1013,KY
bank_3,1,1014,UT
bank_3,1,1015,MO
bank_3,1,1016,MN
bank_3,1,1017,MI
bank_3,1,1018,AK
bank_3,1,1019,VT
bank_3,1,1020,MI
bank_3,1,1021,MN
bank_3,1,1022,OR
bank_3,1,1023,MO
bank_3,1,1024,GA
bank_3,1,1025,RI
bank_3,1,1026,NY
bank_3,1,1027,WY
bank_3,1,1028,NV
bank_3,1,1029,UT
bank_3,1,1030,OK
bank_3,1,1031,ND
bank_3,1,1032,MS
bank_3,1,1033,VA
bank_3,1,1034,SD
bank_3,1,1035,NM
bank_3,1,1036,MS
bank_3,1,1037,NV
bank_3,1,1038,MI
bank_3,1,1039,MS
bank_3,1,1040,VT
bank_3,1,1041,MO
bank_3,1,1042,AZ
bank_3,1,1043,NM
bank_3,1,1044,DE
bank_3,1,1045,OK
bank_3,1,1046,IL
bank_3,1,1047,WV
bank_3,1,1048,VT
bank_3,1,1049,LA
bank_3,1,1050,SD
bank_3,1,1051,AK
bank_3,1,1052,ID
bank_3,1,1053,NV
bank_3,1,1054,HI
bank_3,1,1055,TN
bank_3,1,1056,RI
bank_3,1,1057,DE
bank_3,1,1058,OK
bank_3,1,1059,WA
bank_3,1,1060,SD
bank_3,1,1061,WI
bank_3,1,1062,LA
bank_3,1,1063,SC
bank_3,1,1064,GA
bank_3,1,1065,HI
bank_3,1,1066,OK
bank_3,1,1067,IL
bank_3,1,1068,AL
bank_3,1,1069,WV
bank_3,1,1070,WY
bank_3,1,1071,VA
bank_3,1,1072,MS
bank_3,1,1073,NH
bank_3,1,1074,MD
bank_3,1,1075,WY
bank_3,1,1076,CT
bank_3,1,1077,NV
bank_3,1,1078,OR
bank_3,1,1079,SD
bank_3,1,1080,NH
bank_3,1,1081,KY
bank_3,1,1082,UT
bank_3,1,1083,AR
bank_3,1,1084,ME
bank_3,1,1085,KS
bank_3,1,1086,MI
bank_3,1,1087,NV
bank_3,1,1088,ND
bank_3,1,1089,SD
bank_3,1,1090,NM
bank_3,1,1091,NE
bank_3,1,1092,IA
bank_3,1,1093,AL
bank_3,1,1094,WI
bank_3,1,1095,CO
bank_3,1,1096,WV
bank_3,1,1097,WY
bank_3,1,1098,LA
bank_3,1,1099,RI
bank_3,1,1100,DE
bank_3,1,1101,IA
bank_3,1,1102,AR
bank_3,1,1103,OK
bank_3,1,1104,VA
bank_3,1,1105,AZ
bank_3,1,1106,IL
bank_3,1,1107,SC
bank_3,1,1108,TX
bank_3,1,1109,KY
bank_3,1,1110,NH
bank_3,1,1111,AZ
bank_3,1,1112,ME
bank_3,1,1113,GA
bank_3,1,1114,RI
bank_3,1,1115,MT
bank_3,1,1116,SC
bank_3,1,1117,NV
bank_3,1,1118,HI
bank_3,1,1119,MO
bank_3,1,1120,ME
bank_3,1,1121,CA
bank_3,1,1122,NJ
bank_3,1,1123,CA
bank_3,1,1124,NE
bank_3,1,1125,AK
bank_3,1,1126,UT
bank_3,1,1127,FL
bank_3,1,1128,MN
bank_3,1,1129,MA
bank_3,1,1130,SD
bank_3,1,1131,WY
bank_3,1,1132,HI
bank_3,1,1133,ID
bank_3,1,1134,AK
bank_3,1,1135,SC
bank_3,1,1136,ND
bank_3,1,1137,KS
bank_3,1,1138,WY
bank_3,1,1139,MS
bank_3,1,1140,AK
bank_3,1,1141,ID
bank_3,1,1142,SC
bank_3,1,1143,GA
bank_3,1,1144,PA
bank_3,1,1145,DE
bank_3,1,1146,SC
bank_3,1,1147,PA
bank_3,1,1148,DC
bank_3,1,1149,VT
bank_3,1,1150,RI
bank_3,1,1151,GA
bank_3,1,1152,NH
bank_3,1,1153,AK
bank_3,1,1154,WV
bank_3,1,1155,MD
bank_3,1,1156,MT
bank_3,1,1157,TN
bank_3,1,1158,IN
bank_3,1,1159,OK
bank_3,1,1160,NE
bank_3,1,1161,RI
bank_3,1,1162,DC
bank_3,1,1163,IA
bank_3,1,1164,CO
bank_3,1,1165,IA
bank_3,1,1166,GA
bank_3,1,1167,TX
bank_3,1,1168,NY
bank_3,1,1169,TN
bank_3,1,1170,IL
bank_3,1,1171,AZ
bank_3,1,1172,DC
bank_3,1,1173,IA
bank_3,1,1174,HI
bank_3,1,1175,OH
bank_3,1,1176,IN
bank_3,1,1177,DE
bank_3,1,1178,NY
bank_3,1,1179,IN
bank_3,1,1180,VA
bank_3,1,1181,ND
bank_3,1,1182,MT
bank_3,1,1183,MS
bank_3,1,1184,OK
bank_3,1,1185,HI
bank_3,1,1186,NE
bank_3,1,1187,NC
bank_3,1,1188,IL
bank_3,1,1189,NH
bank_3,1,1190,PA
bank_3,1,1191,FL
bank_3,1,1192,SC
bank_3,1,1193,AZ
bank_3,1,1194,MD
bank_3,1,1195,DC
bank_3,1,1196,IA
bank_3,1,1197,CO
bank_3,1,1198,GA
bank_3,1,1199,PA
bank_3,1,1200,RI
bank_3,1,1201,LA
bank_3,1,1202,NJ
bank_3,1,1203,LA
bank_3,1,1204,MT
bank_3,1,1205,VT
bank_3,1,1206,WI
bank_3,1,1207,OR
bank_3,1,1208,MN
bank_3,1,1209,DE
bank_3,1,1210,VT
bank_3,1,1211,MS
bank_3,1,1212,NC
bank_3,1,1213,AZ
bank_3,1,1214,OH
bank_3,1,1215,NH
bank_3,1,1216,IN
bank_3,1,1217,OH
bank_3,1,1218,KS
bank_3,1,1219,DC
bank_3,1,1220,WI
bank_3,1,1221,DE
bank_3,1,1222,AL
bank_3,1,1223,OH
bank_3,1,1224,ND
bank_3,1,1225,GA
bank_3,1,1226,UT
bank_3,1,1227,HI
bank_3,1,1228,ID
bank_3,1,1229,IL
bank_3,1,1230,WI
bank_3,1,1231,ME
bank_3,1,1232,ND
bank_3,1,1233,OH
bank_3,1,1234,OH
bank_3,1,1235,OK
bank_3,1,1236,CT
bank_3,1,1237,WV
bank_3,1,1238,OR
bank_3,1,1239,KY
bank_3,1,1240,GA
bank_3,1,1241,DC
bank_3,1,1242,VT
bank_3,1,1243,FL
bank_3,1,1244,FL
bank_3,1,1245,TN
bank_3,1,1246,AZ
bank_3,1,1247,MN
bank_3,1,1248,TN
bank_3,1,1249,AL
bank_3,1,1250,KS
bank_3,1,1251,NH
bank_3,1,1252,RI
bank_3,1,1253,KY
bank_3,1,1254,IA
bank_3,1,1255,NJ
bank_3,1,1256,HI
bank_3,1,1257,UT
bank_3,1,1258,UT
bank_3,1,1259,OH
bank_3,1,1260,KY
bank_3,1,1261,PA
bank_3,1,1262,ME
bank_3,1,1263,HI
bank_3,1,1264,GA
bank_3,1,1265,MI
bank_3,1,1266,IL
bank_3,1,1267,WI
bank_3,1,1268,MS
bank_3,1,1269,RI
bank_3,1,1270,KY
bank_3,1,1271,WI
bank_3,1,1272,IA
bank_3,1,1273,WI
bank_3,1,1274,MD
bank_3,1,1275,MI
bank_3,1,1276,WV
bank_3,1,1277,NV
bank_3,1,1278,OK
bank_3,1,1279,NM
bank_3,1,1280,WV
bank_3,1,1281,NC
bank_3,1,1282,IL
bank_3,1,1283,ME
bank_3,1,1284,NJ
bank_3,1,1285,TX
bank_3,1,1286,ND
bank_3,1,1287,CA
bank_3,1,1288,MN
bank_3,1,1289,WA
bank_3,1,1290,OK
bank_3,1,1291,CA
bank_3,1,1292,OR
bank_3,1,1293,AK
bank_3,1,1294,FL
bank_3,1,1295,CT
bank_3,1,1296,VA
bank_3,1,1297,DC
bank_3,1,1298,SD
bank_3,1,1299,SD
bank_3,1,1300,KY
bank_3,1,1301,NC
bank_3,1,1302,RI
bank_3,1,1303,DC
bank_3,1,1304,CT
bank_3,1,1305,ND
bank_3,1,1306,MA
bank_3,1,1307,OK
bank_3,1,1308,MT
bank_3,1,1309,SD
bank_3,1,1310,MO
bank_3,1,1311,IN
bank_3,1,1312,AZ
bank_3,1,1313,DC
bank_3,1,1314,MN
bank_3,1,1315,CA
bank_3,1,1316,NC
bank_3,1,1317,MO
bank_3,1,1318,AL
bank_3,1,1319,SD
bank_3,1,1320,VT
bank_3,1,1321,ND
bank_3,1,1322,NE
bank_3,1,1323,WA
bank_3,1,1324,ID
bank_3,1,1325,OH
bank_3,1,1326,NE
bank_3,1,1327,MN
bank_3,1,1328,LA
bank_3,1,1329,NY
bank_3,1,1330,AK
bank_3,1,1331,ND
bank_3,1,1332,OH
bank_3,1,1333,SC
bank_3,1,1334,NM
bank_3,1,1335,SD
bank_3,1,1336,WA
bank_3,1,1337,MI
bank_3,1,1338,NH
bank_3,1,1339,NH
bank_3,1,1340,GA
bank_3,1,1341,NY
bank_3,1,1342,NJ
bank_3,1,1343,MS
bank_3,1,1344,MN
bank_3,1,1345,MN
bank_3,1,1346,MS
bank_3,1,1347,IN
bank_3,1,1348,WA
bank_3,1,1349,IA
bank_3,1,1350,SC
bank_3,1,1351,KY
bank_3,1,1352,WA
bank_3,1,1353,AK
bank_3,1,1354,WY
bank_3,1,1355,RI
bank_3,1,1356,ID
bank_3,1,1357,NJ
bank_3,1,1358,ND
bank_3,1,1359,AK
bank_3,1,1360,AR
bank_3,1,1361,MI
bank_3,1,1362,TX
bank_3,1,1363,TN
bank_3,1,1364,WY
bank_3,1,1365,MS
bank_3,1,1366,MO
bank_3,1,1367,UT
bank_3,1,1368,OR
bank_3,1,1369,AK
bank_3,1,1370,IL
bank_3,1,1371,DC
bank_3,1,1372,CT
bank_3,1,1373,NJ
bank_3,1,1374,MT
bank_3,1,1375,MA
bank_3,1,1376,MT
bank_3,1,1377,NE
bank_3,1,1378,FL
bank_3,1,1379,MI
bank_3,1,1380,OH
bank_3,1,1381,PA
bank_3,1,1382,NV
bank_3,1,1383,DC
bank_3,1,1384,VA
bank_3,1,1385,VA
bank_3,1,1386,NY
bank_3,1,1387,NE
bank_3,1,1388,KY
bank_3,1,1389,ID
bank_3,1,1390,TN
bank_3,1,1391,ME
bank_3,1,1392,AZ
bank_3,1,1393,GA
bank_3,1,1394,AR
bank_3,1,1395,TN
bank_3,1,1396,NJ
bank_3,1,1397,WA
bank_3,1,1398,ID
bank_3,1,1399,TX
bank_3,1,1400,TX
bank_3,1,1401,OH
bank_3,1,1402,WA
bank_3,1,1403,CA
bank_3,1,1404,SD
bank_3,1,1405,PA
bank_3,1,1406,AZ
bank_3,1,1407,AZ
bank_3,1,1408,NH
bank_3,1,1409,FL
bank_3,1,1410,PA
bank_3,1,1411,MN
bank_3,1,1412,MS
bank_3,1,1413,VA
bank_3,1,1414,NM
bank_3,1,1415,AR
bank_3,1,1416,NM
bank_3,1,1417,TX
bank_3,1,1418,NH
bank_3,1,1419,MI
bank_3,1,1420,IA
bank_3,1,1421,NV
bank_3,1,1422,AK
bank_3,1,1423,PA
bank_3,1,1424,MS
bank_3,1,1425,KS
bank_3,1,1426,KY
bank_3,1,1427,SC
bank_3,1,1428,NE
bank_3,1,1429,IA
bank_3,1,1430,KS
bank_3,1,1431,NH
bank_3,1,1432,DC
bank_3,1,1433,AR
bank_3,1,1434,TN
bank_3,1,1435,DE
bank_3,1,1436,NH
bank_3,1,1437,TN
bank_3,1,1438,WV
bank_3,1,1439,DE
bank_3,1,1440,AR
bank_3,1,1441,SD
bank_3,1,1442,GA
bank_3,1,1443,WV
bank_3,1,1444,WV
bank_3,1,1445,IL
bank_3,1,1446,CA
bank_3,1,1447,MA
bank_3,1,1448,OR
bank_3,1,1449,UT
bank_3,1,1450,WV
bank_3,1,1451,AK
bank_3,1,1452,MT
bank_3,1,1453,TX
bank_3,1,1454,NH
bank_3,1,1455,NM
bank_3,1,1456,HI
bank_3,1,1457,HI
bank_3,1,1458,TN
bank_3,1,1459,HI
bank_3,1,1460,IN
bank_3,1,1461,DC
bank_3,1,1462,NM
bank_3,1,1463,GA
bank_3,1,1464,CO
bank_3,1,1465,ID
bank_3,1,1466,ME
bank_3,1,1467,NV
bank_3,1,1468,TX
bank_3,1,1469,NV
bank_3,1,1470,SD
bank_3,1,1471,NC
bank_3,1,1472,AL
bank_3,1,1473,VT
bank_3,1,1474,SD
bank_3,1,1475,WA
bank_3,1,1476,NC
bank_3,1,1477,NH
bank_3,1,1478,NE
bank_3,1,1479,MA
bank_3,1,1480,MT
bank_3,1,1481,NC
bank_3,1,1482,MI
bank_3,1,1483,AZ
bank_3,1,1484,NM
bank_3,1,1485,MT
bank_3,1,1486,IA
bank_3,1,1487,NE
bank_3,1,1488,GA
bank_3,1,1489,NM
bank_3,1,1490,KY
bank_3,1,1491,MD
bank_3,1,1492,MT
bank_3,1,1493,ME
bank_3,1,1494,NV
bank_3,1,1495,IN
bank_3,1,1496,VA
bank_3,1,1497,MN
bank_3,1,1498,NJ
bank_3,1,1499,VT
bank_3,1,1500,DE
bank_3,1,1501,WI
bank_3,1,1502,OK
bank_3,1,1503,MA
bank_3,1,1504,AZ
bank_3,1,1505,ID
bank_3,1,1506,NJ
bank_3,1,1507,SD
bank_3,1,1508,CT
bank_3,1,1509,IL
bank_3,1,1510,AZ
bank_3,1,1511,MO
bank_3,1,1512,IL
bank_3,1,1513,FL
bank_3,1,1514,WA
bank_3,1,1515,AR
bank_3,1,1516,WA
bank_3,1,1517,CA
bank_3,1,1518,GA
bank_3,1,1519,OK
bank_3,1,1520,FL
bank_3,1,1521,WI
bank_3,1,1522,LA
bank_3,1,1523,MT
bank_3,1,1524,MO
bank_3,1,1525,CA
bank_3,1,1526,CT
bank_3,1,1527,PA
bank_3,1,1528,MS
bank_3,1,1529,NY
bank_3,1,1530,NJ
bank_3,1,1531,LA
bank_3,1,1532,UT
bank_3,1,1533,IL
bank_3,1,1534,MT
bank_3,1,1535,TX
bank_3,1,1536,MA
bank_3,1,1537,FL
bank_3,1,1538,FL
bank_3,1,1539,CO
bank_3,1,1540,IN
bank_3,1,1541,CT
bank_3,1,1542,WI
bank_3,1,1543,NV
bank_3,1,1544,IA
bank_3,1,1545,MD
bank_3,1,1546,ND
bank_3,1,1547,MD
bank_3,1,1548,DC
bank_3,1,1549,ID
bank_3,1,1550,MO
bank_3,1,1551,KY
bank_3,1,1552,DC
bank_3,1,1553,FL
bank_3,1,1554,VA
bank_3,1,1555,MA
bank_3,1,1556,NY
bank_3,1,1557,MN
bank_3,1,1558,OH
bank_3,1,1559,IN
bank_3,1,1560,MD
bank_3,1,1561,OR
bank_3,1,1562,NE
bank_3,1,1563,RI
bank_3,1,1564,TX
bank_3,1,1565,VT
bank_3,1,1566,NJ
bank_3,1,1567,MI
bank_3,1,1568,WI
bank_3,1,1569,OK
bank_3,1,1570,WY
bank_3,1,1571,OR
bank_3,1,1572,SC
bank_3,1,1573,SD
bank_3,1,1574,KS
bank_3,1,1575,CT
bank_3,1,1576,MO
bank_3,1,1577,NC
bank_3,1,1578,UT
bank_3,1,1579,IA
bank_3,1,1580,MS
bank_3,1,1581,NV
bank_3,1,1582,NE
bank_3,1,1583,RI
bank_3,1,1584,HI
bank_3,1,1585,IN
bank_3,1,1586,AR
bank_3,1,1587,MI
bank_3,1,1588,NE
bank_3,1,1589,MI
bank_3,1,1590,WV
bank_3,1,1591,UT
bank_3,1,1592,AR
bank_3,1,1593,AZ
bank_3,1,1594,GA
bank_3,1,1595,KS
bank_3,1,1596,NE
bank_3,1,1597,ID
bank_3,1,1598,KS
bank_3,1,1599,DC
bank_3,1,1600,DC
bank_3,1,1601,SD
bank_3,1,1602,PA
bank_3,1,1603,CA
bank_3,1,1604,OR
bank_3,1,1605,OH
bank_3,1,1606,AK
bank_3,1,1607,SD
bank_3,1,1608,VA
bank_3,1,1609,IN
bank_3,1,1610,TN
bank_3,1,1611,IN
bank_3,1,1612,WY
bank_3,1,1613,MN
bank_3,1,1614,IN
bank_3,1,1615,OH
bank_3,1,1616,CA
bank_3,1,1617,ND
bank_3,1,1618,PA
bank_3,1,1619,VA
bank_3,1,1620,FL
bank_3,1,1621,NH
bank_3,1,1622,SC
bank_3,1,1623,NJ
bank_3,1,1624,OR
bank_3,1,1625,NE
bank_3,1,1626,ND
bank_3,1,1627,AR
bank_3,1,1628,OK
bank_3,1,1629,NY
bank_3,1,1630,SC
bank_3,1,1631,KY
bank_3,1,1632,NE
bank_3,1,1633,KS
bank_3,1,1634,WI
bank_3,1,1635,DC
bank_3,1,1636,AZ
bank_3,1,1637,NV
bank_3,1,1638,WY
bank_3,1,1639,KY
bank_3,1,1640,OH
bank_3,1,1641,UT
bank_3,1,1642,IN
bank_3,1,1643,MS
bank_3,1,1644,LA
bank_3,1,1645,OK
bank_3,1,1646,SD
bank_3,1,1647,TN
bank_3,1,1648,FL
bank_3,1,1649,LA
bank_3,1,1650,NY
bank_3,1,1651,MN
bank_3,1,1652,ME
bank_3,1,1653,TN
bank_3,1,1654,IN
bank_3,1,1655,LA
bank_3,1,1656,ME
bank_3,1,1657,IL
bank_3,1,1658,IL
bank_3,1,1659,SD
bank_3,1,1660,PA
bank_3,1,1661,WY
bank_3,1,1662,AZ
bank_3,1,1663,KS
bank_3,1,1664,WA
bank_3,1,1665,GA
bank_3,1,1666,SC
bank_3,1,1667,CA
bank_3,1,1668,NE
bank_3,1,1669,MD
bank_3,1,1670,NJ
bank_3,1,1671,AK
bank_3,1,1672,MI
bank_3,1,1673,MT
bank_3,1,1674,AL
bank_3,1,1675,WV
bank_3,1,1676,KS
bank_3,1,1677,WV
bank_3,1,1678,NE
bank_3,1,1680,VT
bank_3,1,1681,WA
bank_3,1,1682,GA
bank_3,1,1683,IN
bank_3,1,1684,LA
bank_3,1,1685,WY
bank_3,1,1686,MN
bank_3,1,1687,PA
bank_3,1,1688,IN
bank_3,1,1689,RI
bank_3,1,1690,NY
bank_3,1,1691,NC
bank_3,1,1692,NV
bank_3,1,1693,NY
bank_3,1,1694,OK
bank_3,1,1695,TX
bank_3,1,1696,NH
bank_3,1,1697,NM
bank_3,1,1698,VT
bank_3,1,1699,OK
bank_3,1,1700,IA
bank_3,1,1701,NM
bank_3,1,1702,CT
bank_3,1,1703,MN
bank_3,1,1704,NM
bank_3,1,1705,NY
bank_3,1,1706,NM
bank_3,1,1707,NJ
bank_3,1,1708,MO
bank_3,1,1709,IN
bank_3,1,1710,KY
bank_3,1,1711,OR
bank_3,1,1712,IL
bank_3,1,1713,AR
bank_3,1,1714,UT
bank_3,1,1715,IL
bank_3,1,1716,FL
bank_3,1,1717,NM
bank_3,1,1718,GA
bank_3,1,1719,SD
bank_3,1,1720,NE
bank_3,1,1721,ND
bank_3,1,1722,NE
bank_3,1,1723,CO
bank_3,1,1724,CT
bank_3,1,1725,IA
bank_3,1,1726,SD
bank_3,1,1727,NV
bank_3,1,1728,OR
bank_3,1,1729,WV
bank_3,1,1730,OR
bank_3,1,1731,RI
bank_3,1,1732,MS
bank_3,1,1733,NH
bank_3,1,1734,PA
bank_3,1,1736,MN
bank_3,1,1737,IL
bank_3,1,1738,VT
bank_3,1,1739,NE
bank_3,1,1740,ND
bank_3,1,1741,MD
bank_3,1,1742,LA
bank_3,1,1743,MA
bank_3,1,1744,MI
bank_3,1,1745,OH
bank_3,1,1746,NE
bank_3,1,1747,NC
bank_3,1,1748,UT
bank_3,1,1750,WA
bank_3,1,1751,MS
bank_3,1,1752,MD
bank_3,1,1753,DC
bank_3,1,1754,IL
bank_3,1,1755,KS
bank_3,1,1756,OR
bank_3,1,1757,WI
bank_3,1,1758,MA
bank_3,1,1759,KS
bank_3,1,1760,AR
bank_3,1,1761,SD
bank_3,1,1762,NY
bank_3,1,1763,TX
bank_3,1,1764,IA
bank_3,1,1765,MD
bank_3,1,1766,AK
bank_3,1,1767,MI
bank_3,1,1768,IL
bank_3,1,1769,IL
bank_3,1,1770,AL
bank_3,1,1771,MA
bank_3,1,1772,PA
bank_3,1,1773,NE
bank_3,1,1774,OK
bank_3,1,1775,UT
bank_3,1,1776,NV
bank_3,1,1777,MO
bank_3,1,1778,MA
bank_3,1,1779,WA
bank_3,1,1780,NE
bank_3,1,1782,TN
bank_3,1,1783,SD
bank_3,1,1784,MA
bank_3,1,1785,LA
bank_3,1,1786,MI
bank_3,1,1787,KY
bank_3,1,1788,MS
bank_3,1,1789,MS
bank_3,1,1790,GA
bank_3,1,1791,HI
bank_3,1,1792,TN
bank_3,1,1793,IN
bank_3,1,1794,TX
bank_3,1,1795,ME
bank_3,1,1796,MD
bank_3,1,1797,MS
bank_3,1,1798,OH
bank_3,1,1799,FL
bank_3,1,1800,IN
bank_3,1,1801,NH
bank_3,1,1802,MI
bank_3,1,1803,WI
bank_3,1,1804,NV
bank_3,1,1805,NV
bank_3,1,1806,MA
bank_3,1,1807,ME
bank_3,1,1808,DC
bank_3,1,1809,WA
bank_3,1,1810,AL
bank_3,1,1811,VA
bank_3,1,1812,AZ
bank_3,1,1813,NV
bank_3,1,1814,IN
bank_3,1,1815,LA
bank_3,1,1816,MA
bank_3,1,1817,SD
bank_3,1,1818,HI
bank_3,1,1819,ME
bank_3,1,1820,LA
bank_3,1,1821,IA
bank_3,1,1822,IN
bank_3,1,1823,PA
bank_3,1,1824,AL
bank_3,1,1825,MD
bank_3,1,1826,SC
bank_3,1,1827,WV
bank_3,1,1828,ID
bank_3,1,1829,UT
bank_3,1,1830,AK
bank_3,1,1831,AZ
bank_3,1,1832,HI
bank_3,1,1833,OK
bank_3,1,1834,NV
bank_3,1,1835,MO
bank_3,1,1836,TX
bank_3,1,1837,OR
bank_3,1,1838,VA
bank_3,1,1839,SC
bank_3,1,1840,VA
bank_3,1,1841,NY
bank_3,1,1842,AK
bank_3,1,1843,WI
bank_3,1,1844,TX
bank_3,1,1845,UT
bank_3,1,1846,HI
bank_3,1,1847,MI
bank_3,1,1848,CO
bank_3,1,1849,OR
bank_3,1,1850,SC
bank_3,1,1851,CO
bank_3,1,1852,MT
bank_3,1,1853,MD
bank_3,1,1854,NY
bank_3,1,1855,SD
bank_3,1,1856,NC
bank_3,1,1857,LA
bank_3,1,1858,AR
bank_3,1,1859,MT
bank_3,1,1860,IA
bank_3,1,1861,ME
bank_3,1,1862,WY
bank_3,1,1863,VT
bank_3,1,1864,HI
bank_3,1,1865,MS
bank_3,1,1866,NJ
bank_3,1,1867,CO
bank_3,1,1868,SD
bank_3,1,1869,VT
bank_3,1,1870,ID
bank_3,1,1871,RI
bank_3,1,1872,TN
bank_3,1,1873,OK
bank_3,1,1874,NE
bank_3,1,1875,SC
bank_3,1,1877,HI
bank_3,1,1878,PA
bank_3,1,1880,NV
bank_3,1,1881,IL
bank_3,1,1882,AL
bank_3,1,1883,TX
bank_3,1,1884,RI
bank_3,1,1885,VT
bank_3,1,1886,VA
bank_3,1,1887,WA
bank_3,1,1888,UT
bank_3,1,1889,VT
bank_3,1,1890,KS
bank_3,1,1891,CO
bank_3,1,1892,CA
bank_3,1,1893,OH
bank_3,1,1894,LA
bank_3,1,1895,AR
bank_3,1,1896,SC
bank_3,1,1897,TX
bank_3,1,1898,NJ
bank_3,1,1899,MI
bank_3,1,1900,NE
bank_3,1,1901,FL
bank_3,1,1902,ND
bank_3,1,1903,NM
bank_3,1,1904,UT
bank_3,1,1905,NY
bank_3,1,1906,NE
bank_3,1,1907,OK
bank_3,1,1908,PA
bank_3,1,1909,VA
bank_3,1,1910,TN
bank_3,1,1911,MN
bank_3,1,1912,MD
bank_3,1,1913,MS
bank_3,1,1914,MD
bank_3,1,1915,FL
bank_3,1,1916,KS
bank_3,1,1917,MN
bank_3,1,1918,MS
bank_3,1,1919,OR
bank_3,1,1920,OR
bank_3,1,1921,WV
bank_3,1,1922,SD
bank_3,1,1923,MD
bank_3,1,1924,IL
bank_3,1,1925,SC
bank_3,1,1926,DC
bank_3,1,1927,NJ
bank_3,1,1928,TX
bank_3,1,1929,CT
bank_3,1,1930,WI
bank_3,1,1932,RI
bank_3,1,1933,TX
bank_3,1,1934,SC
bank_3,1,1935,WI
bank_3,1,1936,DE
bank_3,1,1937,MI
bank_3,1,1938,NM
bank_3,1,1939,OR
bank_3,1,1940,CO
bank_3,1,1941,GA
bank_3,1,1942,IN
bank_3,1,1943,WV
bank_3,1,1944,MN
bank_3,1,1945,PA
bank_3,1,1946,AL
bank_3,1,1947,GA
bank_3,1,1948,CT
bank_3,1,1949,UT
bank_3,1,1950,WV
bank_3,1,1951,HI
bank_3,1,1952,AR
bank_3,1,1954,NH
bank_3,1,1955,RI
bank_3,1,1956,DC
bank_3,1,1957,NE
bank_3,1,1958,NM
bank_3,1,1959,ID
bank_3,1,1960,AK
bank_3,1,1961,ME
bank_3,1,1962,NV
bank_3,1,1963,AZ
bank_3,1,1964,WI
bank_3,1,1965,LA
bank_3,1,1966,MS
bank_3,1,1967,GA
bank_3,1,1968,NE
bank_3,1,1969,AL
bank_3,1,1970,ND
bank_3,1,1971,HI
bank_3,1,1972,WV
bank_3,1,1973,SC
bank_3,1,1974,KY
bank_3,1,1975,NV
bank_3,1,1976,CA
bank_3,1,1977,RI
bank_3,1,1978,ME
bank_3,1,1979,KY
bank_3,1,1980,AK
bank_3,1,1981,IN
bank_3,1,1982,UT
bank_3,1,1983,NM
bank_3,1,1984,WA
bank_3,1,1985,WA
bank_3,1,1986,LA
bank_3,1,1987,RI
bank_3,1,1988,MN
bank_3,1,1989,NY
bank_3,1,1990,IL
bank_3,1,1991,KY
bank_3,1,1992,MN
bank_3,1,1993,CT
bank_3,1,1994,VT
bank_3,1,1995,AL
bank_3,1,1996,MO
bank_3,1,1997,MD
bank_3,1,1998,IN
bank_3,1,1999,FL
